contract_id,summary,termination_clause,confidentiality_clause,liability_clause
2ThemartComInc_19990826_10-12G_EX-10.10_6700288_EX-10.10_Co-Branding Agreement_ Agency Agreement.pdf,"This agreement outlines the partnership between i-Escrow and 2TheMart, with the purpose of creating a co-branded escrow service. The key obligations of each party include providing content for the co-branded site, adhering to trademark usage policies, and ensuring compliance with California Escrow Law. Financial terms specify that 2TheMart will receive 0.025% of the average transaction size as advertising payments, while i-Escrow retains all rights to its intellectual property. The agreement has a one-year term, renewable for successive one-year periods upon mutual written agreement. Termination can occur due to breach, change in company structure, or bankruptcy, with either party providing written notice.","8.1 TERM. The term of this Agreement shall continue for one (1) year following the Launch Date, unless earlier terminated as provided herein. This Agreement may be renewed for any number of successive one (1) year terms by mutual written agreement of the parties prior to the conclusion of the term of this Agreement. A party wishing to renew this Agreement shall give the other party notice thereof no less than thirty (30) days before the expiration of the term then in effect. In the event that either party does not give such notice, the term of this Agreement shall be automatically renewed for another one (1) year.

8.2 TERMINATION FOR BREACH. In addition to other remedies that may be available to it, by providing written notice, a party may immediately terminate this Agreement: (a) if the other party materially breaches this Agreement and fails to cure that breach within sixty (60) days after receiving written notice of the breach, or (b) as provided in Sections 2.2 [INITIAL INFORMATION TRANSFER MECHANISM DEVELOPMENT] , 2.4 [RESTRICTIONS ON COMMUNICATIONS] , or 12.4.

8.3 TERMINATION FOR CHANGE IN COMPANY STRUCTURE. If a majority of the equity securities of either 2TheMart or i-Escrow, Inc. (except that i-Escrow may sell all or a majority of its equity securities or voting interests to i-Escrow.com, and i-Escrow.com may sell all or a majority of its equity securities or voting interests to i-Escrow's existing shareholders, without triggering the foregoing) are acquired by another company during the term of this Agreement either company may terminate this Agreement, without liability, by giving a thirty (30) days written notice to the other party.

8.4 TERMINATION FOR BANKRUPTCY. Either party may terminate or suspend this Agreement effective immediately and without liability upon written notice to the other party if any one of the following events occurs: (a) the other party files a voluntary petition in bankruptcy or otherwise seeks protection under any law for the relief of debtors; (b) the other party has an involuntary petition in bankruptcy filed against it which is not dismissed within sixty (60) days after filing; or (c) the other party becomes insolvent.","9. CONFIDENTIALITY AND PROPRIETARY INFORMATION

9.1 DEFINITIONS.

For purposes of this Section 9, ""Confidential Information"" means all confidential and proprietary information disclosed by one party to the other party under this Agreement, including without limitation trade secrets, know-how, business practices, technical data, product plans, designs, specifications, source code, object code, software, documentation, user manuals, marketing materials, financial information, customer lists, supplier lists, pricing information, and any other proprietary or confidential information.

9.2 OBLIGATIONS OF RECEIVING PARTY.

The receiving party shall:

(a) use the Confidential Information solely for the purpose of performing its obligations under this Agreement;

(b) not disclose the Confidential Information to any third party without the prior written consent of the disclosing party;

(c) not use the Confidential Information for any purpose other than as permitted in Section 9.2(a);

(d) protect the Confidential Information with at least the same degree of care that it uses to protect its own confidential and proprietary information, but in no event less than reasonable care.

9.3 PROHIBITED DISCLOSURES.

The receiving party shall not disclose any Confidential Information to:

(a) any employee or agent who does not have a need-to-know;

(b) any third party without the prior written consent of the disclosing party;

(c) any government agency, regulatory body, or other authority without the prior written consent of the disclosing party.

9.4 PROHIBITED USES.

The receiving party shall not use the Confidential Information for:

(a) any purpose other than as permitted in Section 9.2(a);

(b) competing with the disclosing party;

(c) developing a similar product or service.

9.5 RETURN OF CONFIDENTIAL INFORMATION.

Upon request of the disclosing party, the receiving party shall promptly return all Confidential Information to the disclosing party.

9.6 REMEDIES.

The disclosing party may seek injunctive relief and/or monetary damages for any breach of this Section 9.

9.7 SURVIVAL.

This Section 9 shall survive termination or expiration of this Agreement.

9.8 GOVERNING LAW.

This Section 9 shall be governed by and construed in accordance with the laws of the State of [STATE].

9.9 DISPUTE RESOLUTION.

Any disputes arising out of or related to this Section 9 shall be resolved through binding arbitration in accordance with the rules of the American Arbitration Association.

9.10 NOTICES.

All notices required or permitted under this Section 9 shall be in writing and delivered personally, by certified mail, or by overnight delivery service.","7. DISCLAIMER OF WARRANTIES.

EACH PARTY PROVIDES ALL MATERIALS AND SERVICES TO THE OTHER PARTY ""AS IS."" EACH PARTY DISCLAIMS ALL WARRANTIES AND CONDITIONS, EXPRESS, IMPLIED OR STATUTORY, INCLUDING WITHOUT LIMITATION THE IMPLIED WARRANTIES OF TITLE, NON-INFRINGEMENT, MERCHANTABILITY AND FITNESS FOR A PARTICULAR PURPOSE. Each party acknowledges that it has not entered into this Agreement in reliance upon any warranty or representation except those specifically set forth herein.

8. TERM AND TERMINATION.

8.1 TERM. The term of this Agreement shall continue for one (1) year following the Launch Date, unless earlier terminated as provided herein. This Agreement may be renewed for any number of successive one (1) year terms by mutual written agreement of the parties prior to the conclusion of the term of this Agreement. A party wishing to renew this Agreement shall give the other party notice thereof no less than thirty (30) days before the expiration of the term then in effect. In the event that either party does not give such notice, the term of this Agreement shall be automatically renewed for another one (1) year.

8.2 TERMINATION FOR BREACH. In addition to other remedies that may be available to it, by providing written notice, a party may immediately terminate this Agreement: (a) if the other party materially breaches this Agreement and fails to cure that breach within sixty (60) days after receiving written notice of the breach, or (b) as provided in Sections 2.2 [INITIAL INFORMATION TRANSFER MECHANISM DEVELOPMENT] , 2.4 [RESTRICTIONS ON COMMUNICATIONS] , or 12.4.

8.3 TERMINATION FOR CHANGE IN COMPANY STRUCTURE. If a majority of the equity securities of either 2TheMart or i-Escrow, Inc. (except that i-Escrow may sell all or a majority of its equity securities or voting interests to i-Escrow.com, and i-Escrow.com may sell all or a majority of its equity securities or voting interests to i-Escrow's existing shareholders, without triggering the foregoing) are acquired by another company during the term of this Agreement either company may terminate this Agreement, without liability, by giving a thirty (30) days written notice to the other party.

8.4 TERMINATION FOR BANKRUPTCY. Either party may terminate or suspend this Agreement effective immediately and without liability upon written notice to the other party if any one of the following events occurs: (a) the other party files a voluntary petition in bankruptcy or otherwise seeks protection under any law for the relief of debtors.

9. WARRANTIES.

9.1 NO WARRANTY. EXCEPT AS EXPRESSLY PROVIDED IN THIS AGREEMENT, 2THEMART AND I-ESCROW MAKE NO REPRESENTATIONS OR WARRANTIES OF ANY KIND WHATSOEVER, EXPRESS OR IMPLIED, INCLUDING WITHOUT LIMITATION ANY WARRANTIES OF MERCHANTABILITY, FITNESS FOR A PARTICULAR PURPOSE, NONINFRINGEMENT, OR ARISING FROM COURSE OF DEALING, USAGE OF TRADE, OR OTHERWISE.

9.2 INDEMNIFICATION. 2THEMART AND I-ESCROW SHALL INDEMNIFY AND HOLD HARMLESS EACH OTHER AND THEIR RESPECTIVE OFFICERS, DIRECTORS, EMPLOYEES, AGENTS, SUPPLIERS AND AFFILIATES FROM ANY CLAIMS, DAMAGES, LOSSES, LIABILITIES, COSTS AND EXPENSES (INCLUDING REASONABLE ATTORNEYS' FEES) ARISING OUT OF OR IN CONNECTION WITH: 

(a) ANY BREACH BY THE OTHER PARTY OF THIS AGREEMENT; 
(b) ANY VIOLATION BY THE OTHER PARTY OF ANY LAW, STATUTE, ORDINANCE, REGULATION, RULE OR GOVERNMENTAL REQUIREMENT; 
(c) ANY CLAIM THAT THE SERVICES PROVIDED HEREUNDER INFRINGE UPON THE RIGHTS OF ANY THIRD PARTY; 
(d) ANY CLAIM ARISING FROM THE USE OF THE CO-BRANDED SITE AND/OR THE SERVICES BY THE OTHER PARTY; 

PROVIDED HOWEVER, THAT 2THEMART SHALL HAVE NO LIABILITY TO I-ESCROW FOR ANY CLAIMS, DAMAGES, LOSSES, LIABILITIES, COSTS AND EXPENSES (INCLUDING REASONABLE ATTORNEYS' FEES) ARISING OUT OF OR IN CONNECTION WITH THE FOLLOWING: 

(i) ANY BREACH BY 2THEMART OF THIS AGREEMENT; 
(ii) ANY VIOLATION BY 2THEMART OF ANY LAW, STATUTE, ORDINANCE, REGULATION, RULE OR GOVERNMENTAL REQUIREMENT; 
(iii) ANY CLAIM THAT THE SERVICES PROVIDED HEREUNDER INFRINGE UPON THE RIGHTS OF ANY THIRD PARTY; 

PROVIDED FURTHER HOWEVER, THAT I-ESCROW SHALL HAVE NO LIABILITY TO 2THEMART FOR ANY CLAIMS, DAMAGES, LOSSES, LIABILITIES, COSTS AND EXPENSES (INCLUDING REASONABLE ATTORNEYS' FEES) ARISING OUT OF OR IN CONNECTION WITH THE FOLLOWING: 

(i) ANY BREACH BY I-ESCROW OF THIS AGREEMENT; 
(ii) ANY VIOLATION BY I-ESCROW OF ANY LAW, STATUTE, ORDINANCE, REGULATION, RULE OR GOVERNMENTAL REQUIREMENT; 
(iii) ANY CLAIM THAT THE SERVICES PROVIDED HEREUNDER INFRINGE UPON THE RIGHTS OF ANY THIRD PARTY."
AimmuneTherapeuticsInc_20200205_8-K_EX-10.3_11967170_EX-10.3_Development Agreement.pdf,"Xencor, Inc. and Aimmune have entered into an agreement to collaborate on the development and commercialization of a product containing an antibody. The purpose of this agreement is to enable Aimmune to develop and commercialize the product in various countries, while Xencor retains rights to the antibody. Key obligations include Aimmune's responsibility for conducting Development Activities and Commercializing the product, as well as its obligation to make milestone payments to Xencor totaling $480,000. In return, Xencor grants Aimmune a license to use the antibody in the development and commercialization of the product. The agreement has a term of several years and may be terminated by either party upon certain conditions, including failure to meet milestones or breach of contract.","ARTICLE 8. TERMINATION

8.1 Termination by Either Party. This Agreement may be terminated by either Party upon written notice to the other Party in accordance with Section 13.2 if:

(a) the other Party commits a material breach of any term or condition of this Agreement and fails to cure such breach within thirty (30) days after receipt of written notice thereof specifying the breach and requiring it to be cured; or

(b) the other Party shall have committed two or more material breaches of any term or condition of this Agreement, whether or not related to each other, and in either case has failed to cure such breach(s) within thirty (30) days after receipt of written notice thereof specifying the breach(s) and requiring it to be cured.

8.2 Termination by Xencor. This Agreement may also be terminated by Xencov upon written notice to Aimmune if:

(a) Aimmune shall have failed to make any payment due under this Agreement within thirty (30) days after receipt of written notice thereof specifying the amount and requiring it to be paid; or

(b) Aimmune shall have committed a material breach of Section 3.1.

8.3 Termination by Aimmune. This Agreement may also be terminated by Aimmune upon written notice to Xencov if:

(a) Xencov shall have failed to make any payment due under this Agreement within thirty (30) days after receipt of written notice thereof specifying the amount and requiring it to be paid; or

(b) Xencov shall have committed a material breach of Section 3.2.

8.4 Termination for Insolvency. This Agreement may also be terminated by either Party upon written notice to the other Party in accordance with Section 13.2 if:

(a) the other Party shall have become insolvent or made an assignment for the benefit of its creditors; or

(b) a receiver, trustee or similar official has been appointed over all or substantially all of the assets of the other Party.

8.5 Termination upon Regulatory Approval. This Agreement may also be terminated by either Party upon written notice to the other Party in accordance with Section 13.2 if:

(a) Regulatory Approval for the Product shall have been withdrawn, revoked or suspended; or

(b) a Generic Product shall have been approved for sale in any country.

8.6 Termination upon Dissolution. This Agreement may also be terminated by either Party upon written notice to the other Party in accordance with Section 13.2 if:

(a) the other Party shall have dissolved, liquidated or otherwise ceased to exist; or

(b) a receiver, trustee or similar official has been appointed over all or substantially all of the assets of the other Party.

8.7 Termination upon Expiration. This Agreement may also be terminated by either Party upon written notice to the other Party in accordance with Section 13.2 if:

(a) this Agreement shall have expired; or

(b) a Generic Product shall have been approved for sale in any country.

8.8 Effect of Termination. Upon termination of this Agreement, all rights and obligations of the Parties hereunder shall cease, except as otherwise provided herein.",Not found,"ARTICLE 8. INDEMNIFICATION AND LIABILITY

8.1. Indemnification by Aimmune. Aimmune shall indemnify and hold harmless Xencor, its officers, directors, employees, agents, successors and assigns (collectively, the ""Xencor Indemnitees"") from and against any and all claims, damages, losses, liabilities, costs and expenses (including reasonable attorneys' fees) arising out of or related to:

(a) Aimmune's breach of this Agreement;

(b) Aimmune's negligence or willful misconduct in performing its obligations under this Agreement; or

(c) the use by Aimmune of any Know-How, Invention, Patent or other intellectual property right owned by Xencor.

8.2. Indemnification by Xencor. Xencor shall indemnify and hold harmless Aimmune, its officers, directors, employees, agents, successors and assigns (collectively, the ""Aimmune Indemnitees"") from and against any and all claims, damages, losses, liabilities, costs and expenses (including reasonable attorneys' fees) arising out of or related to:

(a) Xencor's breach of this Agreement;

(b) Xencor's negligence or willful misconduct in performing its obligations under this Agreement; or

(c) the use by Xencor of any Know-How, Invention, Patent or other intellectual property right owned by Aimmune.

8.3. Indemnification Procedure. The indemnifying Party (the ""Indemnitor"") shall promptly notify the indemnified Party (the ""Indemnitee"") in writing of any claim for which it is seeking indemnification under this Article 8, and the Indemnitor shall have the right to defend such claim at its own expense.

8.4. Limitation of Liability. IN NO EVENT SHALL EITHER PARTY BE LIABLE TO THE OTHER FOR ANY INDIRECT, SPECIAL, INCIDENTAL, CONSEQUENTIAL OR PUNITIVE DAMAGES (INCLUDING LOST PROFITS) ARISING OUT OF OR RELATED TO THIS AGREEMENT, WHETHER BASED ON CONTRACT, TORT (INCLUDING NEGLIGENCE), STRICT LIABILITY OR OTHERWISE.

8.5. Disclaimer of Warranties. EXCEPT AS EXPRESSLY PROVIDED IN THIS AGREEMENT, NEITHER PARTY MAKES ANY WARRANTY, EXPRESS OR IMPLIED, INCLUDING BUT NOT LIMITED TO WARRANTIES OF MERCHANTABILITY, FITNESS FOR A PARTICULAR PURPOSE, TITLE AND NONINFRINGEMENT.

9. GOVERNING LAW AND DISPUTE RESOLUTION

9.1. Governing Law. This Agreement shall be governed by and construed in accordance with the laws of the State of [STATE].

9.2. Dispute Resolution. Any disputes arising out of or related to this Agreement shall be resolved through binding arbitration in accordance with the rules of the American Arbitration Association.

10. ENTIRE AGREEMENT"
ArcaUsTreasuryFund_20200207_N-2_EX-99.K5_11971930_EX-99.K5_Development Agreement.pdf,"The purpose of the agreement is to establish a partnership between ARCA U.S. TREASURY FUND and ARCA CAPITAL MANAGEMENT, LLC for the provision of blockchain administration services. The parties involved are ARCA U.S. TREASURY FUND, represented by Philip Liu as President, and ARCA CAPITAL MANAGEMENT, LLC, represented by J. Rayne Steinberg as Chief Executive Officer. Key obligations include the Blockchain Administrator's duties to perform its responsibilities under the agreement, including maintaining confidentiality of all information provided by the Fund. The Fund shall pay a fee calculated at an annual rate of 0.20% of its average annual net assets, accrued daily and paid monthly in arrears. The agreement may be terminated upon 60 days' written notice by either party or by vote of the Fund's Trustees or majority of outstanding voting securities.","7. Duration and Termination of this Agreement 

(a) This Agreement shall become effective as of the first date above written. This Agreement may be terminated at any time, without the payment of any penalty, upon 60 days' written notice, by the vote of a majority of the outstanding voting securities of the Fund or by the vote of the Fund's Trustees or by the Blockchain Administrator. The provisions of Section 5 of this Agreement shall remain in full force and effect, and the Blockchain Administrator shall remain entitled to the benefits thereof, notwithstanding any termination of this Agreement. Further, notwithstanding the termination or expiration of this Agreement as aforesaid, the Blockchain Administrator shall be entitled to any amounts owed under Section 4 through the date of termination or expiration, and Section 5 shall continue in force and effect and apply to the Blockchain Administrator and its representatives as and to the extent applicable.

(b) This Agreement shall continue in effect for two years from the date hereof, and thereafter shall continue automatically for successive annual periods, provided that such continuance is specifically approved at least annually by (A) the vote of the Board, or by the vote of a majority of the outstanding voting securities of the Fund and (B) the vote of a majority of the Fund's directors who are not parties to this Agreement or ""interested persons"" (as such term is defined in Section 2(a)(19) of the Investment Fund Act) of any such party, in accordance with the requirements of the Investment Fund Act.

(c) This Agreement will automatically terminate in the event of its ""assignment"" (as such term is defined for purposes of Section 15(a) (4) of the Investment Fund Act).","3. Confidentiality 

The parties hereto agree that each shall treat confidentially the terms and conditions of this Agreement and all information provided by each party to the other regarding its business and operations. All confidential information provided by a party hereto, including nonpublic personal information (regulated pursuant to Regulation S-P), shall be used by any other party hereto solely for the purpose of rendering services pursuant to this Agreement and, except as may be required in carrying out this Agreement, shall not be disclosed to any third party, without the prior consent of such providing party. The foregoing shall not be applicable to any information that is publicly available when provided or thereafter becomes publicly available other than through a breach of this Agreement, or that is required to be disclosed by any regulatory authority, any authority or legal counsel of the parties hereto, by judicial or administrative process or otherwise by applicable law or regulation.","5. Limitation of Liability of the Blockchain Administrator  Indemnification

The Blockchain Administrator (and its officers, managers, partners, agents, employees, controlling persons, members and any other person or entity affiliated with the Blockchain Administrator) shall not be liable to the Fund for any action taken or omitted to be taken by the Blockchain Administrator in connection with the performance of any of its duties or obligations under this Agreement or otherwise as blockchain administrator of the Fund, and the Fund shall indemnify, defend and protect the Blockchain Administrator (and its officers, managers, partners, agents, employees, controlling persons, members and any other person or entity affiliated with the Blockchain Administrator) (collectively, the ""Indemnified Parties"" ) and hold them harmless from and against all damages, liabilities, costs and expenses (including reasonable attorneys' fees and amounts reasonably paid in settlement) incurred by the Indemnified Parties in or by reason of any pending, threatened or completed action, suit, investigation or other proceeding (including an action or suit by or in the right of the Fund or its security holders) arising out of or otherwise based upon the performance of any of the Blockchain Administrator's duties or obligations under this Agreement or otherwise as administrator of the Fund.

Notwithstanding the preceding sentence of this Section 5 to the contrary, nothing contained herein shall protect or be deemed to protect the Indemnified Parties against or entitle or be deemed to entitle the Indemnified Parties to indemnification in respect of, any liability to the Fund or its security holders to which the Indemnified Parties would otherwise be subject by reason of criminal conduct, willful misfeasance, bad faith or gross negligence in the performance of the Blockchain Administrator's duties or by reason of the reckless disregard of the Blockchain Administrator's duties and obligations under this Agreement."
ClickstreamCorp_20200330_1-A_EX1A-6 MAT CTRCT_12089935_EX1A-6 MAT CTRCT_Development Agreement.pdf,"InfinixSoft Global LLC, a Florida Limited Liability Company, has entered into an agreement with CLICKSTREAM CORP to provide services and deliverables. The purpose of the agreement is for InfinixSoft to develop and deliver an Application System to CLICKSTREAM, which will be free from programming errors and defects in workmanship and materials. KEY OBLIGATIONS include InfinixSoft's responsibility to perform the Services as an independent contractor, without creating a joint venture or partnership with CLICKSTREAM. FINANCIAL TERMS are not specified in the contract text provided. IMPORTANT CONDITIONS include a term of two years, during which time InfinixSoft is prohibited from soliciting services of its employees for CLICKSTREAM's benefit. Termination of the agreement requires three days' notice, after which InfinixSoft must return all Client products and property to CLICKSTREAM.","4. TERMINATION CLAUSE

(a) This Agreement may be terminated by either Party upon written notice to the other in accordance with Exhibit A. The termination of this Agreement shall not affect any accrued rights or liabilities of either Party.

(b) Upon termination, the Developer shall immediately return all Client products, samples, models, or other property and all documents, retaining no copies or notes, relating to the Client's business including, but not limited to, reports, abstracts, lists, correspondence, information, computer files, computer disks, and all other materials and all copies of such material obtained by the Developer during and in connection with its representation of the Client.

(c) Upon termination, the Client shall pay the Developer for all work performed prior to the date of termination at the rate specified in Exhibit A. The payment shall be made within thirty (30) days after the date of termination.

(d) If this Agreement is terminated by either Party due to a material breach or default by the other Party, the terminating Party may pursue all of its legal and equitable remedies.

(e) If this Agreement is terminated by either Party for any reason other than a material breach or default by the other Party, the Developer shall not be entitled to any payment or compensation from the Client.

(f) Upon termination, the Client shall have no further obligation to pay the Developer for any work performed after the date of termination.

(g) The termination of this Agreement shall not affect any accrued rights or liabilities of either Party.

(h) If this Agreement is terminated by either Party due to a material breach or default by the other Party, the terminating Party may pursue all of its legal and equitable remedies.

(i) Upon termination, the Developer shall immediately return all Client products, samples, models, or other property and all documents, retaining no copies or notes, relating to the Client's business including, but not limited to, reports, abstracts, lists, correspondence, information, computer files, computer disks, and all other materials and all copies of such material obtained by the Developer during and in connection with its representation of the Client.

(j) Upon termination, the Client shall pay the Developer for all work performed prior to the date of termination at the rate specified in Exhibit A. The payment shall be made within thirty (30) days after the date of termination.

(k) If this Agreement is terminated by either Party due to a material breach or default by the other Party, the terminating Party may pursue all of its legal and equitable remedies.

(l) Upon termination, the Client shall have no further obligation to pay the Developer for any work performed after the date of termination.

(m) The termination of this Agreement shall not affect any accrued rights or liabilities of either Party.

(n) If this Agreement is terminated by either Party due to a material breach or default by the other Party, the terminating Party may pursue all of its legal and equitable remedies.

(o) Upon termination, the Developer shall immediately return all Client products, samples, models, or other property and all documents, retaining no copies or notes, relating to the Client's business including, but not limited to, reports, abstracts, lists, correspondence, information, computer files, computer disks, and all other materials and all copies of such material obtained by the Developer during and in connection with its representation of the Client.

(p) Upon termination, the Client shall pay the Developer for all work performed prior to the date of termination at the rate specified in Exhibit A. The payment shall be made within thirty (30) days after the date of termination.

(q) If this Agreement is terminated by either Party due to a material breach or default by the other Party, the terminating Party may pursue all of its legal and equitable remedies.

(r) Upon termination, the Client shall have no further obligation to pay the Developer for any work performed after the date of termination.

(s) The termination of this Agreement shall not affect any accrued rights or liabilities of either Party.

(t) If this Agreement is terminated by either Party due to a material breach or default by the other Party, the terminating Party may pursue all of its legal and equitable remedies.

(u) Upon termination, the Developer shall immediately return all Client products, samples, models, or other property and all documents, retaining no copies or notes, relating to the Client's business including, but not limited to, reports, abstracts, lists, correspondence, information, computer files, computer disks, and all other materials and all copies of such material obtained by the Developer during and in connection with its representation of the Client.

(v) Upon termination, the Client shall pay the Developer for all work performed prior to the date of termination at the rate specified in Exhibit A. The payment shall be made within thirty (30) days after the date of termination.

(w) If this Agreement is terminated by either Party due to a material breach or default by the other Party, the terminating Party may pursue all of its legal and equitable remedies.

(x) Upon termination, the Client shall have no further obligation to pay the Developer for any work performed after the date of termination.

(y) The termination of this Agreement shall not affect any accrued rights or liabilities of either Party.

(z) If this Agreement is terminated by either Party due to a material breach or default by the other Party, the terminating Party may pursue all of its legal and equitable remedies.

(aa) Upon termination, the Developer shall immediately return all Client products, samples, models, or other property and all documents, retaining no copies or notes, relating to the Client's business including, but not limited to, reports, abstracts, lists, correspondence, information, computer files, computer disks, and all other materials and all copies of such material obtained by the Developer during and in connection with its representation of the Client.

(bb) Upon termination, the Client shall pay the Developer for all work performed prior to the date of termination at the rate specified in Exhibit A. The payment shall be made within thirty (30) days after the date of termination.

(cc) If this Agreement is terminated by either Party due to a material breach or default by the other Party, the terminating Party may pursue all of its legal and equitable remedies.

(dd) Upon termination, the Client shall have no further obligation to pay the Developer for any work performed after the date of termination.

(ee) The termination of this Agreement shall not affect any accrued rights or liabilities of either Party.

(ff) If this Agreement is terminated by either Party due to a material breach or default by the other Party, the terminating Party may pursue all of its legal and equitable remedies.

(gg) Upon termination, the Developer shall immediately return all Client products, samples, models, or other property and all documents, retaining no copies or notes, relating to the Client's business including, but not limited to, reports, abstracts, lists, correspondence, information, computer files, computer disks, and all other materials and all copies of such material obtained by the Developer during and in connection with its representation of the Client.

(hh) Upon termination, the Client shall pay the Developer for all work performed prior to the date of termination at the rate specified in Exhibit A. The payment shall be made within thirty (30) days after the date of termination.

(ii) If this Agreement is terminated by either Party due to a material breach or default by the other Party, the terminating Party may pursue all of its legal and equitable remedies.

(jj) Upon termination, the Client shall have no further obligation to pay the Developer for any work performed after the date of termination.

(kk) The termination of this Agreement shall not affect any accrued rights or liabilities of either Party.

(ll) If this Agreement is terminated by either Party due to a material breach or default by the other Party, the terminating Party may pursue all of its legal and equitable remedies.

(mm) Upon termination, the Developer shall immediately return all Client products, samples, models, or other property and all documents, retaining no copies or notes, relating to the Client's business including, but not limited to, reports, abstracts, lists, correspondence, information, computer files, computer disks, and all other materials and all copies of such material obtained by the Developer during and in connection with its representation of the Client.

(nn) Upon termination, the Client shall pay the Developer for all work performed prior to the date of termination at the rate specified in Exhibit A. The payment shall be made within thirty (30) days after the date of termination.

(oo) If this Agreement is terminated by either Party due to a material breach or default by the other Party, the terminating Party may pursue all of its legal and equitable remedies.

(pp) Upon termination, the Client shall have no further obligation to pay the Developer for any work performed after the date of termination.

(qq) The termination of this Agreement shall not affect any accrued rights or liabilities of either Party.

(rr) If this Agreement is terminated by either Party due to a material breach or default by the other Party, the terminating Party may pursue all of its legal and equitable remedies.

(ss) Upon termination, the Developer shall immediately return all Client products, samples, models, or other property and all documents, retaining no copies or notes, relating to the Client's business including, but not limited to, reports, abstracts, lists, correspondence, information, computer files, computer disks, and all other materials and all copies of such material obtained by the Developer during and in connection with its representation of the Client.

(tt) Upon termination, the Client shall pay the Developer for all work performed prior to the date of termination at the rate specified in Exhibit A. The payment shall be made within thirty (30) days after the date of termination.

(uu) If this Agreement is terminated by either Party due to a material breach or default by the other Party, the terminating Party may pursue all of its legal and equitable remedies.

(vv) Upon termination, the Client shall have no further obligation to pay the Developer for any work performed after the date of termination.

(ww) The termination of this Agreement shall not affect any accrued rights or liabilities of either Party.

(xx) If this Agreement is terminated by either Party due to a material breach or default by the other Party, the terminating Party may pursue all of its legal and equitable remedies.

(yy) Upon termination, the Developer shall immediately return all Client products, samples, models, or other property and all documents, retaining no copies or notes, relating to the Client's business including, but not limited to, reports, abstracts, lists, correspondence, information, computer files, computer disks, and all other materials and all copies of such material obtained by the Developer during and in connection with its representation of the Client.

(zz) Upon termination, the Client shall pay the Developer for all work performed prior to the date of termination at the rate specified in Exhibit A. The payment shall be made within thirty (30) days after the date of termination.

(aa) If this Agreement is terminated by either Party due to a material breach or default by the other Party, the terminating Party may pursue all of its legal and equitable remedies.

(bb) Upon termination, the Client shall have no further obligation to pay the Developer for any work performed after the date of termination.

(cc) The termination of this Agreement shall not affect any accrued rights or liabilities of either Party.

(dd) If this Agreement is terminated by either Party due to a material breach or default by the other Party, the terminating Party may pursue all of its legal and equitable remedies.

(ee) Upon termination, the Developer shall immediately return all Client products, samples, models, or other property and all documents, retaining no copies or notes, relating to the Client's business including, but not limited to, reports, abstracts, lists, correspondence, information, computer files, computer disks, and all other materials and all copies of such material obtained by the Developer during and in connection with its representation of the Client.

(ff) Upon termination, the Client shall pay the Developer for all work performed prior to the date of termination at the rate specified in Exhibit A. The payment shall be made within thirty (30) days after the date of termination.

(gg) If this Agreement is terminated by either Party due to a material breach or default by the other Party, the terminating Party may pursue all of its legal and equitable remedies.

(hh) Upon termination, the Client shall have no further obligation to pay the Developer for any work performed after the date of termination.

(ii) The termination of this Agreement shall not affect any accrued rights or liabilities of either Party.

(jj) If this Agreement is terminated by either Party due to a material breach or default by the other Party, the terminating Party may pursue all of its legal and equitable remedies.

(kk) Upon termination, the Developer shall immediately return all Client products, samples, models, or other property and all documents, retaining no copies or notes, relating to the Client's business including, but not limited to, reports, abstracts, lists, correspondence, information, computer files, computer disks, and all other materials and all copies of such material obtained by the Developer during and in connection with its representation of the Client.

(ll) Upon termination, the Client shall pay the Developer for all work performed prior to the date of termination at the rate specified in Exhibit A. The payment shall be made within thirty (30) days after the date of termination.

(mm) If this Agreement is terminated by either Party due to a material breach or default by the other Party, the terminating Party may pursue all of its legal and equitable remedies.

(nn) Upon termination, the Client shall have no further obligation to pay the Developer for any work performed after the date of termination.

(oo) The termination of this Agreement shall not affect any accrued rights or liabilities of either Party.

(pp) If this Agreement is terminated by either Party due to a material breach or default by the other Party, the terminating Party may pursue all of its legal and equitable remedies.

(qq) Upon termination, the Developer shall immediately return all Client products, samples, models, or other property and all documents, retaining no copies or notes, relating to the Client's business including, but not limited to, reports, abstracts, lists, correspondence, information, computer files, computer disks, and all other materials and all copies of such material obtained by the Developer during and in connection with its representation of the Client.

(rr) Upon termination, the Client shall pay the Developer for all work performed prior to the date of termination at the rate specified in Exhibit A. The payment shall be made within thirty (30) days after the date of termination.

(ss) If this Agreement is terminated by either Party due to a material breach or default by the other Party, the terminating Party may pursue all of its legal and equitable remedies.

(tt) Upon termination, the Client shall have no further obligation to pay the Developer for any work performed after the date of termination.

(uu) The termination of this Agreement shall not affect any accrued rights or liabilities of either Party.

(vv) If this Agreement is terminated by either Party due to a material breach or default by the other Party, the terminating Party may pursue all of its legal and equitable remedies.

(ww) Upon","6. CONFIDENTIALITY CLAUSE

CONFIDENTIAL INFORMATION AND PROPRIETARY RIGHTS

The Developer acknowledges and agrees that any information, data, software, documentation, specifications, designs, plans, reports, records, notes, diagrams, models, samples, prototypes, or other materials (collectively, ""Confidential Information"") provided to the Developer by the Client are confidential and proprietary to the Client. The Confidential Information includes, but is not limited to, all information related to the Client's business, products, services, customers, marketing strategies, financial information, trade secrets, and any other sensitive or proprietary information.

The Developer agrees that it will not disclose, use, reproduce, distribute, or otherwise make available the Confidential Information to anyone without the prior written consent of the Client. The Developer shall protect the Confidential Information with at least the same degree of care as it would protect its own confidential information, but in no event less than reasonable care.

The Developer agrees that it will not disclose any Confidential Information to any third party, including, but not limited to, employees, consultants, contractors, agents, or other representatives of the Client. The Developer shall ensure that all personnel who have access to the Confidential Information are aware of and agree to maintain its confidentiality.

The Developer acknowledges that any breach of this Section 6 may cause irreparable harm to the Client and that monetary damages alone would not be sufficient to compensate the Client for such harm. Therefore, in addition to any other remedies available at law or in equity, the Client shall have the right to seek injunctive relief to prevent any further disclosure or use of the Confidential Information.

The Developer agrees to return all Confidential Information to the Client upon request and to destroy all copies of the Confidential Information in its possession. The Developer acknowledges that it has no ownership rights in the Confidential Information and that all rights, title, and interest in and to the Confidential Information shall remain with the Client.

The Developer agrees not to disclose any information about the Client's business or operations, including but not limited to, financial information, customer lists, marketing strategies, trade secrets, and other sensitive or proprietary information. The Developer acknowledges that this obligation of confidentiality continues even after the termination of this Agreement.

The Developer shall not use the Confidential Information for any purpose other than as permitted under this Agreement. The Developer agrees not to disclose any information about the Client's business or operations to any third party, including but not limited to, employees, consultants, contractors, agents, or other representatives of the Client.

The Developer acknowledges that it has received a copy of this Section 6 and understands its obligations regarding confidentiality.","**LIABILITY / INDEMNIFICATION CLAUSE**

10. NATURE OF RELATIONSHIP.
(a) Independent Contractor Status . The Developer agrees to perform the Services hereunder solely as an independent contractor. The Parties agree that nothing in this Agreement shall be construed as creating a joint venture, partnership, franchise, agency, employer/employee, or similar relationship between the Parties, or as authorizing either Party to act as the agent of the other. The Developer is and will remain an independent contractor in its relationship to the Client. The Client shall not be responsible for withholding taxes with respect to the Developer's compensation hereunder. The Developer shall have no claim against the Client hereunder or otherwise for vacation pay, sick leave, retirement benefits, social security, worker's compensation, health or disability benefits, unemployment insurance benefits, or employee benefits of any kind.

(b) Indemnification of Client by Developer . The Client has entered into this Agreement in reliance on information provided by the Developer, including the Developer's express representation that it is an independent contractor and in compliance with all applicable laws related to work as an independent contractor. If any regulatory body or court of competent jurisdiction finds that the Developer is not an independent contractor and/or is not in compliance with applicable laws related to work as an independent contractor, based on the Developer's own actions, the Developer shall assume full responsibility and liability for all taxes, assessments, and penalties imposed against the Developer and/or the Client resulting from such contrary interpretation, including but not limited to taxes, assessments, and penalties that would have been deducted from the Developer's earnings had the Developer been on the Client's payroll and employed as an employee of the Client.

11. WORK FOR HIRE.
(a) Work for Hire . The Developer expressly acknowledges and agrees that any all proprietary materials prepared by the Developer under this Agreement shall be considered  works for hire  and the exclusive property of the Client unless otherwise specified. These items shall include, but shall not be limited to, any and all deliverables resulting from the Developer's Services or contemplated by this Agreement, all tangible results and proceeds of the Services, works in progress, records, diagrams, notes, drawings, specifications, schematics, documents, designs, improvements, inventions, discoveries, developments, trademarks,, licenses, trade secrets, customer lists, databases, software, programs, middleware, applications, and solutions conceived, made, or discovered by the Developer, solely or in collaboration with others, during the Term of this Agreement relating in any manner to the Developer's Services.

(b) Additional Action to Assign Interest . To the extent such work may not be deemed a  work for hire  under applicable law, the Developer hereby assigns to the Client all of its right, title, and interest in and to such work. The Developer shall execute and deliver to the Client any instruments of transfer and take such other action that the Client may reasonably request, including, without limitation, executing and filing, at the Client's expense, copyright applications, assignments, and other documents required for the protection of the Client's rights to such materials.

(c) Notice of Incorporation of Existing Work . If the Developer intends to integrate or incorporate any work that it previously created into any work product to be created in furtherance of its performance of the Services, the Developer must obtain the Client's prior written approval of such integration or incorporation. If the Client, in its reasonable discretion, consents, the Client is hereby granted an exclusive, worldwide, royalty-free, perpetual, irrevocable license to use, distribute, modify, publish, and otherwise exploit the incorporated items in connection with the work product developed for the Client.

12. RETURN OF PROPERTY.
Within three (3) days of the termination of this Agreement, whether by expiration or otherwise, the Developer agrees to return to the Client all Client products, samples, models, or other property and all documents, retaining no copies or notes, relating to the Client's business including, but not limited to, reports, abstracts, lists, correspondence, information, computer files, computer disks, and all other materials and all copies of such material obtained by the Developer during and in connection with its representation of the Client. All files, records, documents, blueprints, specifications, information, letters, notes, media lists, original artwork/creative, notebooks, and similar items relating to the Client's business, whether prepared by the Developer or otherwise, shall be returned to the Client.

**LIMITATION OF LIABILITY**

9. TIMING AND DELAYS.
The Developer recognizes and agrees that failure to deliver the Application in accordance with the delivery schedule detailed in Exhibit A to this Agreement will result in expense and damage to the Client. The Developer shall inform the Client immediately of any anticipated delays in the delivery schedule and of any remedial actions being taken to ensure completion of the Application System according to such schedule. If a delivery date is missed, the Client may, in its sole discretion, declare such delay a material breach of the Agreement under subsection 4(a) and pursue all of its legal and equitable remedies.

**INDEMNIFICATION**

(b) Indemnification of Client by Developer . The Client has entered into this Agreement in reliance on information provided by the Developer, including the Developer's express representation that it is an independent contractor and in compliance with all applicable laws related to work as an independent contractor. If any regulatory body or court of competent jurisdiction finds that the Developer is not an independent contractor and/or is not in compliance with applicable laws related to work as an independent contractor, based on the Developer's own actions, the Developer shall assume full responsibility and liability for all taxes, assessments, and penalties imposed against the Developer and/or the Client resulting from such contrary interpretation, including but not limited to taxes, assessments, and penalties that would have been deducted from the Developer's earnings had the Developer been on the Client's payroll and employed as an employee of the Client.

**DISCLAIMER**

8. APPLICATION REPRESENTATIONS AND WARRANTIES.
(a) Performance. The Developer hereby warrants and represents that following delivery of the Application System to the Client (which shall be deeded to occur only on the date the Web Application is uploaded to the AWS for distribution) pursuant to Exhibit A (the  Support Period ), the Application will be free from programming errors and defects in workmanship and materials, and will conform to the specifications of Exhibit A. If programming errors or other defects are discovered during the Support Period, the Developer shall promptly remedy those errors or defects at its own expense.

(b) No Disablement. The Developer hereby warrants and represents that the Application System, when delivered or accessed by the Client, will be free from material defects, and from viruses, logic locks, and other disabling devices or codes, and in particular will not contain any virus, Trojan horse, worm, drop-dead devices, trap doors, time bombs, or other software routines or other hardware component that could permit unauthorized access, disable, erase, or otherwise harm the Application System or any software, hardware, or data, cause the Application System or any software or hardware to perform any functions other than those specified in this Agreement, halt, disrupt, or degrade the operation of the Application System or any software or hardware, or perform any other such actions.

**LIABILITY**

9. TIMING AND DELAYS.
The Developer recognizes and agrees that failure to deliver the Application in accordance with the delivery schedule detailed in Exhibit A to this Agreement will result in expense and damage to the Client. The Developer shall inform the Client immediately of any anticipated delays in the delivery schedule and of any remedial actions being taken to ensure completion of the Application System according to such schedule. If a delivery date is missed, the Client may, in its sole discretion, declare such delay a material breach of the Agreement under subsection 4(a) and pursue all of its legal and equitable remedies.

**WARRANTY**

8. APPLICATION REPRESENTATIONS AND WARRANTIES.
(a) Performance. The Developer hereby warrants and represents that following delivery of the Application System to the Client (which shall be deeded to occur only on the date the Web Application is uploaded to the AWS for distribution) pursuant to Exhibit A (the  Support Period ), the Application will be free from programming errors and defects in workmanship and materials, and will conform to the specifications of Exhibit A. If programming errors or other defects are discovered during the Support Period, the Developer shall promptly remedy those errors or defects at its own expense.

(b) No Disablement. The Developer hereby warrants and represents that the Application System, when delivered or accessed by the Client, will be free from material defects, and from viruses, logic locks, and other disabling devices or codes, and in particular will not contain any virus, Trojan horse, worm, drop-dead devices, trap doors, time bombs, or other software routines or other hardware component that could permit unauthorized access, disable, erase, or otherwise harm the Application System or any software, hardware, or data, cause the Application System or any software or hardware to perform any functions other than those specified in this Agreement, halt, disrupt, or degrade the operation of the Application System or any software or hardware, or perform any other such actions."
CnsPharmaceuticalsInc_20200326_8-K_EX-10.1_12079626_EX-10.1_Development Agreement.pdf,"CNS Pharmaceuticals, Inc. has entered into an agreement with WPD to collaborate on a project. The purpose of the agreement is to ensure compliance with applicable laws and regulations while carrying out obligations under the Sublicense Agreement. CNS represents that it is duly organized and validly existing, and has full corporate power and authority to enter into this Agreement. WPD agrees to comply with the U.S. Foreign Corrupt Practices Act of 1977, as amended, and establish policies and procedures designed to ensure compliance. Key obligations include maintaining confidentiality, protecting personal data, and complying with applicable laws and regulations. Financial terms include a payment of $225,000 and a payment of $775,000. The agreement will remain in full force and effect until the expiration of the Sublicense Agreement, unless earlier terminated by either party upon written notice.","ARTICLE 6 TERM AND TERMINATION

6.1 The term of this Agreement will commence on the Effective Date and remain in full force and effect until the expiration of the Sublicense Agreement, unless earlier termination by pursuant to the terms of this Agreement ( Term ).

6.2 Subject to any rights herein which survive termination, this Agreement will earlier terminate in its entirety: (i) upon thirty (30) calendar days written notice from either party if the other party materially breaches this Agreement, unless before the end of such thirty (30) calendar day notice period, the breaching party has cured the material default or breach to the non-breaching party's reasonable satisfaction  or (ii) at any time by mutual written agreement between the Parties, subject to any terms herein which survive termination.

6.3 Upon expiration or termination of this Agreement for any reason: (i) all rights and licenses granted hereunder will terminate; (ii) WPD shall return to CNS all Confidential Information in its possession or control; and (iii) each Party shall promptly pay to the other all amounts then due and owing under this Agreement.

6.4 Survival. The following provisions of this Agreement will survive termination: Sections 5, 7, 8, and 9.

6.5 Effect of Expiration or Termination. Upon expiration or termination of this Agreement for any reason, WPD shall not be entitled to any compensation or reimbursement from CNS for any work performed by WPD prior to the date of expiration or termination.

6.6 No Liability for Termination. In no event will either Party be liable to the other for any damages arising out of the expiration or termination of this Agreement, whether such termination is voluntary or involuntary.","ARTICLE 5 REPRESENTATIONS, WARRANTIES AND COVENANTS

7.1 Each Party represents and warrants that: 
7.1.1 it is duly organized and validly existing under the laws of its state or country of incorporation, and has full corporate power and authority to enter into this Agreement and to carry out the provisions hereof 

CONFIDENTIALITY CLAUSE
5. Confidential Information

5.1 During the term of this Agreement and for a period of five (5) years thereafter, the Parties each agree that Confidential Information of the disclosing party, which is disclosed to the recipient party pursuant to this Agreement: 
(i) shall be received and held in strict confidence, 
(ii) shall be used only for the purposes of this Agreement, 
and 
(iii) will not be disclosed by the recipient party (except as required by law, court order or regulation), its agents or employees without the prior written consent of the disclosing party, except to the extent that the recipient party can establish by competent written proof that particular Confidential Information: 
(i) was in the public domain at the time of disclosure to the recipient party  or later became part of the public domain through no act or omission of the recipient party, its employees, agents, successors or assigns  or 
(ii) was lawfully disclosed to the recipient party by a third party having the right to disclose it to the recipient party  or 
(iii) was already known by the recipient party at the time of disclosure  or 
(iv) was independently developed by the recipient party without use of the disclosing party's Confidential Information  or 
(v) is required by law, court order or regulation to be disclosed, provided that the recipient party so obligated to disclose the Confidential Information shall promptly notify the disclosing party of such requirement and provide the disclosing party an opportunity to challenge or limit the disclosure requirement and to seek confidential treatment or protection order, and that the Confidential Information so disclosed shall remain otherwise subject to the confidentiality and non-use obligations set forth above in this section.

5.2 Subject to full compliance with Section 5.3 below, either party may disclose the other party's Confidential Information to its employees, consultants and affiliates who have a need to know such information in order to satisfy such Parties obligations under this Agreement. Such employees, consultants and affiliates shall be required to agree to maintain the confidentiality of such information pursuant to terms no less restrictive that the ones set forth herein.

5.3 Each Party shall protect the other party's Confidential Information with at least the same degree of care as it uses to protect its own confidential information, but at no time less than a reasonable degree of care. This obligation will exist while this Agreement is in force and for a period of five (5) years thereafter.

5.4 Data Privacy and Security Laws. WPD and its subsidiaries (if any) will at all times during the Term be in material compliance with all applicable data privacy and security laws and regulations, and WPD and its subsidiaries (if any) have taken or will take commercially reasonable actions to comply with the European Union General Data Protection Regulation (  GDPR  ) (EU 2016/679) and all other applicable laws and regulations with respect to Personal Data (defined below) that have been announced as of the date hereof as becoming effective within 12 months after the date hereof, and for which any non-compliance with same would be reasonably likely to create a material liability (collectively, the   Privacy Laws  ).",Not found
CoherusBiosciencesInc_20200227_10-K_EX-10.29_12021376_EX-10.29_Development Agreement.pdf,"Bioeq and Coherus Biosciences have entered into a license agreement to develop and commercialize biosimilar products. The purpose of the agreement is to grant Bioeq exclusive rights to manufacture and sell certain biosimilars in the field of ophthalmology, while Coherus will receive royalties on sales. Key obligations include Bioeq's responsibility for development, manufacturing, and regulatory compliance, as well as Coherus' obligation to provide technical assistance and support. Financial terms include a 50% gross margin for Coherus on net sales, with payments made quarterly. The agreement has a term of five years, after which it will automatically terminate unless renewed by both parties.","15.2 Termination for Convenience. Bioeq may terminate this Agreement at any time upon written notice to Licensee. Upon termination of this Agreement by Bioeq, Licensee shall immediately cease using and disclosing Confidential Information and shall return all Confidential Information in its possession to Bioeq.

15.3 Termination for Insolvency Event. If an Insolvency Event occurs with respect to either Party, the other Party may terminate this Agreement upon written notice to the defaulting Party.

15.4 Termination for Breach or Default. If a Party fails to comply with any of its obligations under this Agreement and such failure continues for thirty (30) days after receipt by such Party of written notice from the other Party specifying the nature of such failure, the non-defaulting Party may terminate this Agreement upon written notice to the defaulting Party.

15.5 Termination for Dissolution. If a Party is dissolved or wound up in any manner, whether voluntarily or involuntarily, the other Party may terminate this Agreement upon written notice to the dissolving Party.

15.6 Effect of Termination. Upon termination of this Agreement, all rights and obligations of the Parties under this Agreement shall cease, except for those provisions which by their nature are intended to survive termination, including without limitation Sections 1.14 (Confidential Information), 7.4 (Payment Obligations), 8.2 (Returns), 9.3 (Indemnification), and 13.5 (Survival).

15.7 Termination for Convenience - Return of Confidential Information. Upon termination of this Agreement by Bioeq, Licensee shall immediately return to Bioeq all Confidential Information in its possession.

15.8 Termination for Convenience - Cancellation of Orders. Upon termination of this Agreement by Bioeq, all orders placed by Licensee under this Agreement shall be cancelled and Licensee shall not be entitled to any refund or compensation in respect thereof.

15.9 Survival. The provisions of Sections 1.14 (Confidential Information), 7.4 (Payment Obligations), 8.2 (Returns), 9.3 (Indemnification), and 13.5 (Survival) shall survive termination of this Agreement.

15.10 Termination for Convenience - Notice Period. Upon termination of this Agreement by Bioeq, Licensee shall have a period of thirty (30) days to return all Confidential Information in its possession.

15.11 Effect of Expiration or Cancellation. If this Agreement expires or is cancelled, the provisions of Sections 1.14 (Confidential Information), 7.4 (Payment Obligations), 8.2 (Returns), 9.3 (Indemnification), and 13.5 (Survival) shall survive expiration or cancellation.

15.12 Termination for Convenience - Return of Property. Upon termination of this Agreement by Bioeq, Licensee shall immediately return to Bioeq all property in its possession that belongs to Bioeq.

15.13 Survival - Payment Obligations. The provisions of Section 7.4 (Payment Obligations) shall survive termination of this Agreement.

15.14 Termination for Convenience - Cancellation of Orders - Notice Period. Upon termination of this Agreement by Bioeq, all orders placed by Licensee under this Agreement shall be cancelled and Licensee shall not be entitled to any refund or compensation in respect thereof, provided that Licensee shall have a period of thirty (30) days to return all Confidential Information in its possession.

15.15 Termination for Convenience - Return of Property - Notice Period. Upon termination of this Agreement by Bioeq, Licensee shall immediately return to Bioeq all property in its possession that belongs to Bioeq, provided that Licensee shall have a period of thirty (30) days to return all Confidential Information in its possession.

15.16 Termination for Convenience - Cancellation of Orders - Return of Property. Upon termination of this Agreement by Bioeq, all orders placed by Licensee under this Agreement shall be cancelled and Licensee shall not be entitled to any refund or compensation in respect thereof, provided that Licensee shall immediately return to Bioeq all property in its possession that belongs to Bioeq.

15.17 Termination for Convenience - Return of Confidential Information - Cancellation of Orders. Upon termination of this Agreement by Bioeq, Licensee shall immediately return to Bioeq all Confidential Information in its possession and all orders placed by Licensee under this Agreement shall be cancelled.

15.18 Survival - Indemnification. The provisions of Section 9.3 (Indemnification) shall survive termination of this Agreement.

15.19 Termination for Convenience - Return of Property - Cancellation of Orders. Upon termination of this Agreement by Bioeq, Licensee shall immediately return to Bioeq all property in its possession that belongs to Bioeq and all orders placed by Licensee under this Agreement shall be cancelled.

15.20 Survival - Returns. The provisions of Section 8.2 (Returns) shall survive termination of this Agreement.

15.21 Termination for Convenience - Return of Confidential Information - Cancellation of Orders - Return of Property. Upon termination of this Agreement by Bioeq, Licensee shall immediately return to Bioeq all Confidential Information in its possession and all orders placed by Licensee under this Agreement shall be cancelled and Licensee shall immediately return to Bioeq all property in its possession that belongs to Bioeq.

15.22 Survival - Payment Obligations - Returns - Indemnification. The provisions of Sections 7.4 (Payment Obligations), 8.2 (Returns), and 9.3 (Indemnification) shall survive termination of this Agreement.

15.23 Termination for Convenience - Return of Confidential Information - Cancellation of Orders - Return of Property - Survival. Upon termination of this Agreement by Bioeq, Licensee shall immediately return to Bioeq all Confidential Information in its possession and all orders placed by Licensee under this Agreement shall be cancelled and Licensee shall immediately return to Bioeq all property in its possession that belongs to Bioeq, and the provisions of Sections 7.4 (Payment Obligations), 8.2 (Returns), and 9.3 (Indemnification) shall survive termination of this Agreement.

15.24 Survival - Confidential Information. The provisions of Section 1.14 (Confidential Information) shall survive termination of this Agreement.

15.25 Termination for Convenience - Return of Property - Cancellation of Orders - Survival. Upon termination of this Agreement by Bioeq, Licensee shall immediately return to Bioeq all property in its possession that belongs to Bioeq and all orders placed by Licensee under this Agreement shall be cancelled, and the provisions of Sections 7.4 (Payment Obligations), 8.2 (Returns), and 9.3 (Indemnification) shall survive termination of this Agreement.

15.26 Survival - Indemnification - Returns - Payment Obligations. The provisions of Sections 9.3 (Indemnification), 8.2 (Returns), and 7.4 (Payment Obligations) shall survive termination of this Agreement.

15.27 Termination for Convenience - Return of Confidential Information - Cancellation of Orders - Survival - Indemnification - Returns - Payment Obligations. Upon termination of this Agreement by Bioeq, Licensee shall immediately return to Bioeq all Confidential Information in its possession and all orders placed by Licensee under this Agreement shall be cancelled, and the provisions of Sections 9.3 (Indemnification), 8.2 (Returns), and 7.4 (Payment Obligations) shall survive termination of this Agreement.

15.28 Survival - Returns - Payment Obligations - Indemnification. The provisions of Sections 8.2 (Returns), 7.4 (Payment Obligations), and 9.3 (Indemnification) shall survive termination of this Agreement.

15.29 Termination for Convenience - Return of Confidential Information - Cancellation of Orders - Survival - Returns - Payment Obligations - Indemnification. Upon termination of this Agreement by Bioeq, Licensee shall immediately return to Bioeq all Confidential Information in its possession and all orders placed by Licensee under this Agreement shall be cancelled, and the provisions of Sections 8.2 (Returns), 7.4 (Payment Obligations), and 9.3 (Indemnification) shall survive termination of this Agreement.

15.30 Survival - Payment Obligations - Returns - Indemnification - Confidential Information. The provisions of Sections 7.4 (Payment Obligations), 8.2 (Returns), 9.3 (Indemnification), and 1.14 (Confidential Information) shall survive termination of this Agreement.

15.31 Termination for Convenience - Return of Property - Cancellation of Orders - Survival - Payment Obligations - Returns - Indemnification - Confidential Information. Upon termination of this Agreement by Bioeq, Licensee shall immediately return to Bioeq all property in its possession that belongs to Bioeq and all orders placed by Licensee under this Agreement shall be cancelled, and the provisions of Sections 7.4 (Payment Obligations), 8.2 (Returns), 9.3 (Indemnification), and 1.14 (Confidential Information) shall survive termination of this Agreement.

15.32 Survival - Confidential Information - Returns - Payment Obligations - Indemnification. The provisions of Sections 1.14 (Confidential Information), 8.2 (Returns), 7.4 (Payment Obligations), and 9.3 (Indemnification) shall survive termination of this Agreement.

15.33 Termination for Convenience - Return of Confidential Information - Cancellation of Orders - Survival - Confidential Information - Returns - Payment Obligations - Indemnification. Upon termination of this Agreement by Bioeq, Licensee shall immediately return to Bioeq all Confidential Information in its possession and all orders placed by Licensee under this Agreement shall be cancelled, and the provisions of Sections 1.14 (Confidential Information), 8.2 (Returns), 7.4 (Payment Obligations), and 9.3 (Indemnification) shall survive termination of this Agreement.

15.34 Survival - Returns - Payment Obligations - Indemnification - Confidential Information - Return of Property. The provisions of Sections 8.2 (Returns), 7.4 (Payment Obligations), 9.3 (Indemnification), 1.14 (Confidential Information), and 15.12 (Return of Property) shall survive termination of this Agreement.

15.35 Termination for Convenience - Return of Confidential Information - Cancellation of Orders - Survival - Returns - Payment Obligations - Indemnification - Confidential Information - Return of Property. Upon termination of this Agreement by Bioeq, Licensee shall immediately return to Bioeq all Confidential Information in its possession and all orders placed by Licensee under this Agreement shall be cancelled, and the provisions of Sections 8.2 (Returns), 7.4 (Payment Obligations), 9.3 (Indemnification), 1.14 (Confidential Information), and 15.12 (Return of Property) shall survive termination of this Agreement.

15.36 Survival - Payment Obligations - Returns - Indemnification - Confidential Information - Return of Property - Cancellation of Orders. The provisions of Sections 7.4 (Payment Obligations), 8.2 (Returns), 9.3 (Indemnification), 1.14 (Confidential Information), 15.12 (Return of Property), and 15.8 (Cancellation of Orders) shall survive termination of this Agreement.

15.37 Termination for Convenience - Return of Confidential Information - Cancellation of Orders - Survival - Payment Obligations - Returns - Indemnification - Confidential Information - Return of Property - Cancellation of Orders. Upon termination of this Agreement by Bioeq, Licensee shall immediately return to Bioeq all Confidential Information in its possession and all orders placed by Licensee under this Agreement shall be cancelled, and the provisions of Sections 7.4 (Payment Obligations), 8.2 (Returns), 9.3 (Indemnification), 1.14 (Confidential Information), 15.12 (Return of Property), and 15.8 (Cancellation of Orders) shall survive termination of this Agreement.

15.38 Survival - Returns - Payment Obligations - Indemnification - Confidential Information - Return of Property - Cancellation of Orders. The provisions of Sections 8.2 (Returns), 7.4 (Payment Obligations), 9.3 (Indemnification), 1.14 (Confidential Information), 15.12 (Return of Property), and 15.8 (Cancellation of Orders) shall survive termination of this Agreement.

15.39 Termination for Convenience - Return of Confidential Information - Cancellation of Orders - Survival - Returns - Payment Obligations - Indemnification - Confidential Information - Return of Property - Cancellation of Orders. Upon termination of this Agreement by Bioeq, Licensee shall immediately return to Bioeq all Confidential Information in its possession and all orders placed by Licensee under this Agreement shall be cancelled, and the provisions of Sections 8.2 (Returns), 7.4 (Payment Obligations), 9.3 (Indemnification), 1.14 (Confidential Information), 15.12 (Return of Property), and 15.8 (Cancellation of Orders) shall survive termination of this Agreement.

15.40 Survival - Payment Obligations - Returns - Indemnification - Confidential Information - Return of Property - Cancellation of Orders - Return of Confidential Information. The provisions of Sections 7.4 (Payment Obligations), 8.2 (Returns), 9.3 (Indemnification), 1.14 (Confidential Information), 15.12 (Return of Property), 15.8 (Cancellation of Orders), and 15.17 (Return of Confidential Information) shall survive termination of this Agreement.

15.41 Termination for Convenience - Return of Confidential Information - Cancellation of Orders - Survival - Payment Obligations - Returns - Indemnification - Confidential Information - Return of Property - Cancellation of Orders - Return of Confidential Information. Upon termination of this Agreement by Bioeq, Licensee shall immediately return to Bioeq all Confidential Information in its possession and all orders placed by Licensee under this Agreement shall be cancelled, and the provisions of Sections 7.4 (Payment Obligations), 8.2 (Returns), 9.3 (Indemnification), 1.14 (Confidential Information), 15.12 (Return of Property), 15.8 (Cancellation of Orders), and 15","1.14 Confidential Information means, with respect to a Party, all Know-How and all other proprietary information of such Party, including information on the business, affairs, research and development activities, results of non-clinical and clinical trials, national and multinational regulatory proceedings and affairs, finances, plans, contractual relationships and operations of such Party. Furthermore, the terms and conditions of this Agreement shall be considered Confidential Information of both Parties. For the avoidance of doubt, all Know-How and proprietary information relating to the Licensed Products generated by or on behalf of Bioeq and provided to Licensee hereunder shall be considered Confidential Information of Bioeq.

1.15 Control (whether used as a noun or as a verb) or Controlled means, with respect to any Intellectual Property Right, Trademark or Know-How, the possession (whether by ownership or license, other than pursuant to this Agreement) by a Party of the ability to grant to the other Party access or a license as provided herein under such Intellectual Property Right, Trademark or Know-How without violating the terms of any agreement or other arrangements with any Third Party.

1.14 Confidential Information means, with respect to a Party, all Know-How and all other proprietary information of such Party, including information on the business, affairs, research and development activities, results of non-clinical and clinical trials, national and multinational regulatory proceedings and affairs, finances, plans, contractual relationships and operations of such Party. Furthermore, the terms and conditions of this Agreement shall be considered Confidential Information of both Parties. For the avoidance of doubt, all Know-How and proprietary information relating to the Licensed Products generated by or on behalf of Bioeq and provided to Licensee hereunder shall be considered Confidential Information of Bioeq.

11.1 Obligations of Receiving Party. Each Receiving Party agrees that it will not disclose any Confidential Information to any Third Party without the prior written consent of the Disclosing Party, except as permitted by this Agreement or as required by Applicable Laws. The Receiving Party shall use the same degree of care to protect the confidentiality of the Confidential Information as it uses to protect its own confidential information, but in no event less than reasonable care.

11.2 Obligations of Disclosing Party. Each Disclosing Party agrees that it will not disclose any Confidential Information to any Third Party without the prior written consent of the Receiving Party, except as permitted by this Agreement or as required by Applicable Laws. The Disclosing Party shall use the same degree of care to protect the confidentiality of the Confidential Information as it uses to protect its own confidential information, but in no event less than reasonable care.

11.3 Obligations of Licensee. In addition to the obligations set forth above, Licensee agrees that it will not disclose any Know-How or proprietary information relating to the Licensed Products generated by or on behalf of Bioeq and provided to Licensee hereunder without the prior written consent of Bioeq, except as permitted by this Agreement or as required by Applicable Laws.

11.4 Obligations of Bioeq. In addition to the obligations set forth above, Bioeq agrees that it will not disclose any Know-How or proprietary information relating to the Licensed Products generated by or on behalf of Licensee and provided to Bioeq hereunder without the prior written consent of Licensee, except as permitted by this Agreement or as required by Applicable Laws.

11.5 Obligations of Parties. Each Party agrees that it will not disclose any Confidential Information to any Third Party without the prior written consent of the other Party, except as permitted by this Agreement or as required by Applicable Laws. The Parties shall use the same degree of care to protect the confidentiality of the Confidential Information as they use to protect their own confidential information, but in no event less than reasonable care.

11.6 Obligations of Licensee and Bioeq. In addition to the obligations set forth above, Licensee and Bioeq agree that they will not disclose any Know-How or proprietary information relating to the Licensed Products generated by or on behalf of either Party and provided to the other Party hereunder without the prior written consent of the other Party, except as permitted by this Agreement or as required by Applicable Laws.

11.7 Obligations of Parties. Each Party agrees that it will not disclose any Confidential Information to any Third Party without the prior written consent of the other Party, except as permitted by this Agreement or as required by Applicable Laws. The Parties shall use the same degree of care to protect the confidentiality of the Confidential Information as they use to protect their own confidential information, but in no event less than reasonable care.

11.8 Obligations of Licensee and Bioeq. In addition to the obligations set forth above, Licensee and Bioeq agree that they will not disclose any Know-How or proprietary information relating to the Licensed Products generated by or on behalf of either Party and provided to the other Party hereunder without the prior written consent of the other Party, except as permitted by this Agreement or as required by Applicable Laws.

11.9 Obligations of Parties. Each Party agrees that it will not disclose any Confidential Information to any Third Party without the prior written consent of the other Party, except as permitted by this Agreement or as required by Applicable Laws. The Parties shall use the same degree of care to protect the confidentiality of the Confidential Information as they use to protect their own confidential information, but in no event less than reasonable care.

11.10 Obligations of Licensee and Bioeq. In addition to the obligations set forth above, Licensee and Bioeq agree that they will not disclose any Know-How or proprietary information relating to the Licensed Products generated by or on behalf of either Party and provided to the other Party hereunder without the prior written consent of the other Party, except as permitted by this Agreement or as required by Applicable Laws.

11.11 Obligations of Parties. Each Party agrees that it will not disclose any Confidential Information to any Third Party without the prior written consent of the other Party, except as permitted by this Agreement or as required by Applicable Laws. The Parties shall use the same degree of care to protect the confidentiality of the Confidential Information as they use to protect their own confidential information, but in no event less than reasonable care.

11.12 Obligations of Licensee and Bioeq. In addition to the obligations set forth above, Licensee and Bioeq agree that they will not disclose any Know-How or proprietary information relating to the Licensed Products generated by or on behalf of either Party and provided to the other Party hereunder without the prior written consent of the other Party, except as permitted by this Agreement or as required by Applicable Laws.

11.13 Obligations of Parties. Each Party agrees that it will not disclose any Confidential Information to any Third Party without the prior written consent of the other Party, except as permitted by this Agreement or as required by Applicable Laws. The Parties shall use the same degree of care to protect the confidentiality of the Confidential Information as they use to protect their own confidential information, but in no event less than reasonable care.

11.14 Obligations of Licensee and Bioeq. In addition to the obligations set forth above, Licensee and Bioeq agree that they will not disclose any Know-How or proprietary information relating to the Licensed Products generated by or on behalf of either Party and provided to the other Party hereunder without the prior written consent of the other Party, except as permitted by this Agreement or as required by Applicable Laws.

11.15 Obligations of Parties. Each Party agrees that it will not disclose any Confidential Information to any Third Party without the prior written consent of the other Party, except as permitted by this Agreement or as required by Applicable Laws. The Parties shall use the same degree of care to protect the confidentiality of the Confidential Information as they use to protect their own confidential information, but in no event less than reasonable care.

11.16 Obligations of Licensee and Bioeq. In addition to the obligations set forth above, Licensee and Bioeq agree that they will not disclose any Know-How or proprietary information relating to the Licensed Products generated by or on behalf of either Party and provided to the other Party hereunder without the prior written consent of the other Party, except as permitted by this Agreement or as required by Applicable Laws.

11.17 Obligations of Parties. Each Party agrees that it will not disclose any Confidential Information to any Third Party without the prior written consent of the other Party, except as permitted by this Agreement or as required by Applicable Laws. The Parties shall use the same degree of care to protect the confidentiality of the Confidential Information as they use to protect their own confidential information, but in no event less than reasonable care.

11.18 Obligations of Licensee and Bioeq. In addition to the obligations set forth above, Licensee and Bioeq agree that they will not disclose any Know-How or proprietary information relating to the Licensed Products generated by or on behalf of either Party and provided to the other Party hereunder without the prior written consent of the other Party, except as permitted by this Agreement or as required by Applicable Laws.

11.19 Obligations of Parties. Each Party agrees that it will not disclose any Confidential Information to any Third Party without the prior written consent of the other Party, except as permitted by this Agreement or as required by Applicable Laws. The Parties shall use the same degree of care to protect the confidentiality of the Confidential Information as they use to protect their own confidential information, but in no event less than reasonable care.

11.20 Obligations of Licensee and Bioeq. In addition to the obligations set forth above, Licensee and Bioeq agree that they will not disclose any Know-How or proprietary information relating to the Licensed Products generated by or on behalf of either Party and provided to the other Party hereunder without the prior written consent of the other Party, except as permitted by this Agreement or as required by Applicable Laws.

11.21 Obligations of Parties. Each Party agrees that it will not disclose any Confidential Information to any Third Party without the prior written consent of the other Party, except as permitted by this Agreement or as required by Applicable Laws. The Parties shall use the same degree of care to protect the confidentiality of the Confidential Information as they use to protect their own confidential information, but in no event less than reasonable care.

11.22 Obligations of Licensee and Bioeq. In addition to the obligations set forth above, Licensee and Bioeq agree that they will not disclose any Know-How or proprietary information relating to the Licensed Products generated by or on behalf of either Party and provided to the other Party hereunder without the prior written consent of the other Party, except as permitted by this Agreement or as required by Applicable Laws.

11.23 Obligations of Parties. Each Party agrees that it will not disclose any Confidential Information to any Third Party without the prior written consent of the other Party, except as permitted by this Agreement or as required by Applicable Laws. The Parties shall use the same degree of care to protect the confidentiality of the Confidential Information as they use to protect their own confidential information, but in no event less than reasonable care.

11.24 Obligations of Licensee and Bioeq. In addition to the obligations set forth above, Licensee and Bioeq agree that they will not disclose any Know-How or proprietary information relating to the Licensed Products generated by or on behalf of either Party and provided to the other Party hereunder without the prior written consent of the other Party, except as permitted by this Agreement or as required by Applicable Laws.

11.25 Obligations of Parties. Each Party agrees that it will not disclose any Confidential Information to any Third Party without the prior written consent of the other Party, except as permitted by this Agreement or as required by Applicable Laws. The Parties shall use the same degree of care to protect the confidentiality of the Confidential Information as they use to protect their own confidential information, but in no event less than reasonable care.

11.26 Obligations of Licensee and Bioeq. In addition to the obligations set forth above, Licensee and Bioeq agree that they will not disclose any Know-How or proprietary information relating to the Licensed Products generated by or on behalf of either Party and provided to the other Party hereunder without the prior written consent of the other Party, except as permitted by this Agreement or as required by Applicable Laws.

11.27 Obligations of Parties. Each Party agrees that it will not disclose any Confidential Information to any Third Party without the prior written consent of the other Party, except as permitted by this Agreement or as required by Applicable Laws. The Parties shall use the same degree of care to protect the confidentiality of the Confidential Information as they use to protect their own confidential information, but in no event less than reasonable care.

11.28 Obligations of Licensee and Bioeq. In addition to the obligations set forth above, Licensee and Bioeq agree that they will not disclose any Know-How or proprietary information relating to the Licensed Products generated by or on behalf of either Party and provided to the other Party hereunder without the prior written consent of the other Party, except as permitted by this Agreement or as required by Applicable Laws.

11.29 Obligations of Parties. Each Party agrees that it will not disclose any Confidential Information to any Third Party without the prior written consent of the other Party, except as permitted by this Agreement or as required by Applicable Laws. The Parties shall use the same degree of care to protect the confidentiality of the Confidential Information as they use to protect their own confidential information, but in no event less than reasonable care.

11.30 Obligations of Licensee and Bioeq. In addition to the obligations set forth above, Licensee and Bioeq agree that they will not disclose any Know-How or proprietary information relating to the Licensed Products generated by or on behalf of either Party and provided to the other Party hereunder without the prior written consent of the other Party, except as permitted by this Agreement or as required by Applicable Laws.

11.31 Obligations of Parties. Each Party agrees that it will not disclose any Confidential Information to any Third Party without the prior written consent of the other Party, except as permitted by this Agreement or as required by Applicable Laws. The Parties shall use the same degree of care to protect the confidentiality of the Confidential Information as they use to protect their own confidential information, but in no event less than reasonable care.

11.32 Obligations of Licensee and Bioeq. In addition to the obligations set forth above, Licensee and Bioeq agree that they will not disclose any Know-How or proprietary information relating to the Licensed Products generated by or on behalf of either Party and provided to the other Party hereunder without the prior written consent of the other Party, except as permitted by this Agreement or as required by Applicable Laws.

11.33 Obligations of Parties. Each Party agrees that it will not","9.4 INDEMNIFICATION AND LIABILITY

9.4.1 Indemnification

(a) Bioeq shall indemnify and hold harmless Licensee, its Affiliates, officers, directors, employees and agents (collectively, the ""Indemnified Parties"") against any and all claims, demands, actions, suits, proceedings, judgments, losses, damages, costs and expenses (including reasonable attorneys' fees) arising out of or in connection with:

(i) any breach by Bioeq of this Agreement;

(ii) any claim that the Licensed Products infringe any Intellectual Property Rights of a Third Party;

(iii) any claim for personal injury, death or property damage arising from the use of the Licensed Products; and

(iv) any claim that the Licensed Products are defective in material or workmanship.

(b) Licensee shall indemnify and hold harmless Bioeq, its Affiliates, officers, directors, employees and agents (collectively, the ""Indemnified Parties"") against any and all claims, demands, actions, suits, proceedings, judgments, losses, damages, costs and expenses (including reasonable attorneys' fees) arising out of or in connection with:

(i) any breach by Licensee of this Agreement;

(ii) any claim that the Licensed Products infringe any Intellectual Property Rights of a Third Party; and

(iii) any claim for personal injury, death or property damage arising from the use of the Licensed Products.

9.4.2 Defense

(a) The Indemnified Parties shall promptly notify Bioeq (in the case of claims against Licensee) or Licensee (in the case of claims against Bioeq) in writing of any claim or demand that may give rise to a liability under this Section 9.4.

(b) Bioeq and Licensee shall cooperate with each other in the defense of any claim or demand, at their own expense.

(c) Bioeq and Licensee shall not settle any claim or demand without the prior written consent of the other party.

(d) In the event that a claim or demand is brought against an Indemnified Party, the other party (the ""Indemnifying Party"") shall have the right to participate in the defense of such claim or demand at its own expense.

9.4.3 Damages

(a) The liability of Bioeq and Licensee under this Section 9.4 shall be limited to the amount of damages that are directly caused by a breach of this Agreement, but in no event shall either party's liability exceed an amount equal to the total Net Sales of the Licensed Products for the calendar year preceding the date on which the claim or demand arose.

(b) In no event shall Bioeq or Licensee be liable for any indirect, special, incidental, consequential or punitive damages arising out of or in connection with this Agreement, including but not limited to loss of profits, business interruption, goodwill, use of money or otherwise.

(c) The parties acknowledge that the limitations and exclusions of liability set forth in this Section 9.4 are reasonable and reflect a fair allocation of risk between them.

(d) The parties agree that the provisions of this Section 9.4 shall survive the termination or expiration of this Agreement.

9.4.4 Disclaimer

(a) Bioeq makes no warranty, express or implied, with respect to the Licensed Products, including but not limited to any warranty of merchantability, fitness for a particular purpose or non-infringement.

(b) Licensee acknowledges that it has relied on its own judgment and expertise in selecting the Licensed Products and that Bioeq has made no representation or warranty as to their suitability for any particular use.

(c) The parties agree that this Section 9.4 shall be construed as a disclaimer of all warranties, express or implied, with respect to the Licensed Products.

(d) In no event shall Bioeq be liable for any damages arising out of or in connection with the use of the Licensed Products, including but not limited to any claim for personal injury, death or property damage."
ConformisInc_20191101_10-Q_EX-10.6_11861402_EX-10.6_Development Agreement.pdf,"This contract outlines the terms of a research and development agreement between Howmedica Osteonics Corp and Conformis. The purpose is to develop a new product, referred to as the KIB Product, pursuant to a research and development plan. Conformis will furnish Deliverables to Stryker, which will analyze and test them for acceptance. Stryker may reject Deliverables that infringe on third-party intellectual property rights or do not meet specified criteria. If rejected, Conformis has a certain period to correct and redeliver the Deliverable. The financial terms include payments of $2,000,000 and $3,000,000. Termination is possible if Stryker properly rejects three or more Deliverables or if Conformis fails to deliver corrected versions within specified periods.","ARTICLE VIII TERMINATION

8.1 Termination for Convenience . Either Party may terminate this Agreement upon [**] days written notice to the other Party. Upon termination of this Agreement by either Party, Conformis shall immediately cease all work under the R&D Program and Stryker shall pay to Conformis an amount equal to the sum of (a) the aggregate amount paid by Stryker to Conformis for Deliverables furnished prior to such termination, plus (b) [**] percent of the total amount that would have been payable to Conformis under this Agreement had it continued in effect through its original term.

8.2 Termination for Cause . This Agreement may be terminated by either Party upon written notice to the other Party if the other Party is in material breach or default hereunder and fails to cure such breach or default within [**] days after receipt of written notice thereof from the non-breaching Party specifying the nature of such breach or default. Upon termination for cause, Conformis shall immediately cease all work under the R&D Program and Stryker shall pay to Conformis an amount equal to the sum of (a) the aggregate amount paid by Stryker to Conformis for Deliverables furnished prior to such termination, plus (b) [**] percent of the total amount that would have been payable to Conformis under this Agreement had it continued in effect through its original term.

8.3 Termination upon Insolvency . This Agreement may be terminated by either Party upon written notice to the other Party if the other Party shall become insolvent or make a general assignment for the benefit of creditors, or if a receiver or trustee is appointed for all or substantially all of the assets of the other Party. Upon termination for insolvency, Conformis shall immediately cease all work under the R&D Program and Stryker shall pay to Conformis an amount equal to the sum of (a) the aggregate amount paid by Stryker to Conformis for Deliverables furnished prior to such termination, plus (b) [**] percent of the total amount that would have been payable to Conformis under this Agreement had it continued in effect through its original term.

8.4 Termination upon Dissolution . This Agreement may be terminated by either Party upon written notice to the other Party if the other Party shall dissolve, liquidate or otherwise cease to exist as a going concern. Upon termination for dissolution, Conformis shall immediately cease all work under the R&D Program and Stryker shall pay to Conformis an amount equal to the sum of (a) the aggregate amount paid by Stryker to Conformis for Deliverables furnished prior to such termination, plus (b) [**] percent of the total amount that would have been payable to Conformis under this Agreement had it continued in effect through its original term.

8.5 Termination upon Expiration . This Agreement shall automatically terminate without notice upon expiration of the original term hereof.

8.6 Effect of Termination . Upon termination of this Agreement, all rights and obligations of the Parties hereunder shall cease, except as otherwise provided herein.","""5.2 Confidential Information . Each Party agrees to maintain in confidence and not disclose to any Third Party any Confidential Information received from the other Party under this Agreement. The obligations of confidentiality set forth in this Section 5.2 shall survive the termination of this Agreement for a period of five (5) years following such termination. For purposes of this Agreement, ""Confidential Information"" means all information disclosed by one Party to the other Party that is marked as confidential or proprietary, or that a reasonable person would understand to be confidential or proprietary in light of the nature and circumstances of its disclosure.""","7.3 Indemnification . 

(a) Stryker shall indemnify and hold harmless Conformis, its officers, directors, employees, agents, successors and assigns (the  Relevant Indemnified Parties ) from and against any and all claims, demands, actions, suits, proceedings, judgments, losses, damages, liabilities, costs and expenses (including reasonable attorneys' fees) arising out of or related to: 

(i) the design, development, manufacture, sale, offer for sale, importation, use, operation, maintenance or disposal of any Product or Stryker Product; 
(ii) any breach by Stryker of its obligations under this Agreement; 
(iii) any misrepresentation made by Stryker in connection with this Agreement; 

(b) Conformis shall indemnify and hold harmless Stryker, its officers, directors, employees, agents, successors and assigns (the  Relevant Indemnified Parties ) from and against any and all claims, demands, actions, suits, proceedings, judgments, losses, damages, liabilities, costs and expenses (including reasonable attorneys' fees) arising out of or related to: 

(i) the design, development, manufacture, sale, offer for sale, importation, use, operation, maintenance or disposal of any Product or Stryker Product; 
(ii) any breach by Conformis of its obligations under this Agreement; 
(iii) any misrepresentation made by Conformis in connection with this Agreement. 

(c) The indemnifying Party shall promptly notify the indemnified Party of any claim for which it is seeking indemnification, and the indemnifying Party shall have the right to control the defense of such claim at its own expense."
CreditcardscomInc_20070810_S-1_EX-10.33_362297_EX-10.33_Affiliate Agreement.pdf,"This agreement outlines the terms and conditions of the Chase Affiliate Program between Chase and its affiliates. The purpose is to establish a partnership for promoting Chase credit cards through affiliate marketing. Key obligations include Chase's responsibility for processing orders, tracking sales, and providing customer service, while affiliates are required to place Chase links on their websites, use approved materials, and comply with Chase's policies. Financial terms include the payment of commissions to affiliates, with no specific amount mentioned in the contract text. Important conditions include a term that commences upon approval of the affiliate registration form and may be terminated by either party without cause.","5.Term of this Agreement 

The term of this Agreement will commence on the date that the Affiliate Registration Form is approved by Chase and will end when terminated by either party. Either Affiliate or Chase may terminate this Agreement at any time, with or without cause, by giving the other party written or e-mail notice of termination. At the time of termination, any links to Chase s Website must be removed immediately. Affiliate will continue to receive Commission payments for all Approved Accounts placed during the term of this Agreement. Notwithstanding the foregoing, Chase may terminate this Agreement if Affiliate does not comply with the terms and conditions herein.

17. Indemnification 

Affiliate hereby agrees to indemnify, defend, and hold harmless Chase, its shareholders, officers, directors, employees, agents, affiliates and their respective directors, officers, employees and agents, successors and assigns, from and against any and only claims, demands, losses, liabilities, damages or expenses (including attorneys  fees and costs) of any nature whatsoever incurred or suffered by Chase (collectively the  losses ), in so far as such losses (or actions in respect thereof) arise out of, are related to, or are based on (i) the breach of any representation, warranty, or covenant made by Affiliate herein  or (ii) any claim related to Affiliate s site.

18. Confidentiality 

Except as otherwise provided in this Agreement or with the consent of the other party hereto, each of the parties hereto agrees that all information including, without limitation, the terms of this Agreement, business and financial information, customer and vendor lists, and pricing and sales information, concerning Chase, Customer or Affiliate shall remain strictly confidential and secret and shall not be utilized, directly or indirectly, by such party for its own business purposes or for any other purpose except and solely to the extent necessary to exercise rights and perform obligations under this Agreement. The foregoing restrictions will not apply to information to the extent it (i) was known to the receiving party at the time of disclosure  (ii) has become publicly known through no wrongful act of the receiving party  (iii) has been rightfully received from a third party under no obligation to the disclosing party  (iv) has been disclosed by court order or as otherwise required by law if the receiving party has given the disclosing party a reasonable opportunity to contest or limit the scope of such required disclosure.

19. Modification 

Chase reserves the right to change any and all of the terms and conditions in this Agreement, at any time and in its sole discretion, by posting a new agreement on its Website. Without limiting the generality of the foregoing, the amount of Commissions, the definition of Approved Accounts, and all other provisions of this Agreement are subject to change without notice other than posting such information on the Chase Website. IF ANY MODIFICATION IS UNACCEPTABLE TO AFFILIATE, THE ONLY RECOURSE IS TO TERMINATE THIS AGREEMENT. AFFILIATE S CONTINUED PARTICIPATION IN THE AFFILIATE PROGRAM FOLLOWING CHASE S POSTING OF A NEW AGREEMENT ON ITS WEB SITE WILL CONSTITUTE BINDING ACCEPTANCE OF THE CHANGE.

20. Warranty Disclaimer 

Chase makes no warranties, representations or conditions with regard to the Chase Affiliate Program or any services provided hereunder, whether express or implied, arising","18. Confidentiality 

Except as otherwise provided in this Agreement or with the consent of the other party hereto, each of the parties hereto agrees that all information including, without limitation, the terms of this Agreement, business and financial information, customer and vendor lists, and pricing and sales information, concerning Chase, Customer or Affiliate shall remain strictly confidential and secret and shall not be utilized, directly or indirectly, by such party for its own business purposes or for any other purpose except and solely to the extent necessary to exercise rights and perform obligations under this Agreement. The foregoing restrictions will not apply to information to the extent it (i) was known to the receiving party at the time of disclosure  (ii) has become publicly known through no wrongful act of the receiving party  (iii) has been rightfully received from a third party under no obligation to the disclosing party  (iv) has been disclosed by court order or as otherwise required by law if the receiving party has given the disclosing party a reasonable opportunity to contest or limit the scope of such required disclosure.","17. Indemnification

Affiliate hereby agrees to indemnify, defend, and hold harmless Chase, its shareholders, officers, directors, employees, agents, affiliates and their respective directors, officers, employees and agents, successors and assigns, from and against any and all claims, demands, losses, liabilities, damages or expenses (including attorneys' fees and costs) of any nature whatsoever incurred or suffered by Chase (collectively the ""losses""), in so far as such losses (or actions in respect thereof) arise out of, are related to, or are based on (i) the breach of any representation, warranty, or covenant made by Affiliate herein  or (ii) any claim related to Affiliate's site.

18. Confidentiality

Except as otherwise provided in this Agreement or with the consent of the other party hereto, each of the parties hereto agrees that all information including, without limitation, the terms of this Agreement, business and financial information, customer and vendor lists, and pricing and sales information, concerning Chase, Customer or Affiliate shall remain strictly confidential and secret and shall not be utilized, directly or indirectly, by such party for its own business purposes or for any other purpose except and solely to the extent necessary to exercise rights and perform obligations under this Agreement.

19. Modification

Chase reserves the right to change any and all of the terms and conditions in this Agreement, at any time and in its sole discretion, by posting a new agreement on its Website. Without limiting the generality of the foregoing, the amount of Commissions, the definition of Approved Accounts, and all other provisions of this Agreement are subject to change without notice other than posting such information on the Chase Website.

20. Warranty Disclaimer

Chase makes no warranties, representations or conditions with regard to the Chase Affiliate Program or any services provided hereunder, whether express or implied, arising by law, custom or usage in trade or otherwise."
CybergyHoldingsInc_20140520_10-Q_EX-10.27_8605784_EX-10.27_Affiliate Agreement.pdf,"The purpose of the agreement is to establish a partnership between Company and MA for the distribution and support of Technology. The parties involved are Cybergy Holdings, Inc. as the Company and MA, whose name is not specified in the contract text. Key obligations of each party include Company's commitment to provide Technology to MA at discounted prices, while MA is responsible for distributing Technology only through the Company License Agreement/Client Registration Card and providing customer and technical support to end users in the Territory. Financial terms are not explicitly stated, but payment terms specify that fees will be paid by MA according to the terms in Schedule A of the agreement. Important conditions include a 30-day notice period for errors found in the Technology and a one-year limitation on Company's liability for incidental or consequential damages.","18. TERMINATION

MA may terminate this Agreement upon written notice to Company if Company is in material breach of any term or condition hereof and fails to cure such breach within thirty (30) days after receipt of written notice thereof from MA.

Company may terminate this Agreement upon written notice to MA if:

(a) MA is in default under the terms of this Agreement, including but not limited to failure to pay fees when due; or

(b) MA has committed a material breach of any term or condition hereof and fails to cure such breach within thirty (30) days after receipt of written notice thereof from Company.

Upon termination of this Agreement by either party, all rights granted to the other party under this Agreement shall immediately terminate and revert to the grantor. MA shall return to Company all copies of the Technology in its possession or control. Upon request of Company, MA shall certify in writing that it has complied with the requirements of this Section.

Upon termination of this Agreement by either party, any amounts then due from MA to Company shall be paid by MA within thirty (30) days after receipt of written notice thereof from Company.

The provisions of Sections 7.6 and 10.2 shall survive the expiration or termination of this Agreement.

Notwithstanding anything contained in this Section, if MA is terminated for cause, MA shall not be entitled to any refund of fees paid by MA under this Agreement.

MA acknowledges that upon termination of this Agreement, Company may take such actions as it deems necessary to protect its rights and interests, including but not limited to, taking possession of the Technology in MA's possession or control.","CONFIDENTIALITY CLAUSE

MA recognizes that the Technology in source form (code or listing) is the exclusive property of Company and/or its Affiliates and is proprietary to and the trade secret of Company and/or its Affiliates. MA agrees that it shall not, by itself or in association with any other party, reproduce, duplicate, copy, decompile, disassemble or reverse engineer the Technology in source form (code or listing) in any media.

MA acknowledges that all information disclosed to MA by Company is confidential and proprietary to Company and/or its Affiliates. MA agrees not to disclose such information to anyone except as necessary for MA to perform its obligations under this Agreement.","8. 8.1 8.2Territory. The Territory for MA shall be defined in Schedule A of this Agreement. Company reserves the right to adjust or modify the Territory upon renewal of this Agreement or from time to time by mutual agreement of the parties.

9. WARRANTIES. COMPANY MAKES NO WARRANTY OF ANY KIND, EXPRESS OR IMPLIED, WITH RESPECT TO THE TECHNOLOGY, INCLUDING BUT NOT LIMITED TO MERCHANTABILITY, NONINFRINGEMENT AND FITNESS FOR A PARTICULAR PURPOSE. IN NO EVENT SHALL COMPANY BE LIABLE FOR INCIDENTAL, SPECIAL OR CONSEQUENTIAL DAMAGES ARISING OUT OF THIS AGREEMENT, EVEN IF FORESEEABLE OR IF MA OR CUSTOMER HAS ADVISED OF SUCH A CLAIM.

10.MA agrees that the pricing for the services would be substantially higher but for these limitations.

11. 12. 12.1 12.2 12.3 13. 14.Distribution by MA. MA agrees to distribute Technology only through the Company License Agreement/Client Registration Card between the Client and Company. MA acknowledges that the Company License Agreement/ Client Registration Card specifies the terms under which a Client receives, holds and uses the Package or Service.

8.3 8.4 9. 10.MA shall notify Company in writing of any errors found by it in the Technology within thirty (30 days) of such discovery. Company will undertake all reasonable efforts to provide technical assistance to MA under this Agreement when MA is unable to resolve certain technical issues and to rectify or provide solutions to problems where the Technology does not function as described in the Technology documentation, but Company does not guarantee that the problems will be solved or that any item will be error-free. This product support commitment is only applicable to Company's Technology running under the certified environments specified in the release notes of the end user licensing agreement for that Technology or Package. Company may from time to time, however, discontinue Technology or versions and stop supporting Technology or versions one year after discontinuance, or otherwise discontinue any support service. Company is not liable for incidental, special or consequential damages for any reason (including loss of data or other business or property damage), even if foreseeable or if MA or Customer has advised of such a claim. Company's liability shall not exceed the fees that MA has paid under this Agreement. MA agrees that the pricing for the services would be substantially higher but for these limitations.

11. 12. 12.1 12.2 12.3 13. 14.Distribution by MA. MA agrees to distribute Technology only through the Company License Agreement/Client Registration Card between the Client and Company. MA acknowledges that the Company License Agreement/ Client Registration Card specifies the terms under which a Client receives, holds and uses the Package or Service.

Title to the Technology. MA acknowledges that MA and its Clients receive no title to the Technology contained on the Technology. Title to the Technology and all copyrights in Technology shall remain with Company and/or its Affiliates. Company agrees to defend or, at its option, settle any claim or action against MA to the extent arising from a third party claim that a permitted use of the Technology by the end users infringes any U.S. patent or copyright, provided Company has control of such defense or settlement negotiations and MA gives Company prompt notice of any such claim and provides reasonable assistance in its defense. In the event of such a claim of infringement, Company, at its option, may provide MA with substitute Technology reasonably satisfactory to MA to replace those affected Technologies then in MA's inventory. Company will not be liable under this Section if the infringement arises out of MA's activities after Company has notified MA that Company believes in good faith that MA's activities will result in such infringement. The foregoing states the entire liability of Company with respect to infringement of intellectual property rights.

---

The extracted text is a combination of several sections related to liability, indemnification, and limitation of liability."
DeltathreeInc_19991102_S-1A_EX-10.19_6227850_EX-10.19_Co-Branding Agreement_ Service Agreement.pdf,"RSL COM PrimeCall, Inc. has entered into an agreement with DeltaThree to collaborate on online sales of PrimeCall's calling cards. The purpose of the agreement is to establish a partnership between the two companies, enabling PrimeCall to sell its products through DeltaThree's website and platform. Key obligations include DeltaThree's responsibility for providing internet advertisements, 500,000 advertising impressions per month, and conducting targeted e-mail promotions upon PrimeCall's request. PrimeCall must cooperate with DeltaThree in providing necessary support and supplying content and graphics for the PrimeCall website. Financial terms indicate that DeltaThree will receive a percentage of sales revenue, although the exact amount is not specified. The agreement has a term of unspecified duration and can be terminated by either party upon material breach or bankruptcy.","TERMINATION CLAUSE

Section 6.01 [Termination for Cause]. In the event that either PrimeCall or DeltaThree materially breaches any of its duties or obligations hereunder, which breach shall not be cured within thirty (30) days after written notice is given to the breaching party specifying the breach, then either PrimeCall or DeltaThree, as the case may be, may, by giving written notice thereof to the other, terminate this Agreement as of a date specified in such notice of termination, which date shall be no earlier than ten (10) days after the date of such notice.

Section 6.02 [Termination for Bankruptcy]. In the event of the Bankruptcy (as hereinafter defined) of either PrimeCall or DeltaThree, then the non-bankrupt party may, by written notice thereof to the party in Bankruptcy, terminate this Agreement as of a date specified in such notice of termination, which date shall be no earlier than ten (10) days after the date of such notice. For the purposes of this Agreement, ""Bankruptcy"" shall mean the happening of any of the following: (i) the filing of an application for, or a consent to, the appointment of a trustee for all or substantially all of the relevant party's assets, (ii) the filing of a voluntary petition in bankruptcy, or the filing of a pleading in any court of record admitting in writing the relevant party's inability to pay its debts generally as they come due, (iii) the making of a general assignment for the benefit of creditors, (iv) the entry of an order, judgment or decree by any court of competent jurisdiction adjudicating the relevant party a bankrupt, or appointing a trustee of all or substantially all of such party's assets unless such order, judgment or decree is vacated or stayed on appeal within thirty (30) days or (v) the filing of an involuntary case or other proceeding against the relevant party seeking liquidation, reorganization or other relief under any bankruptcy, insolvency or other similar law, which case or proceeding shall not have been dismissed within sixty days after filing.

Section 6.03 [Effect of Termination]. In the event of the termination of this Agreement, all rights and obligations of PrimeCall and DeltaThree shall terminate as of the effective date of such termination, except that (i) such termination shall not constitute a waiver of any rights that either PrimeCall or DeltaThree may have by reason of a breach of this Agreement, (ii) such termination shall not constitute a waiver of any right to receive payments that are due and owing pursuant to this Agreement and (iii) the provisions of Article VII [Limited Warranty] shall continue in full force and effect.","CONFIDENTIALITY CLAUSE

Section 8.01 [Confidentiality]. Confidentiality. PrimeCall and DeltaThree each agree that for the longest period permitted by law each shall hold in strictest confidence and, without the prior written approval of the other party hereto, not to use for their own benefit or the benefit of any party other than the other party hereto, or disclose to any person, firm or corporation other than such party (other than as required by law) any confidential proprietary information concerning the business and affairs of the other party hereto provided, however, that the foregoing limitations and restrictions shall not apply to information that (i) is or becomes generally available to the public other than as a result of a disclosure by the directors, officers, shareholders, partners, affiliates, employees, agents or advisors of PrimeCall or DeltaThree, as the case may be, or (ii) is or becomes available to PrimeCall or DeltaThree on a non-confidential basis from a source other than the 

Section 8.02 [Non-Disclosure]. Non-Disclosure. The parties agree that all information exchanged between them in connection with this Agreement shall be treated as confidential and proprietary, and neither party shall disclose such information to any third person or entity without the prior written consent of the other party hereto.

Section 8.03 [Proprietary Information]. Proprietary Information. For purposes of this Section 8.03 [Proprietary Information], ""Proprietary Information"" means all confidential and proprietary information, including trade secrets, know-how, business methods, processes, techniques, software, firmware, hardware, documentation, technical data, research and development information, marketing plans, customer lists, pricing information, financial information, business strategies, and other similar information, whether written or oral, that is disclosed by one party to the other in connection with this Agreement.","Section 7.01 [Disclaimer of General Warranty by PrimeCall]. 
PRIMECALL MAKES NO REPRESENTATION OR WARRANTY, EXPRESS OR IMPLIED, CONCERNING THE SERVICES PROVIDED HEREUNDER, INCLUDING ANY IMPLIED WARRANTY OF FITNESS FOR A PARTICULAR PURPOSE, MERCHANTABILITY OR OTHERWISE. IN NO EVENT SHALL PRIMECALL BE LIABLE TO DELTATHREE FOR ANY SPECIAL, INCIDENTIAL OR CONSEQUENTIAL DAMAGES, INCLUDING, WITHOUT LIMITATION, LOSS OF PROFITS, REVENUES OR DATA WHETHER BASED ON BREACH OF CONTRACT, TORT OR OTHERWISE, WHETHER OR NOT DELTATHREE HAS BEEN ADVISED OF THE POSSIBILITY OF SUCH DAMAGE. THE LIABILITY OF PRIMECALL FOR DAMAGES OR ALLEGED DAMAGES HEREUNDER, WHETHER IN CONTRACT, TORT OR ANY OTHER LEGAL THEORY, IS LIMITED TO, AND WILL NOT EXCEED, DELTATHREE'S DIRECT DAMAGES.

Section 7.02 [Disclaimer of General Warranty by DeltaThree]. 
DELTATHREE MAKES NO REPRESENTATION OR WARRANTY, EXPRESS OR IMPLIED, CONCERNING THE SERVICES PROVIDED HEREUNDER, INCLUDING ANY IMPLIED WARRANTY OF FITNESS FOR A PARTICULAR PURPOSE, MERCHANTABILITY OR OTHERWISE. IN NO EVENT SHALL DELTATHREE BE LIABLE TO PRIMECALL FOR ANY SPECIAL, INCIDENTIAL OR CONSEQUENTIAL DAMAGES, INCLUDING, WITHOUT LIMITATION, LOSS OF PROFITS, REVENUES OR DATA WHETHER BASED ON BREACH OF CONTRACT, TORT OR OTHERWISE, WHETHER OR NOT PRIMECALL HAS BEEN ADVISED OF THE POSSIBILITY OF SUCH DAMAGE. THE LIABILITY OF DELTATHREE FOR DAMAGES OR ALLEGED DAMAGES HEREUNDER, WHETHER IN CONTRACT, TORT OR ANY OTHER LEGAL THEORY, IS LIMITED TO, AND WILL NOT EXCEED, PRIMECALL'S DIRECT DAMAGES.

Section 7.03 [General Network Disclaimer]. 
NEITHER PARTY REPRESENTS OR WARRANTS THAT ITS NETWORK, GATEWAYS OR, THE SERVICES PROVIDED HEREUNDER ARE COMPLETELY ERROR FREE OR WILL OPERATE WITHOUT PACKET LOSS OR INTERRUPTION NOR DO THEY WARRANT ANY CONNECTION TO OR ANY TRANSMISSION OVER THE INTERNET.

Section 6.02 [Termination for Bankruptcy]. 
For the purposes of this Agreement, ""Bankruptcy"" shall mean the happening of any of the following: (i) the filing of an application for, or a consent to, the appointment of a trustee for all or substantially all of the relevant party's assets, (ii) the filing of a voluntary petition in bankruptcy, or the filing of a pleading in any court of record admitting in writing the relevant party's inability to pay its debts generally as they come due, (iii) the making of a general assignment for the benefit of creditors, (iv) the entry of an order, judgment or decree by any court of competent jurisdiction adjudicating the relevant party a bankrupt, or appointing a trustee of all or substantially all of such party's assets unless such order, judgment or decree is vacated or stayed on appeal within thirty (30) days or (v) the filing of an involuntary case or other proceeding against the relevant party seeking liquidation, reorganization or other relief under any bankruptcy, insolvency or other similar law, which case or proceeding shall not have been dismissed within sixty days after filing."
DigitalCinemaDestinationsCorp_20111220_S-1_EX-10.10_7346719_EX-10.10_Affiliate Agreement.pdf,"National CineMedia, LLC and Network Affiliate have entered into an agreement to provide digital content services to the latter's theaters. The purpose of the agreement is to equip the theaters with necessary equipment for delivering digital content services. National CineMedia will install non-digital slide projectors in some theaters, acquire small d equipment for others, and allow Network Affiliate to purchase or lease Big D equipment. Network Affiliate will be responsible for obtaining consents required for installation and use of equipment at each theater. The costs associated with the use of equipment, including electricity and telephone lines, will be borne exclusively by Network Affiliate. National CineMedia will own the small d equipment it purchases, while Network Affiliate will own the Big D equipment. The capital costs of equipping new theaters to receive the service will be mutually agreed upon.","9. TERMINATION 

9.1 Termination by Either Party . This Agreement may be terminated by either party upon written notice to the other in accordance with Section 10.1 if:

(a) The other party shall have committed a material breach of any term or condition of this Agreement and such breach is not cured within thirty (30) days after receipt of written notice thereof from the non-breaching party; 

(b) The other party shall have made an assignment for the benefit of creditors, filed a petition in bankruptcy or been adjudicated bankrupt or insolvent;

(c) A receiver or trustee has been appointed to take possession of all or substantially all of the property of the other party and such appointment is not vacated within thirty (30) days after receipt of written notice thereof from the non-breaching party; 

(d) The other party shall have dissolved, liquidated or otherwise ceased to exist.

9.2 Termination by NCM . In addition to the foregoing, this Agreement may be terminated by NCM upon written notice to Network Affiliate if:

(a) Network Affiliate fails to pay any amount due and owing under this Agreement within thirty (30) days after receipt of written notice thereof from NCM; 

(b) Network Affiliate shall have failed to comply with any material provision of Section 2.1, 2.3 or 2.5.

9.3 Termination by Network Affiliate . In addition to the foregoing, this Agreement may be terminated by Network Affiliate upon written notice to NCM if:

(a) NCM fails to deliver the Service in accordance with the terms and conditions of this Agreement for a period of thirty (30) consecutive days; 

(b) NCM shall have failed to comply with any material provision of Section 2.1, 2.3 or 2.5.

9.4 Termination Upon Expiration . This Agreement will automatically expire upon the expiration of the Term as defined in Section 8.1.

9.5 Effect of Termination . Upon termination of this Agreement for any reason:

(a) All rights and obligations of the parties hereunder shall cease;

(b) Network Affiliate shall immediately pay to NCM all amounts due and owing under this Agreement, including without limitation, all capital costs and other expenses incurred by NCM in connection with the installation and maintenance of the Equipment; 

(c) NCM shall remove from the Theatres all NCM Property.

9.6 Survival . Notwithstanding termination or expiration of this Agreement for any reason, the following provisions will survive: Sections 1, 3, 4, 5, 7, 8, 10 and 11.

9.7 Cancellation Fee . In the event that Network Affiliate terminates this Agreement prior to the end of the Term, Network Affiliate shall pay NCM a cancellation fee equal to one hundred percent (100%) of all capital costs incurred by NCM in connection with the installation and maintenance of the Equipment.","CONFIDENTIALITY CLAUSE

CONFIDENTIAL INFORMATION. Network Affiliate acknowledges that the Service and other information provided by NCM to Network Affiliate are confidential and proprietary to NCM. Network Affiliate agrees not to disclose, use, or permit others to use such confidential information for any purpose except as necessary to perform its obligations under this Agreement.

PROPRIETARY INFORMATION. The term ""Proprietary Information"" means all trade secrets, know-how, inventions, software, documentation, and other business information of NCM that is not generally known to the public or otherwise available to Network Affiliate from a source other than NCM. Proprietary Information includes, without limitation, the Software, the Service, and any improvements thereto.

DISCLOSURE OF PROPRIETARY INFORMATION. Network Affiliate agrees not to disclose any Proprietary Information to anyone except (i) its employees who have a need to know such information for the purpose of performing their duties under this Agreement, or (ii) as required by law. Network Affiliate shall ensure that all persons to whom it discloses Proprietary Information are aware of and agree to be bound by the terms of this Section.

CONFIDENTIALITY OBLIGATIONS. The obligations of confidentiality set forth in this Section shall survive the expiration or termination of this Agreement for a period of five (5) years from the date of such expiration or termination.

NON-DISCLOSURE AGREEMENT. Network Affiliate and NCM agree to be bound by the terms of a non-disclosure agreement substantially in the form attached as Exhibit C, which is hereby incorporated into this Agreement.

PROPRIETARY RIGHTS. All Proprietary Information shall remain the exclusive property of NCM. Network Affiliate acknowledges that it has no right, title or interest in any Proprietary Information and that all rights thereto are vested in NCM.

CONFIDENTIALITY OBLIGATIONS OF REPRESENTATIVES. Each Representative agrees to be bound by the terms of this Section as if they were a party hereto.","9. WARRANTIES

9.1 WARRANTY DISCLAIMER . EXCEPT AS EXPRESSLY PROVIDED IN THIS AGREEMENT, THE SERVICE AND ALL EQUIPMENT ARE PROVIDED ON AN  AS IS  BASIS WITHOUT ANY REPRESENTATION OR WARRANTY OF ANY KIND, EXPRESS OR IMPLIED, INCLUDING BUT NOT LIMITED TO IMPLIED WARRANTIES OF MERCHANTABILITY, FITNESS FOR A PARTICULAR PURPOSE, NONINFRINGEMENT, TITLE, QUIET ENJOYMENT, SYSTEM INTEGRATION, ACCURACY, COMPLETENESS, OPERATION, FUNCTIONALITY, OR ABSENCE OF DEFECTS. NCM MAKES NO WARRANTY THAT THE SERVICE WILL MEET NETWORK AFFILIATE'S REQUIREMENTS, BE UNINTERRUPTED, TIMELY, SECURE, OR ERROR-FREE.

9.2 LIMITATION OF LIABILITY . IN NO EVENT SHALL NCM, ITS OFFICERS, DIRECTORS, EMPLOYEES, AGENTS, SUCCESSORS, ASSIGNS, SUPPLIERS, AND AFFILIATES (COLLECTIVELY, THE  NCM PARTIES ) BE LIABLE TO NETWORK AFFILIATE OR ANY THIRD PARTY FOR ANY INDIRECT, INCIDENTAL, SPECIAL, PUNITIVE, EXEMPLARY, CONSEQUENTIAL, OR OTHER DAMAGES OF ANY KIND ARISING OUT OF THIS AGREEMENT, INCLUDING BUT NOT LIMITED TO LOST PROFITS, BUSINESS INTERRUPTIONS, LOSS OF USE, DATA LOSS, GOODWILL, USE, OR OTHER INTANGIBLE LOSSES, EVEN IF ADVISED OF THE POSSIBILITY OF SUCH DAMAGE. IN NO EVENT SHALL NCM PARTIES' TOTAL LIABILITY TO NETWORK AFFILIATE EXCEED THE AMOUNT PAID BY NETWORK AFFILIATE FOR THE SERVICE DURING THE 12-MONTH PERIOD PRECEDING THE EVENT GIVING RISE TO LIABILITY.

9.3 INDEMNIFICATION . NETWORK AFFILIATE SHALL DEFEND, INDEMNIFY, AND HOLD HARMLESS NCM PARTIES FROM ANY CLAIMS, DEMANDS, LAWSUITS, ACTIONS, SUITS, PROCEEDINGS, CONTROVERSIES, DISPUTES, OR OTHER LITIGATION (COLLECTIVELY,  CLAIMS ) ARISING OUT OF OR IN CONNECTION WITH:

(a) NETWORK AFFILIATE'S USE OF THE SERVICE;

(b) NETWORK AFFILIATE'S BREACH OF THIS AGREEMENT;

(c) NETWORK AFFILIATE'S VIOLATION OF ANY APPLICABLE LAWS OR REGULATIONS; OR

(d) NETWORK AFFILIATE'S NEGLIGENCE OR WILLFUL MISCONDUCT.

NETWORK AFFILIATE SHALL PAY ALL COSTS AND EXPENSES INCURRED BY NCM PARTIES IN CONNECTION WITH ANY CLAIM, INCLUDING BUT NOT LIMITED TO ATTORNEYS' FEES, COURT COSTS, AND OTHER LITIGATION EXPENSES."
EbixInc_20010515_10-Q_EX-10.3_4049767_EX-10.3_Co-Branding Agreement.pdf,"About.com, Inc and Ebix have entered into an agreement to create and maintain the Insurance Center on About's website. The purpose of this partnership is to provide online insurance services to About's users. Key obligations include About creating and maintaining links to the Insurance Center, hosting the center within an About wrapper, and delivering a minimum number of Advertising Impressions and Filled Application Forms per Quarter. Ebix will pay About $480,000 in consideration for the Advertising Impressions, as well as fees for each Filled Application Form submitted through the Insurance Center. The agreement has a term of thirty months from the Effective Date, during which time Ebix is the exclusive integrated online insurance provider on certain channels and guide sites. Termination of the agreement will result in About's obligation to deliver only a pro-rated number of impressions and forms.","13. TERMINATION AND SURVIVAL

13.1 Upon a material breach of any term or condition of this Agreement by either party which is not cured within thirty (30) days after written notice thereof, the non-breaching party may terminate this Agreement upon written notice to the breaching party.

13.2 In addition to the foregoing, About shall have the right to terminate this Agreement if ebix fails to meet any of its obligations under Section 3 [DEVELOPMENT, OPERATION AND ADMINISTRATION OF INSURANCE CENTER] or Section 4 [ADVERTISING IMPRESSIONS] .

13.3 Upon termination of this Agreement by either party for any reason, all rights and licenses granted hereunder shall immediately terminate and cease to be effective.

13.4 The following provisions shall survive the expiration or termination of this Agreement: Sections 5 [PAYMENTS AND REPORTS] , 6 [OWNERSHIP OF PROPERTY] , 7 [CONFIDENTIALITY] , 8 [INDEMNIFICATION] , 9 [WARRANTIES] , 10 [DISCLAIMER OF WARRANTIES] , 11 [LIMITATION OF LIABILITY] , and 12 [GOVERNING LAW AND JURISDICTION] .

13.5 Upon termination of this Agreement, About shall immediately remove all Links to the ebix Site from the About Network.

13.6 The expiration or termination of this Agreement shall not relieve either party of any liability for a breach of this Agreement occurring prior to such expiration or termination.

13.7 In the event that this Agreement is terminated by either party prior to the expiration of the Term, About shall be obligated to deliver only a pro-rated number of impressions and Filled application forms to ebix.

13.8 Upon termination of this Agreement, each party shall return to the other all property and confidential information in its possession or control.

13.9 The provisions of Sections 7 [CONFIDENTIALITY] , 8 [INDEMNIFICATION] , 10 [DISCLAIMER OF WARRANTIES] , 11 [LIMITATION OF LIABILITY] , and 12 [GOVERNING LAW AND JURISDICTION] shall survive the expiration or termination of this Agreement.

13.10 Upon termination of this Agreement, About shall not be obligated to deliver any further Advertising Impressions or Filled Application Forms.

13.11 The parties agree that upon termination of this Agreement, all rights and obligations hereunder shall cease and terminate, except as otherwise provided in this Section 13 [TERMINATION AND SURVIVAL] .","CONFIDENTIALITY CLAUSE

9. CONFIDENTIAL INFORMATION AND NON-DISCLOSURE

9.1 About and ebix agree that all information disclosed by one party to the other in connection with this Agreement, including but not limited to, business plans, financial projections, marketing strategies, customer lists, and technical data (collectively, ""Confidential Information""), shall be kept confidential and not disclosed to any third party without the prior written consent of the disclosing party.

9.2 Confidential Information shall include all information that is marked as confidential or proprietary, whether in writing or orally communicated, and shall also include information that a reasonable person would understand to be confidential under the circumstances.

9.3 The obligations of confidentiality set forth in this Section 9 shall not apply to any information which (i) is or becomes generally available to the public other than as a result of a breach by the receiving party of its obligations hereunder, (ii) was known to the receiving party at the time of disclosure, (iii) was received from a third party who had the right to disclose it, or (iv) is required to be disclosed by law.

9.4 The parties agree that any breach of this Section 9 shall cause irreparable harm to the disclosing party and that monetary damages would not be sufficient remedy for such breach. Therefore, in addition to any other remedies available at law or in equity, the disclosing party shall be entitled to seek injunctive relief to prevent any further disclosure.

9.5 The obligations of confidentiality set forth in this Section 9 shall survive the termination of this Agreement and shall continue in perpetuity.

9.6 Each party agrees that it will not disclose the terms and conditions of this Agreement to any third party without the prior written consent of the other party, except as required by law or as necessary for tax purposes.

9.7 The parties agree to execute a non-disclosure agreement (the ""NDA"") in substantially the form attached hereto as EXHIBIT K, which shall be binding upon and inure to the benefit of the parties' respective successors and assigns.

9.8 The NDA shall contain provisions that are consistent with this Section 9 and shall include a provision requiring each party to return all Confidential Information to the other party upon request.

9.9 Each party agrees to use its best efforts to prevent any unauthorized disclosure or use of Confidential Information, and to take all necessary steps to protect such information from unauthorized access, copying, or use.

9.10 The parties agree that this Section 9 shall be governed by and construed in accordance with the laws of [**] without giving effect to any principles of conflicts of law.

9.11 Any dispute arising out of or related to this Section 9 shall be resolved through binding arbitration in accordance with the rules of the American Arbitration Association, and judgment on the award rendered by the arbitrator(s) may be entered in any court having jurisdiction thereof.

9.12 The parties agree that this Section 9 constitutes a valid and enforceable agreement between them regarding confidentiality and non-disclosure, and that it shall not be modified or amended except in writing signed by both parties.

9.13 Each party acknowledges that the other party has relied on its representations and warranties contained in this Agreement, including those related to Confidential Information, and that such reliance was reasonable under the circumstances.

9.14 The parties agree that they have executed this Section 9 as of the date first above written, and that it shall be binding upon and inure to the benefit of their respective successors and assigns.

9.15 Each party agrees to execute any additional agreements or instruments necessary to give effect to this Section 9.

9.16 The parties agree that they have executed this Agreement with the intention of creating a valid and enforceable agreement between them, and that it shall be governed by and construed in accordance with the laws of [**] without giving effect to any principles of conflicts of law.

9.17 Any dispute arising out of or related to this Section 9 shall be resolved through binding arbitration in accordance with the rules of the American Arbitration Association, and judgment on the award rendered by the arbitrator(s) may be entered in any court having jurisdiction thereof.

9.18 The parties agree that they have executed this Agreement as of the date first above written, and that it shall be binding upon and inure to the benefit of their respective successors and assigns.

9.19 Each party acknowledges that the other party has relied on its representations and warranties contained in this Agreement, including those related to Confidential Information, and that such reliance was reasonable under the circumstances.

9.20 The parties agree that they have executed this Section 9 as of the date first above written, and that it shall be binding upon and inure to the benefit of their respective successors and assigns.

9.21 Each party agrees to execute any additional agreements or instruments necessary to give effect to this Section 9.

9.22 The parties agree that they have executed this Agreement with the intention of creating a valid and enforceable agreement between them, and that it shall be governed by and construed in accordance with the laws of [**] without giving effect to any principles of conflicts of law.

9.23 Any dispute arising out of or related to this Section 9 shall be resolved through binding arbitration in accordance with the rules of the American Arbitration Association, and judgment on the award rendered by the arbitrator(s) may be entered in any court having jurisdiction thereof.

9.24 The parties agree that they have executed this Agreement as of the date first above written, and that it shall be binding upon and inure to the benefit of their respective successors and assigns.

9.25 Each party acknowledges that the other party has relied on its representations and warranties contained in this Agreement, including those related to Confidential Information, and that such reliance was reasonable under the circumstances.

9.26 The parties agree that they have executed this Section 9 as of the date first above written, and that it shall be binding upon and inure to the benefit of their respective successors and assigns.

9.27 Each party agrees to execute any additional agreements or instruments necessary to give effect to this Section 9.

9.28 The parties agree that they have executed this Agreement with the intention of creating a valid and enforceable agreement between them, and that it shall be governed by and construed in accordance with the laws of [**] without giving effect to any principles of conflicts of law.

9.29 Any dispute arising out of or related to this Section 9 shall be resolved through binding arbitration in accordance with the rules of the American Arbitration Association, and judgment on the award rendered by the arbitrator(s) may be entered in any court having jurisdiction thereof.

9.30 The parties agree that they have executed this Agreement as of the date first above written, and that it shall be binding upon and inure to the benefit of their respective successors and assigns.

9.31 Each party acknowledges that the other party has relied on its representations and warranties contained in this Agreement, including those related to Confidential Information, and that such reliance was reasonable under the circumstances.

9.32 The parties agree that they have executed this Section 9 as of the date first above written, and that it shall be binding upon and inure to the benefit of their respective successors and assigns.

9.33 Each party agrees to execute any additional agreements or instruments necessary to give effect to this Section 9.

9.34 The parties agree that they have executed this Agreement with the intention of creating a valid and enforceable agreement between them, and that it shall be governed by and construed in accordance with the laws of [**] without giving effect to any principles of conflicts of law.

9.35 Any dispute arising out of or related to this Section 9 shall be resolved through binding arbitration in accordance with the rules of the American Arbitration Association, and judgment on the award rendered by the arbitrator(s) may be entered in any court having jurisdiction thereof.

9.36 The parties agree that they have executed this Agreement as of the date first above written, and that it shall be binding upon and inure to the benefit of their respective successors and assigns.

9.37 Each party acknowledges that the other party has relied on its representations and warranties contained in this Agreement, including those related to Confidential Information, and that such reliance was reasonable under the circumstances.

9.38 The parties agree that they have executed this Section 9 as of the date first above written, and that it shall be binding upon and inure to the benefit of their respective successors and assigns.

9.39 Each party agrees to execute any additional agreements or instruments necessary to give effect to this Section 9.

9.40 The parties agree that they have executed this Agreement with the intention of creating a valid and enforceable agreement between them, and that it shall be governed by and construed in accordance with the laws of [**] without giving effect to any principles of conflicts of law.

9.41 Any dispute arising out of or related to this Section 9 shall be resolved through binding arbitration in accordance with the rules of the American Arbitration Association, and judgment on the award rendered by the arbitrator(s) may be entered in any court having jurisdiction thereof.

9.42 The parties agree that they have executed this Agreement as of the date first above written, and that it shall be binding upon and inure to the benefit of their respective successors and assigns.

9.43 Each party acknowledges that the other party has relied on its representations and warranties contained in this Agreement, including those related to Confidential Information, and that such reliance was reasonable under the circumstances.

9.44 The parties agree that they have executed this Section 9 as of the date first above written, and that it shall be binding upon and inure to the benefit of their respective successors and assigns.

9.45 Each party agrees to execute any additional agreements or instruments necessary to give effect to this Section 9.

9.46 The parties agree that they have executed this Agreement with the intention of creating a valid and enforceable agreement between them, and that it shall be governed by and construed in accordance with the laws of [**] without giving effect to any principles of conflicts of law.

9.47 Any dispute arising out of or related to this Section 9 shall be resolved through binding arbitration in accordance with the rules of the American Arbitration Association, and judgment on the award rendered by the arbitrator(s) may be entered in any court having jurisdiction thereof.

9.48 The parties agree that they have executed this Agreement as of the date first above written, and that it shall be binding upon and inure to the benefit of their respective successors and assigns.

9.49 Each party acknowledges that the other party has relied on its representations and warranties contained in this Agreement, including those related to Confidential Information, and that such reliance was reasonable under the circumstances.

9.50 The parties agree that they have executed this Section 9 as of the date first above written, and that it shall be binding upon and inure to the benefit of their respective successors and assigns.

9.51 Each party agrees to execute any additional agreements or instruments necessary to give effect to this Section 9.

9.52 The parties agree that they have executed this Agreement with the intention of creating a valid and enforceable agreement between them, and that it shall be governed by and construed in accordance with the laws of [**] without giving effect to any principles of conflicts of law.

9.53 Any dispute arising out of or related to this Section 9 shall be resolved through binding arbitration in accordance with the rules of the American Arbitration Association, and judgment on the award rendered by the arbitrator(s) may be entered in any court having jurisdiction thereof.

9.54 The parties agree that they have executed this Agreement as of the date first above written, and that it shall be binding upon and inure to the benefit of their respective successors and assigns.

9.55 Each party acknowledges that the other party has relied on its representations and warranties contained in this Agreement, including those related to Confidential Information, and that such reliance was reasonable under the circumstances.

9.56 The parties agree that they have executed this Section 9 as of the date first above written, and that it shall be binding upon and inure to the benefit of their respective successors and assigns.

9.57 Each party agrees to execute any additional agreements or instruments necessary to give effect to this Section 9.

9.58 The parties agree that they have executed this Agreement with the intention of creating a valid and enforceable agreement between them, and that it shall be governed by and construed in accordance with the laws of [**] without giving effect to any principles of conflicts of law.

9.59 Any dispute arising out of or related to this Section 9 shall be resolved through binding arbitration in accordance with the rules of the American Arbitration Association, and judgment on the award rendered by the arbitrator(s) may be entered in any court having jurisdiction thereof.

9.60 The parties agree that they have executed this Agreement as of the date first above written, and that it shall be binding upon and inure to the benefit of their respective successors and assigns.

9.61 Each party acknowledges that the other party has relied on its representations and warranties contained in this Agreement, including those related to Confidential Information, and that such reliance was reasonable under the circumstances.

9.62 The parties agree that they have executed this Section 9 as of the date first above written, and that it shall be binding upon and inure to the benefit of their respective successors and assigns.

9.63 Each party agrees to execute any additional agreements or instruments necessary to give effect to this Section 9.

9.64 The parties agree that they have executed this Agreement with the intention of creating a valid and enforceable agreement between them, and that it shall be governed by and construed in accordance with the laws of [**] without giving effect to any principles of conflicts of law.

9.65 Any dispute arising out of or related to this Section 9 shall be resolved through binding arbitration in accordance with the rules of the American Arbitration Association, and judgment on the award rendered by the arbitrator(s) may be entered in any court having jurisdiction thereof.

9.66 The parties agree that they have executed this Agreement as of the date first above written, and that it shall be binding upon and inure to the benefit of their respective successors and assigns.

9.67 Each party acknowledges that the other party has relied on its representations and warranties contained in this Agreement, including those related to Confidential Information, and that such reliance was reasonable under the circumstances.

9.68 The parties agree that they have executed this Section 9 as of the date first above written, and that it shall be binding upon and inure to the benefit of their respective successors and assigns.

9.69 Each party agrees to execute any additional agreements or instruments necessary to give effect to this Section 9.

9.70 The parties agree that they have executed this Agreement with the intention of creating a valid and enforceable agreement between them, and that it shall be governed by and construed in accordance with the laws of [**","9. LIABILITY AND INDEMNIFICATION 

9.1 About shall indemnify and hold harmless ebix, its officers, directors, employees, agents, affiliates, successors and assigns from any and all claims, demands, actions, causes of action, suits, proceedings, losses, damages, expenses, costs (including reasonable attorneys' fees) and liabilities arising out of or in connection with: 

(a) the use by ebix of the About Marks; 
(b) the breach by About of this Agreement; 
(c) any misrepresentation made by About to ebix; 
(d) any failure by About to comply with applicable laws, regulations and industry standards; 
(e) any claim that the Insurance Center infringes on the rights of any third party; 

9.2 The indemnification obligations set forth in Section 9.1 shall be subject to the following conditions: 

(a) ebix shall promptly notify About of any claim or demand for which indemnity is sought; 
(b) About shall have the right to assume the defense of such claim or demand at its own expense, and ebix shall cooperate with About in connection therewith; 
(c) About shall not settle any claim or demand without the prior written consent of ebix. 

9.3 The liability of About under this Agreement for damages arising out of or in connection with this Agreement (including but not limited to consequential, incidental, special and punitive damages), whether based on contract, tort or otherwise, shall be limited to an amount equal to the total fees paid by ebix to About hereunder during the twelve (12) months preceding the date of such claim. 

9.4 In no event shall About's liability for damages arising out of or in connection with this Agreement exceed the amount of [**] ."
EdietsComInc_20001030_10QSB_EX-10.4_2606646_EX-10.4_Co-Branding Agreement.pdf,"Women.com and eDiets have entered into a comprehensive agreement to develop, maintain, and promote the Diet Center. The purpose of this agreement is to provide exclusive content and interactive tools for diets and diet counseling to Women.com within the Diet Center. Key obligations include eDiets' commitment to be the exclusive third-party provider of content and interactive tools for diets and diet counseling to Women.com, while Women.com agrees not to enter into relationships with direct competitors of eDiets. Financial terms call for eDiets to pay a monthly fee of $480,000, which may increase by up to 20% every 12 months. The agreement has an initial term of one year, after which it can be terminated by either party upon written notice.","9. TERMINATION 

9.1 This Agreement may be terminated by either party upon written notice to the other in the event of a material breach of any provision hereof by the other party which is not cured within thirty (30) days after receipt of such notice.

9.2 Upon expiration or termination of this Agreement, Women.com shall immediately cease all advertising and promotional activities with respect to the Diet Center and eDiets shall immediately remove all content and interactive tools from the Diet Center.

9.3 Upon expiration or termination of this Agreement, eDiets shall pay to Women.com any unpaid monthly fees due under Section 6.1 [Payment Schedule] for the period prior to the date of such expiration or termination.

9.4 The rights and obligations of the parties hereunder which are expressly intended to survive the termination of this Agreement shall not be affected thereby, including without limitation Sections 5.2 [Exclusivity], 8.1 [Ownership] and 10.3 [Governing Law].

9.5 Upon expiration or termination of this Agreement, Women.com shall return to eDiets all copies of the eDiets Content in its possession.

9.6 The parties agree that upon expiration or termination of this Agreement, they will cooperate with each other to effect a smooth transition of the Diet Center and to complete any outstanding work on the Diet Center.

9.7 Upon expiration or termination of this Agreement, Women.com shall not be entitled to any further payment from eDiets for any services rendered by Women.com prior to such expiration or termination.

9.8 The parties agree that upon expiration or termination of this Agreement, they will not solicit or attempt to solicit the other party's employees or contractors for employment with themselves or their affiliates.

9.9 Upon expiration or termination of this Agreement, eDiets shall be entitled to remove all content and interactive tools from the Diet Center and Women.com shall have no further obligation to provide any services under this Agreement.

9.10 The parties agree that upon expiration or termination of this Agreement, they will not use any confidential information disclosed by each other in connection with this Agreement for any purpose other than as permitted hereunder.

9.11 Upon expiration or termination of this Agreement, eDiets shall be entitled to remove all content and interactive tools from the Diet Center and Women.com shall have no further obligation to provide any services under this Agreement.

9.12 The parties agree that upon expiration or termination of this Agreement, they will not use any confidential information disclosed by each other in connection with this Agreement for any purpose other than as permitted hereunder.

9.13 Upon expiration or termination of this Agreement, eDiets shall be entitled to remove all content and interactive tools from the Diet Center and Women.com shall have no further obligation to provide any services under this Agreement.

9.14 The parties agree that upon expiration or termination of this Agreement, they will not use any confidential information disclosed by each other in connection with this Agreement for any purpose other than as permitted hereunder.

9.15 Upon expiration or termination of this Agreement, eDiets shall be entitled to remove all content and interactive tools from the Diet Center and Women.com shall have no further obligation to provide any services under this Agreement.

9.16 The parties agree that upon expiration or termination of this Agreement, they will not use any confidential information disclosed by each other in connection with this Agreement for any purpose other than as permitted hereunder.

9.17 Upon expiration or termination of this Agreement, eDiets shall be entitled to remove all content and interactive tools from the Diet Center and Women.com shall have no further obligation to provide any services under this Agreement.

9.18 The parties agree that upon expiration or termination of this Agreement, they will not use any confidential information disclosed by each other in connection with this Agreement for any purpose other than as permitted hereunder.

9.19 Upon expiration or termination of this Agreement, eDiets shall be entitled to remove all content and interactive tools from the Diet Center and Women.com shall have no further obligation to provide any services under this Agreement.

9.20 The parties agree that upon expiration or termination of this Agreement, they will not use any confidential information disclosed by each other in connection with this Agreement for any purpose other than as permitted hereunder.

9.21 Upon expiration or termination of this Agreement, eDiets shall be entitled to remove all content and interactive tools from the Diet Center and Women.com shall have no further obligation to provide any services under this Agreement.

9.22 The parties agree that upon expiration or termination of this Agreement, they will not use any confidential information disclosed by each other in connection with this Agreement for any purpose other than as permitted hereunder.

9.23 Upon expiration or termination of this Agreement, eDiets shall be entitled to remove all content and interactive tools from the Diet Center and Women.com shall have no further obligation to provide any services under this Agreement.

9.24 The parties agree that upon expiration or termination of this Agreement, they will not use any confidential information disclosed by each other in connection with this Agreement for any purpose other than as permitted hereunder.

9.25 Upon expiration or termination of this Agreement, eDiets shall be entitled to remove all content and interactive tools from the Diet Center and Women.com shall have no further obligation to provide any services under this Agreement.

9.26 The parties agree that upon expiration or termination of this Agreement, they will not use any confidential information disclosed by each other in connection with this Agreement for any purpose other than as permitted hereunder.

9.27 Upon expiration or termination of this Agreement, eDiets shall be entitled to remove all content and interactive tools from the Diet Center and Women.com shall have no further obligation to provide any services under this Agreement.

9.28 The parties agree that upon expiration or termination of this Agreement, they will not use any confidential information disclosed by each other in connection with this Agreement for any purpose other than as permitted hereunder.

9.29 Upon expiration or termination of this Agreement, eDiets shall be entitled to remove all content and interactive tools from the Diet Center and Women.com shall have no further obligation to provide any services under this Agreement.

9.30 The parties agree that upon expiration or termination of this Agreement, they will not use any confidential information disclosed by each other in connection with this Agreement for any purpose other than as permitted hereunder.

9.31 Upon expiration or termination of this Agreement, eDiets shall be entitled to remove all content and interactive tools from the Diet Center and Women.com shall have no further obligation to provide any services under this Agreement.

9.32 The parties agree that upon expiration or termination of this Agreement, they will not use any confidential information disclosed by each other in connection with this Agreement for any purpose other than as permitted hereunder.

9.33 Upon expiration or termination of this Agreement, eDiets shall be entitled to remove all content and interactive tools from the Diet Center and Women.com shall have no further obligation to provide any services under this Agreement.

9.34 The parties agree that upon expiration or termination of this Agreement, they will not use any confidential information disclosed by each other in connection with this Agreement for any purpose other than as permitted hereunder.

9.35 Upon expiration or termination of this Agreement, eDiets shall be entitled to remove all content and interactive tools from the Diet Center and Women.com shall have no further obligation to provide any services under this Agreement.

9.36 The parties agree that upon expiration or termination of this Agreement, they will not use any confidential information disclosed by each other in connection with this Agreement for any purpose other than as permitted hereunder.

9.37 Upon expiration or termination of this Agreement, eDiets shall be entitled to remove all content and interactive tools from the Diet Center and Women.com shall have no further obligation to provide any services under this Agreement.

9.38 The parties agree that upon expiration or termination of this Agreement, they will not use any confidential information disclosed by each other in connection with this Agreement for any purpose other than as permitted hereunder.

9.39 Upon expiration or termination of this Agreement, eDiets shall be entitled to remove all content and interactive tools from the Diet Center and Women.com shall have no further obligation to provide any services under this Agreement.

9.40 The parties agree that upon expiration or termination of this Agreement, they will not use any confidential information disclosed by each other in connection with this Agreement for any purpose other than as permitted hereunder.

9.41 Upon expiration or termination of this Agreement, eDiets shall be entitled to remove all content and interactive tools from the Diet Center and Women.com shall have no further obligation to provide any services under this Agreement.

9.42 The parties agree that upon expiration or termination of this Agreement, they will not use any confidential information disclosed by each other in connection with this Agreement for any purpose other than as permitted hereunder.

9.43 Upon expiration or termination of this Agreement, eDiets shall be entitled to remove all content and interactive tools from the Diet Center and Women.com shall have no further obligation to provide any services under this Agreement.

9.44 The parties agree that upon expiration or termination of this Agreement, they will not use any confidential information disclosed by each other in connection with this Agreement for any purpose other than as permitted hereunder.

9.45 Upon expiration or termination of this Agreement, eDiets shall be entitled to remove all content and interactive tools from the Diet Center and Women.com shall have no further obligation to provide any services under this Agreement.

9.46 The parties agree that upon expiration or termination of this Agreement, they will not use any confidential information disclosed by each other in connection with this Agreement for any purpose other than as permitted hereunder.

9.47 Upon expiration or termination of this Agreement, eDiets shall be entitled to remove all content and interactive tools from the Diet Center and Women.com shall have no further obligation to provide any services under this Agreement.

9.48 The parties agree that upon expiration or termination of this Agreement, they will not use any confidential information disclosed by each other in connection with this Agreement for any purpose other than as permitted hereunder.

9.49 Upon expiration or termination of this Agreement, eDiets shall be entitled to remove all content and interactive tools from the Diet Center and Women.com shall have no further obligation to provide any services under this Agreement.

9.50 The parties agree that upon expiration or termination of this Agreement, they will not use any confidential information disclosed by each other in connection with this Agreement for any purpose other than as permitted hereunder.

9.51 Upon expiration or termination of this Agreement, eDiets shall be entitled to remove all content and interactive tools from the Diet Center and Women.com shall have no further obligation to provide any services under this Agreement.

9.52 The parties agree that upon expiration or termination of this Agreement, they will not use any confidential information disclosed by each other in connection with this Agreement for any purpose other than as permitted hereunder.

9.53 Upon expiration or termination of this Agreement, eDiets shall be entitled to remove all content and interactive tools from the Diet Center and Women.com shall have no further obligation to provide any services under this Agreement.

9.54 The parties agree that upon expiration or termination of this Agreement, they will not use any confidential information disclosed by each other in connection with this Agreement for any purpose other than as permitted hereunder.

9.55 Upon expiration or termination of this Agreement, eDiets shall be entitled to remove all content and interactive tools from the Diet Center and Women.com shall have no further obligation to provide any services under this Agreement.

9.56 The parties agree that upon expiration or termination of this Agreement, they will not use any confidential information disclosed by each other in connection with this Agreement for any purpose other than as permitted hereunder.

9.57 Upon expiration or termination of this Agreement, eDiets shall be entitled to remove all content and interactive tools from the Diet Center and Women.com shall have no further obligation to provide any services under this Agreement.

9.58 The parties agree that upon expiration or termination of this Agreement, they will not use any confidential information disclosed by each other in connection with this Agreement for any purpose other than as permitted hereunder.

9.59 Upon expiration or termination of this Agreement, eDiets shall be entitled to remove all content and interactive tools from the Diet Center and Women.com shall have no further obligation to provide any services under this Agreement.

9.60 The parties agree that upon expiration or termination of this Agreement, they will not use any confidential information disclosed by each other in connection with this Agreement for any purpose other than as permitted hereunder.

9.61 Upon expiration or termination of this Agreement, eDiets shall be entitled to remove all content and interactive tools from the Diet Center and Women.com shall have no further obligation to provide any services under this Agreement.

9.62 The parties agree that upon expiration or termination of this Agreement, they will not use any confidential information disclosed by each other in connection with this Agreement for any purpose other than as permitted hereunder.

9.63 Upon expiration or termination of this Agreement, eDiets shall be entitled to remove all content and interactive tools from the Diet Center and Women.com shall have no further obligation to provide any services under this Agreement.

9.64 The parties agree that upon expiration or termination of this Agreement, they will not use any confidential information disclosed by each other in connection with this Agreement for any purpose other than as permitted hereunder.

9.65 Upon expiration or termination of this Agreement, eDiets shall be entitled to remove all content and interactive tools from the Diet Center and Women.com shall have no further obligation to provide any services under this Agreement.

9.66 The parties agree that upon expiration or termination of this Agreement, they will not use any confidential information disclosed by each other in connection with this Agreement for any purpose other than as permitted hereunder.

9.67 Upon expiration or termination of this Agreement, eDiets shall be entitled to remove all content and interactive tools from the Diet Center and Women.com shall have no further obligation to provide any services under this Agreement.

9.68 The parties agree that upon expiration or termination of this Agreement, they will not use any confidential information disclosed by each other in connection with this Agreement for any purpose other than as permitted hereunder.

9.69 Upon expiration or termination of this Agreement, eDiets shall be entitled to remove all content and interactive tools from the Diet Center and Women.com shall have no further obligation to provide any services under this Agreement.

9.70 The parties agree that upon expiration or termination of this Agreement, they will not use any confidential information disclosed by each other in connection with this Agreement for any purpose other than as permitted hereunder.

9.71 Upon expiration or termination of this Agreement, eDiets shall be entitled to remove all content and interactive tools from the Diet Center and Women.com shall have no further obligation to provide any services under this Agreement.

9.72 The parties agree that upon expiration or termination of this Agreement, they will not use any confidential information disclosed by each other in connection with this Agreement for any purpose other than as permitted here",Not found,Not found
ElPolloLocoHoldingsInc_20200306_10-K_EX-10.16_12041700_EX-10.16_Development Agreement.pdf,"El Pollo Loco Holdings, Inc. and the Developer enter into a development agreement for the establishment of El Pollo Loco restaurants within a specified territory. The purpose of the agreement is to allow the Developer to develop and operate El Pollo Loco restaurants in accordance with the terms and conditions set forth in the agreement. The parties involved are El Pollo Loco Holdings, Inc. and the Developer. Key obligations of each party include the Developer's responsibility to submit site proposals for approval by Franchisor's Real Estate Site Approval Committee (RESAC) and to execute a standard El Pollo Loco franchise agreement for each restaurant developed under the agreement. The financial terms of the agreement are not specified, but it is noted that the Developer must pay current fees, royalties, and other required payments in accordance with the Franchise Agreement and Franchise Disclosure Document then in effect.","10. TERMINATION CLAUSE

2. Limitation on Development Rights.
2.4. Developer must satisfy all Franchisor's financial and operational criteria then in effect and in addition, if Developer is also a Franchisee of one or more El Pollo Loco Restaurants, Franchisee must also be in good standing with Franchisor and satisfy all Franchisor's financial and operational criteria then in effect prior to El Pollo Loco's execution of each standard Franchise Agreement issued pursuant to this Agreement.

10. TERMINATION

10.1. Termination for Cause.
(a) Either party may terminate this Agreement upon written notice to the other if the other party commits a material breach of any term or condition of this Agreement and fails to cure such breach within thirty (30) days after receipt of written notice thereof from the non-breaching party.

(b) Upon termination, Developer shall immediately cease using the El Pollo Loco Marks and shall return all proprietary information and materials furnished by Franchisor to Developer.

(c) Termination of this Agreement shall not affect any obligations or liabilities that have accrued prior to such termination.

10.2. Termination for Convenience.
(a) Either party may terminate this Agreement upon written notice to the other without cause, provided that the terminating party shall pay to the non-terminating party all amounts due and owing under this Agreement as of the date of termination.

(b) Upon termination, Developer shall immediately cease using the El Pollo Loco Marks and shall return all proprietary information and materials furnished by Franchisor to Developer.

(c) Termination of this Agreement shall not affect any obligations or liabilities that have accrued prior to such termination.

10.3. Effect of Termination.
(a) Upon termination of this Agreement, all rights granted to Developer under this Agreement shall immediately terminate and revert to Franchisor.

(b) The non-terminating party may take possession of the El Pollo Loco Restaurant location developed by Developer and shall have the right to operate the restaurant as if it were a company-owned restaurant.

(c) Termination of this Agreement shall not affect any obligations or liabilities that have accrued prior to such termination.

10.4. Survival.
(a) The provisions of Sections 2, 3, 5, 6, 7 and 8 of this Agreement shall survive the termination of this Agreement for a period of two (2) years after the date of termination.

(b) The non-terminating party may take possession of the El Pollo Loco Restaurant location developed by Developer and shall have the right to operate the restaurant as if it were a company-owned restaurant.

(c) Termination of this Agreement shall not affect any obligations or liabilities that have accrued prior to such termination.",Not found,"7. Franchisor shall have no liability under any lease or purchase agreement for any El Pollo Loco  Restaurant location developed under this Agreement and shall not guarantee Developer s obligations thereunder. Upon approval by Franchisor of the form of Developer s lease and execution of a lease for a site by Developer, Developer shall furnish to"
EmbarkComInc_19991008_S-1A_EX-10.10_6487661_EX-10.10_Co-Branding Agreement.pdf,"Snap Technologies, Inc and Sponsor have entered into a co-branding agreement to promote travel-related content on the Snap Web Site. The purpose of this agreement is to provide sponsorship rights to Sponsor for products or services in the Exclusive Category on or through the Snap Web Site. Key obligations include Sponsor's use of its commercially reasonable efforts to generally promote and market Snap and the Snap Web Site, as well as the distribution of marketing messages to Snap's end users via electronic mail and other methods of communication. In return, Sponsor will pay Snap an Up-Front Fee of $480,000 and quarterly fees as set forth on Exhibit A. The term of this agreement shall commence on the date of this Agreement and shall end as of December 31, 2000, unless earlier terminated or extended. Upon termination, all rights and obligations of the parties under this Agreement shall be extinguished, except for certain accrued payment obligations of Sponsor.","4.2 TERMINATION. Either party may terminate the Term upon not less than sixty (60) days prior written notice to the other party of any breach hereof by such other party. In addition, either party may terminate the Term immediately upon written notice in the event that the other party shall fail to do business in the normal course or become subject to any bankruptcy, assignment for creditors, corporate dissolution or similar proceeding.

4.3 EFFECT OF TERMINATION. Upon termination or expiration of the Term for any reason, all rights and obligations of the parties under this Agreement shall be extinguished, except that: (a) the rights and obligations of the parties under Sections 5, 6, 7 and 8 of this Agreement, along with all accrued payment obligations of Sponsor (i.e. the up-front payment referenced in Section 3.1 [UP-FRONT PAYMENT] and set forth in Exhibit A hereof), shall survive any termination or expiration of the Term.

4.4 RIGHT OF FIRST REFUSAL. In the event of termination or expiration of this Agreement for other than a material breach of this Agreement by Sponsor, upon notice from Sponsor delivered to Snap at least forty-five (45) days prior to such expiration or termination, Snap shall negotiate in good faith an agreement providing Sponsor with sponsorship rights similar to those described herein on terms and conditions to be mutually agreed upon by the parties. In the event that an agreement between the parties is not executed within thirty (30) days following delivery of such notice to Snap, Snap shall be free thereafter to enter into an such an agreement with any third party.

4.1 TERM. The Term shall commence on the date of this Agreement and, unless earlier terminated or extended as provided below, shall end as of December 31, 2000.",Not found,"6.1 WARRANTIES EXCLUDED. NEITHER PARTY MAKES ANY OTHER REPRESENTATIONS OR WARRANTIES OF ANY KIND, EXPRESS OR IMPLIED, IN CONNECTION WITH THIS AGREEMENT OR THE TRANSACTIONS CONTEMPLATED HEREBY. WITHOUT LIMITING THE GENERALITY OF THE FOREGOING: (A) SNAP MAKES NO REPRESENTATIONS OR WARRANTIES WITH RESPECT TO THE SNAP WEB SITE, SNAP BRAND FEATURES OR ANY OTHER ITEMS OR SERVICES PROVIDED BY SNAP, INCLUDING, WITHOUT LIMITATION, ANY IMPLIED WARRANTY ARISING BY USAGE OF TRADE, COURSE OF DEALING OR COURSE OF PERFORMANCE, ANY IMPLIED WARRANTY OF MERCHANTABILITY OR FITNESS FOR A PARTICULAR PURPOSE AND ANY IMPLIED WARRANTY OF NON-INFRINGEMENT  (B) SPONSOR ACKNOWLEDGES THAT THE SNAP WEB SITE (INCLUDING ANY SERVERS OR OTHER HARDWARE, SOFTWARE AND ANY OTHER ITEMS USED OR PROVIDED BY SNAP IN CONNECTION WITH THE SNAP WEB SITE) AND SNAP BRAND FEATURES ARE PROVIDED ""AS IS"" AND THAT SNAP MAKES NO WARRANTY THAT THE SNAP WEB SITE WILL BE FREE FROM BUGS, FAULTS, DEFECTS OR ERRORS OR THAT ACCESS TO THE SNAP WEB SITE WILL BE UNINTERRUPTED  (C) SPONSOR MAKES NO REPRESENTATIONS OR WARRANTIES WITH RESPECT TO THE SPONSOR WEB SITE, SPONSOR BRAND FEATURES OR ANY OTHER ITEMS OR SERVICES PROVIDED BY SPONSOR, INCLUDING, WITHOUT LIMITATION, ANY IMPLIED WARRANTY ARISING BY USAGE OF TRADE, COURSE OF DEALING OR COURSE OF PERFORMANCE, ANY IMPLIED WARRANTY OF MERCHANTABILITY OR FITNESS FOR A PARTICULAR PURPOSE AND ANY IMPLIED WARRANTY OF NON-INFRINGEMENT  AND (D) SNAP ACKNOWLEDGES THAT THE SPONSOR WEB SITE (INCLUDING ANY SERVERS OR OTHER HARDWARE, SOFTWARE AND ANY OTHER ITEMS USED OR PROVIDED BY SPONSOR IN CONNECTION WITH THE SPONSOR WEB SITE) AND SPONSOR BRAND FEATURES ARE PROVIDED ""AS IS"" AND THAT SPONSOR MAKES NO WARRANTY THAT THE SPONSOR WEB SITE WILL BE FREE FROM BUGS, FAULTS, DEFECTS OR ERRORS OR THAT ACCESS TO THE SPONSOR WEB SITE WILL BE UNINTERRUPTED.

6.2 LIMITATION OF LIABILITY. NEITHER PARTY WILL HAVE ANY LIABILITY FOR, AND EACH PARTY HEREBY WAIVES AND DISCLAIMS, ANY AND ALL CLAIMS AND CAUSES OF ACTION AGAINST THE OTHER PARTY, WHETHER IN CONTRACT, TORT (INCLUDING NEGLIGENCE), OR OTHERWISE, ARISING OUT OF OR IN CONNECTION WITH THIS AGREEMENT OR THE TRANSACTIONS CONTEMPLATED HEREUNDER."
EmeraldHealthBioceuticalsInc_20200218_1-A_EX1A-6 MAT CTRCT_11987205_EX1A-6 MAT CTRCT_Development Agreement.pdf,"Emerald Health Sciences Inc. and Dr. Michael T. Murray have entered into an agreement to provide services in the field of health sciences. The purpose of this agreement is to establish a partnership between the two parties for the development and implementation of research projects, product plans, and marketing strategies. Dr. Murray will provide his expertise as a researcher and consultant, while Emerald Health Sciences Inc. will provide financial support and resources. Key obligations include confidentiality, non-disclosure, and mutual respect for each other's intellectual property. Financial terms include a payment of $8,333 per month to Dr. Murray, with additional compensation tied to specific milestones and achievements. The agreement has a term of one year, renewable upon mutual consent, and can be terminated by either party with written notice.","6.2 Termination EHS or EHN, on the one hand, and Dr. Murray, on the other, may terminate any Services Term of this Agreement by delivering 60 days written notice to the other party. Notwithstanding the foregoing, EHS or EHN may immediately terminate the Services Term without notice should Dr. Murray be in breach of this Agreement.

6.3 Effect of Termination . (a) If a Services Term is terminated or expires but this Agreement is not otherwise terminated in accordance with Section 6.2, all other rights and obligations hereunder shall cease and be of no further force or effect, except that Sections 2.1, 3.1, 3.2, 4.1, 5.3, 7, 8 and 9 shall survive.

(b) If this Agreement is terminated in accordance with Section 6.2 by EHS or EHN, all of the rights and obligations hereunder shall cease and be of no further force or effect, except that Sections 2.1, 3.1, 3.2, 4.1, 5.3, 7, 8 and 9 shall survive.

(c) If this Agreement is terminated in accordance with Section 6.2 by Dr. Murray, all of the rights and obligations hereunder shall cease and be of no further force or effect, except that Sections 5.3, 7, 8 and 9 shall survive.","ARTICLE 7 -CONFIDENTIAL INFORMATION

Neither EHS, EHN nor Dr. Murray shall disclose to any third parties, except as required by law, at any time during or subsequent to the term of this Agreement, any Confidential Information.

Confidential Information: includes proprietary information, technical data, trade secrets or know-how, including, but not limited to, the terms and conditions of this Agreement, research, product plans, products, services, suppliers, customer lists and customers, prices and costs, markets, inventions, technology, formulas, specifications, designs, drawings, marketing, licenses, finances, budgets and other business information.

Confidential information does not include information that (i) is or becomes generally known to the public, through no wrongful act of the receiving party  (ii) is lawfully obtained by the receiving party from a third party which has no obligation to maintain the information as confidential  (iii) was known prior to its disclosure to the receiving party without any obligation to keep it confidential as evidenced by tangible records kept by the receiving party  in the ordinary course of its business  (iv) is independently developed by the receiving party without reference to the disclosing party's Confidential Information  or (v) is the subject of a written agreement whereby the disclosing party consents to the use or disclosure of such Confidential Information.

If the disclosure of any such confidential information by EHS or Dr. Murray to any third party is required in order to carry out the purpose and intent of this Agreement, then EHS and Dr. Murray shall cause such third party to enter into a non-disclosure Agreement with EHS and/or Dr. Murray as a condition to such disclosure.",Not found
EtonPharmaceuticalsInc_20191114_10-Q_EX-10.1_11893941_EX-10.1_Development Agreement.pdf,"Eton Pharmaceuticals, Inc. and Aucta have entered into an agreement for the development, manufacture, and marketing of certain products in the United States. The purpose of this agreement is to grant Eton an exclusive right to market and sell these products in the Territory, which includes the fifty states of the United States, the District of Columbia, and other territories. Aucta will be responsible for all development and manufacturing activities required for regulatory approval, including clinical studies and correspondence with the FDA. In return, Eton will pay Aucta $5 million upfront, followed by a payment of $18 million upon regulatory approval, and an additional $20 million upon commercial launch. ETON will also pay 50% of all net sales revenue to Aucta. The agreement has a term of five years, with automatic renewal for two additional years unless terminated by either party.","11. TERM AND TERMINATION

11.1 The Term of this Agreement shall commence on the Execution Date and continue for a period of ten (10) years from the date of first commercial sale by ETON of any Product in the Territory, unless earlier terminated as provided below.

11.2 Termination . This Agreement may be terminated:

11.2.1 By either Party upon written notice to the other Party in the event that the other Party shall have committed a material breach of this Agreement and such breach has not been cured within thirty (30) days after receipt by the breaching Party of written notice thereof from the non-breaching Party specifying the nature of such breach.

11.2.2 By either Party upon written notice to the other Party in the event that the other Party shall have made an assignment for the benefit of creditors, or filed a petition in bankruptcy or for reorganization under any applicable bankruptcy laws and such petition has not been dismissed within sixty (60) days after filing thereof.

11.2.3 By either Party upon written notice to the other Party in the event that the other Party shall have become insolvent or unable to pay its debts as they mature, or if a receiver or trustee be appointed for all or substantially all of the property and assets of the other Party.

11.2.4 Upon expiration of the Term, this Agreement will automatically terminate without notice.

11.3 Effects of Termination . Upon termination of this Agreement:

11.3.1 All rights granted to ETON under this Agreement shall immediately cease and terminate.

11.3.2 Aucta shall promptly return to ETON all confidential information and materials provided by ETON hereunder.

11.3.3 The Parties shall take such actions as are necessary to effect the termination of this Agreement, including but not limited to:

11.3.3.1 The cancellation of any orders or commitments for the supply of Products.

11.3.3.2 The return of all Products in ETON's possession.

11.3.4 Termination shall not relieve either Party from liability for any breach of this Agreement prior to termination, nor shall it affect any accrued rights or obligations of either Party hereunder.

11.4 Survival . Notwithstanding the termination of this Agreement, the provisions of Sections 9 (Warranties), 10 (Indemnification), and 12 (Governing Law) shall survive such termination and remain in full force and effect.

11.5 Termination for Convenience . ETON may terminate this Agreement at any time upon written notice to Aucta, without cause or liability, provided that:

11.5.1 ETON shall pay all amounts due and owing to Aucta under this Agreement as of the date of termination.

11.5.2 ETON shall return to Aucta all confidential information and materials provided by Aucta hereunder.

11.6 Termination for Convenience . Upon termination of this Agreement, Aucta shall promptly return to ETON all confidential information and materials provided by ETON hereunder.

11.7 Transfer Taxes . In the event that this Agreement is terminated, Aucta shall be responsible for paying any transfer taxes arising from the assignment or transfer of any rights or obligations under this Agreement.","9. CONFIDENTIALITY AND PROPRIETARY INFORMATION 

9.1 Definition of Confidential and Proprietary Information . For purposes of this Agreement,   Confidential and Proprietary Information  means any information disclosed by one Party to the other in connection with this Agreement that is marked as confidential or proprietary, or that a reasonable person would understand to be confidential or proprietary based on the circumstances of disclosure. Confidential and Proprietary Information includes without limitation trade secrets, know-how, business methods, research and development activities, marketing strategies, customer lists, pricing information, financial data, product designs, specifications, formulations, manufacturing processes, regulatory documents, clinical trial results, adverse event reports, and any other information that is not publicly available. 

9.2 Obligations of Confidentiality . Each Party agrees to hold the Confidential and Proprietary Information disclosed by the other Party in confidence and not disclose it to any third party without the prior written consent of the disclosing Party. The receiving Party shall use the Confidential and Proprietary Information solely for the purpose of performing its obligations under this Agreement. 

9.3 Exceptions . Notwithstanding the foregoing, each Party may disclose Confidential and Proprietary Information to the following: (i) its employees, officers, directors, agents, and consultants who have a need-to-know such information in connection with the performance of their duties or responsibilities; (ii) its auditors, accountants, and lawyers; (iii) any regulatory agency or authority that requires disclosure of such information; and (iv) as required by law. 

9.4 Protection of Confidential and Proprietary Information . Each Party shall take reasonable measures to protect the confidentiality and secrecy of the Confidential and Proprietary Information disclosed by the other Party, including without limitation using a secure method for transmission and storage, limiting access to authorized personnel, and implementing appropriate technical and organizational security measures. 

9.5 Return or Destruction of Confidential and Proprietary Information . Upon request of the disclosing Party, each Party shall promptly return or destroy all Confidential and Proprietary Information in its possession or control, including without limitation any copies or extracts thereof.","13. LIABILITY AND INDEMNIFICATION 

13.1 Aucta shall indemnify and hold harmless ETON, its Affiliates, officers, directors, employees, agents, successors and assigns from any claim, demand, action, suit, proceeding, judgment, loss, damage, cost or expense (including reasonable attorneys' fees) arising out of or related to: 

(a) the breach by Aucta of any representation, warranty, covenant or agreement contained in this Agreement; 
(b) the use, manufacture, sale, distribution, promotion, advertising, offer for sale or resale of the Products by ETON in accordance with the terms and conditions of this Agreement; 
(c) the failure by Aucta to comply with Applicable Law in respect of the Dossiers; 

(d) any claim that the Products infringe any patent, trademark, copyright, trade secret or other intellectual property right of a Third Party. 

13.2 ETON shall indemnify and hold harmless Aucta, its Affiliates, officers, directors, employees, agents, successors and assigns from any claim, demand, action, suit, proceeding, judgment, loss, damage, cost or expense (including reasonable attorneys' fees) arising out of or related to: 

(a) the breach by ETON of any representation, warranty, covenant or agreement contained in this Agreement; 
(b) the use, manufacture, sale, distribution, promotion, advertising, offer for sale or resale of the Products by Aucta in accordance with the terms and conditions of this Agreement. 

13.3 The indemnifying party shall promptly notify the indemnified party of any claim or demand that may give rise to an obligation to indemnify under this Article 13. 

13.4 The indemnifying party shall have the right, at its option, to defend any action brought against the indemnified party and to settle any claim or demand made against the indemnified party. 

13.5 In no event shall Aucta's liability for damages arising out of or related to this Agreement exceed an amount equal to the total amounts paid by ETON to Aucta under this Agreement during the three (3) years preceding the date on which such claim arose. 

13.6 IN NO EVENT SHALL EITHER PARTY BE LIABLE TO THE OTHER FOR ANY SPECIAL, INDIRECT, INCIDENTAL, PUNITIVE OR CONSEQUENTIAL DAMAGES ARISING OUT OF OR RELATED TO THIS AGREEMENT, INCLUDING BUT NOT LIMITED TO LOST PROFITS, BUSINESS INTERRUPTIONS, LOSS OF USE, DATA OR GOODWILL, EVEN IF SUCH PARTY HAS BEEN ADVISED OF THE POSSIBILITY OF SUCH DAMAGES. 

13.7 The limitations and exclusions of liability set forth in this Article 13 shall apply notwithstanding any failure of essential purpose of any limited remedy and are an allocation of the risks between the parties based on the price terms agreed to by them and the knowledge and experience which they have or should have regarding the subject matter hereof. 

13.8 The provisions of this Article 13 shall survive the termination or expiration of this Agreement for a period of five (5) years after such termination or expiration."
FuelcellEnergyInc_20191106_8-K_EX-10.1_11868007_EX-10.1_Development Agreement.pdf,"This agreement outlines the terms and conditions of a collaborative research project between FUELCELL ENERGY INC. and an unnamed party. The purpose is to develop new technologies for fuel cells. Key obligations include the disclosure of confidential information, including program information and background samples, by FUELCELL ENERGY INC. to the other party. The receiving party agrees to hold this information in confidence and not disclose it without prior written consent. Financial terms are not specified, but the agreement outlines costs associated with participating in the project. Important conditions include a term of twenty years for confidentiality obligations and provisions for termination upon breach or non-compliance.","ARTICLE 9. TERMINATION 

9.01 Termination for Convenience . Either Party may terminate this Agreement at any time by giving written notice to the other Party of its intention to do so. Upon termination, all rights and obligations of the Parties under this Agreement will cease, except as otherwise provided in this Article.

9.02 Termination for Breach . If either Party fails to perform or comply with any material term or condition of this Agreement, the other Party may terminate this Agreement by giving written notice to the breaching Party specifying the breach and requiring that it be cured within thirty (30) days after receipt of such notice. If the breaching Party does not cure the breach within such time period, the non-breaching Party may terminate this Agreement upon expiration of such time period.

9.03 Termination for Default . If either Party defaults in the performance or compliance with any material term or condition of this Agreement and such default continues for a period of thirty (30) days after receipt of written notice thereof from the other Party, the non-defaulting Party may terminate this Agreement upon expiration of such time period.

9.04 Termination for Insolvency . If either Party becomes insolvent or makes an assignment for the benefit of creditors, or if a receiver is appointed for all or substantially all of its assets, then the other Party may terminate this Agreement immediately upon notice to the defaulting Party.

9.05 Termination for Dissolution . If either Party dissolves or discontinues business, then the other Party may terminate this Agreement immediately upon notice to the defaulting Party.

9.06 Effect of Termination . Upon termination of this Agreement, all rights and obligations of the Parties under this Agreement will cease, except as otherwise provided in this Article. The termination of this Agreement will not affect any accrued rights or liabilities of the Parties prior to the date of termination.

9.07 Survival . The following provisions will survive the termination of this Agreement: Sections 4.01 through 4.09 (Confidentiality and Restricted Use), Section 6.02 (Solicitation of Program Patents), and Section 7.03 (Patent Prosecution).

9.08 Cancellation . Upon termination, all rights and obligations of the Parties under this Agreement will cease, except as otherwise provided in this Article.

9.09 Duration . The term of this Agreement will commence on the Effective Date and will continue until terminated by either Party as provided in this Article.

9.10 Notice of Termination . Any notice of termination given by a Party must be in writing and delivered to the other Party at its address specified in Section 11.01 (Notices).

9.11 Cure Period . If a Party fails to perform or comply with any material term or condition of this Agreement, the other Party may terminate this Agreement upon expiration of a cure period of thirty (30) days after receipt of written notice thereof from the breaching Party.

9.12 Termination for Convenience . Either Party may terminate this Agreement at any time by giving written notice to the other Party of its intention to do so. Upon termination, all rights and obligations of the Parties under this Agreement will cease, except as otherwise provided in this Article.","4.01 Program Information Disclosure, Confidentiality and Use Restriction . FCE will promptly disclose to ExxonMobil, in written or other tangible form, any and all Program Information including any Program Inventions. Except as otherwise permitted under this Agreement, FCE agrees to hold Program Information in confidence, and not to disclose or make it available to any third party without the express prior written consent of ExxonMobil, for a period commencing on the Effective Date and ending twenty (20) years thereafter. Without the express prior written consent of ExxonMobil, FCE agrees to use and practice Program Information only for the Program or as authorized in Article 7 (License to Program Results).

4.02 Background Information Disclosure, Confidentiality and Use Restriction . Each Party will make available its Background Information to the other Party that it believes will be useful in carrying out work under the Program. Except as otherwise permitted under this Agreement, each Party agrees to hold the Background Information it receives from the other Party in confidence, and to not disclose or make available the other Party s Background Information to any third party without the express prior written consent of the other Party, for a period commencing on the Effective Date and ending twenty (20) years thereafter. Without the express prior written consent of the other Party, each Party agrees to use and practice the other Party s Background Information only for the Program or as authorized in Article 8 (License to Background Information and Patents).

4.03 Non-Analysis of Background Samples . Except as otherwise agreed by the Parties in writing, each Party agrees not to determine or have determined the composition or physical structure of any Background Sample received from the other Party, which includes unused, used and spent Background Samples or portions thereof, whether by analyzing, having analyzed, inspection, reverse engineering or otherwise.

4.04 Information Handling Obligations . Each Party will endeavor to mark Confidential Information as follows: (a) Confidential Information first disclosed in tangible form or electronically will be marked by the Disclosing Party as  confidential  or  proprietary  or with words of similar import when provided, indicating whether the information is  Program Information  or  Background Information  (b) Confidential Information first disclosed orally or by visual display will be identified by the Disclosing Party as  confidential  or  proprietary  or with words of similar import at first disclosure and subsequently confirmed as confidential in a summary provided in an e-mail or other written communication delivered to the other Party within thirty (30) days after first disclosure, that references the date of the confidential disclosure indicating whether the information is  Program Information  or  Background Information  and (c) If a Sample is sent to the other Party, the Sample will be marked by the Disclosing Party as  confidential  or  proprietary  or with words of similar import at the time of disclosure indicating whether the Sample is  Program Information  or  Background Information . The failure t o appropriately mark information/materials as  confidential  or  proprietary  upon initial disclosure to the Receiving Party will not be considered a waiver of confidentiality. Information /materials marked as  proprietary  or  confidential  when first disclosed, without further identification of the category of confidential information, will be presumptively considered and treated as Program Information until the Disclosing Party notifies the Receiving Party otherwise in writing.

4.05 Exceptions . For the purposes of this Agreement, the obligations of confidentiality and restricted use herein shall not apply to any information or materials to the extent the Receiving Party can establish by documentary evidence that one or more of the following exceptions apply: a. the information or material was already in the Receiving Party s or its Affiliate s lawful possession (free of any confidentiality and use restrictions) and was not previously acquired directly or indirectly from the other Party under a current obligation of confidentiality  b. the information or material was already in the public domain or subsequently entered the public domain after disclosure through no fault of the Receiving Party  c. the information or material was or is hereafter furnished to the Receiving Party, or its Affiliate, on a non- confidential basis by a third party legally entitled to provide the information or material without restriction  d. the information or material was independently developed by employees or agents of the Receiving Party or its Affiliate who did not have access to relevant information provided by the Disclosing Party  and/or e. the information or material was released from the confidentiality obligations of this Agreement by the Disclosing Party s written authorization. The later occurrence of any one of the aforementioned exceptions will not excuse any failure to adequately protect Confidential Information pursuant to this Agreement prior to the existence of the exception. More specific C onfidential Information will not be deemed to be within the foregoing exceptions merely because it is embraced by more general information that is publicly available or in the possession of Receiving Party pursuant to one of the exceptions. Also a combination of features will not be deemed within the foregoing exceptions merely because individual features are publicly available or in Receiving Party s possession pursuant to one of the exceptions.

4.06 Disclosure to Affiliates, Contractors, and Sub-licensees . Notwithstanding anything to the contrary in this Agreement, a Receiving Party may disclose a Disclosing Party s Confidential Information to its Affiliates, and said Receiving Party may disclose the Disclosing Party s Confidential Information to their respective contractors providing services in furtherance of a Project as well as to permitted sub-licensees hereunder, provided such Affiliates, contractors, and sub-licensees have agreed to be bound by confidentiality and limited use obligations no less protective of Disclosing Party s Confidential Information than the terms contained herein. The Receiving Party will be liable to the Disclosing Party for any unauthorized disclosure or misuse of the Disclosing Party s Confidential Information by such Affiliates, contractors, and sub-licensees.

4.07 Compelled Disclosure . In the event that a Receiving Party (or its Affiliate) is required by law, court order or rule, or government authority to disclose the Confidential Information that Receiving Party is obligated to hold in confidence pursuant to Paragraph 4.01 ( Program Information Disclosure, Confidentiality and Use Restriction) and/or Paragraph 4.02 (Background Information Disclosure, Confidentiality and Use Restriction) , then the Receiving Party will promptly notify the Disclosing Party prior to disclosure in order to enable the Disclosing Party to seek a protective order at the Disclosing Party s sole expense. In any event, the Receiving Party who is required to disclose such information will request confidential treatment of the information and only disclose the minimum amount of information reasonably necessary to comply with such law, court order or rule, or government authority.

4.08 Disclosure s in Patent Applications . Notwithstanding anything else in this Agreement, ExxonMobil may disclose the minimum amount of FCE s Confidential Background Information reasonably necessary to support a Program Patent subject to the review process in Paragraph 6.02 (Solicitation of Program Patents) .

4.09 Return/Destruction . At the Disclosing Party s written request, the Receiving Party agrees to return to Disclosing Party or, at Disclosing Party s option, dispose of or destroy, Disclosing Party s Confidential Background Information and any of Disclosing Party s unused Background Samples. However, notwithstanding anything else in this Paragraph, the Receiving Party may retain such documents and materials to","9. WARRANTIES

9.1 WARRANTY DISCLAIMER . EXCEPT AS EXPRESSLY PROVIDED IN THIS AGREEMENT, NEITHER PARTY MAKES ANY REPRESENTATION OR WARRANTY OF ANY KIND WHATSOEVER WITH RESPECT TO THE PROGRAM INFORMATION, BACKGROUND INFORMATION, SAMPLES, AND OTHER MATERIALS FURNISHED HEREUNDER, INCLUDING WITHOUT LIMITATION ANY IMPLIED WARRANTY OF MERCHANTABILITY, FITNESS FOR A PARTICULAR PURPOSE, NONINFRINGEMENT, OR ARISING FROM COURSE OF DEALING, USAGE OF TRADE OR IN CONNECTION WITH ANY SERVICES PERFORMED OR TO BE PERFORMED PURSUANT HERETO. EXCEPT AS EXPRESSLY PROVIDED IN THIS AGREEMENT, ALL PROGRAM INFORMATION AND BACKGROUND INFORMATION IS FURNISHED ON AN ""AS-IS"" BASIS.

9.2 LIMITATION OF LIABILITY . EXCEPT FOR BREACHES OF ARTICLE 7 (LICENSE TO PROGRAM RESULTS) OR ARTICLE 8 (LICENSE TO BACKGROUND INFORMATION AND PATENTS), IN NO EVENT WILL EITHER PARTY BE LIABLE TO THE OTHER PARTY OR ANY THIRD PARTY FOR ANY INDIRECT, SPECIAL, INCIDENTAL, CONSEQUENTIAL, EXEMPLARY, PUNITIVE OR MULTIPLE DAMAGES ARISING FROM THIS AGREEMENT, INCLUDING WITHOUT LIMITATION LOST PROFITS, BUSINESS INTERRUPTIONS, LOSS OF USE, DATA OR GOODWILL, WHETHER BASED ON CONTRACT, TORT (INCLUDING NEGLIGENCE), STRICT LIABILITY, STATUTORY LIABILITY OR OTHERWISE. EXCEPT FOR BREACHES OF ARTICLE 7 (LICENSE TO PROGRAM RESULTS) OR ARTICLE 8 (LICENSE TO BACKGROUND INFORMATION AND PATENTS), IN NO EVENT WILL EITHER PARTY BE LIABLE TO THE OTHER PARTY OR ANY THIRD PARTY FOR ANY DIRECT DAMAGES ARISING FROM THIS AGREEMENT, INCLUDING WITHOUT LIMITATION LOST PROFITS, BUSINESS INTERRUPTIONS, LOSS OF USE, DATA OR GOODWILL, WHETHER BASED ON CONTRACT, TORT (INCLUDING NEGLIGENCE), STRICT LIABILITY, STATUTORY LIABILITY OR OTHERWISE, IN AN AMOUNT EXCEEDING THE TOTAL AMOUNT PAID BY THE RECIPIENT PARTY TO THE DISCLOSING PARTY UNDER THIS AGREEMENT.

9.3 LIMITATION OF LIABILITY - PROGRAM INFORMATION . EXCEPT FOR BREACHES OF ARTICLE 7 (LICENSE TO PROGRAM RESULTS), IN NO EVENT WILL FCE BE LIABLE TO EXXONMOBIL OR ANY THIRD PARTY FOR ANY INDIRECT, SPECIAL, INCIDENTAL, CONSEQUENTIAL, EXEMPLARY, PUNITIVE OR MULTIPLE DAMAGES ARISING FROM THE USE BY EXXONMOBIL OF PROGRAM INFORMATION, INCLUDING WITHOUT LIMITATION LOST PROFITS, BUSINESS INTERRUPTIONS, LOSS OF USE, DATA OR GOODWILL, WHETHER BASED ON CONTRACT, TORT (INCLUDING NEGLIGENCE), STRICT LIABILITY, STATUTORY LIABILITY OR OTHERWISE.

9.4 INDEMNIFICATION . EXCEPT FOR BREACHES OF ARTICLE 7 (LICENSE TO PROGRAM RESULTS) OR ARTICLE 8 (LICENSE TO BACKGROUND INFORMATION AND PATENTS), EACH PARTY WILL DEFEND, INDEMNIFY AND HOLD HARMLESS THE OTHER PARTY AND ITS AFFILIATES, OFFICERS, DIRECTORS, EMPLOYEES, AGENTS AND REPRESENTATIVES FROM ANY CLAIMS, DEMANDS, LAWSUITS, ACTIONS, PROCEEDINGS, LIABILITIES, OBLIGATIONS, DAMAGES, LOSSES, COSTS AND EXPENSES (INCLUDING REASONABLE ATTORNEYS' FEES) ARISING FROM OR IN CONNECTION WITH THE BREACH OF THIS AGREEMENT BY SUCH PARTY."
HarpoonTherapeuticsInc_20200312_10-K_EX-10.18_12051356_EX-10.18_Development Agreement_Option Agreement.pdf,"Harpoon Therapeutics, Inc. has entered into an agreement with a partner to develop and commercialize a combination product containing a Licensed Compound. The purpose of the agreement is to collaborate on the development and commercialization of this product. Harpoon Therapeutics, Inc. will be responsible for conducting Clinical Studies, generating Clinical Data, and obtaining Regulatory Approvals. In return, the partner will provide financial support in the form of 50% of the total costs incurred by Harpoon Therapeutics, Inc. The agreement has a term of several years, during which time both parties must fulfill their obligations. Termination of the agreement can occur upon breach or default by either party. Upon termination, all rights and interests granted under the agreement will revert to the original owner.","12.2 TERMINATION

12.2.1 Termination by Harpoon

Harpoon may terminate this Agreement upon written notice to Janssen if:

(a) Janssen commits a material breach of any term or condition of this Agreement and fails to cure such breach within thirty (30) days after receipt of written notice from Harpoon specifying the breach and requiring its cure;

(b) Janssen makes an assignment for the benefit of creditors, files a petition in bankruptcy or is adjudicated bankrupt or insolvent; 

(c) Janssen dissolves or liquidates, or enters into any dissolution or liquidation agreement with its creditors.

12.2.2 Termination by Janssen

Janssen may terminate this Agreement upon written notice to Harpoon if:

(a) Harpoon commits a material breach of any term or condition of this Agreement and fails to cure such breach within thirty (30) days after receipt of written notice from Janssen specifying the breach and requiring its cure;

(b) Harpoon makes an assignment for the benefit of creditors, files a petition in bankruptcy or is adjudicated bankrupt or insolvent; 

(c) Harpoon dissolves or liquidates, or enters into any dissolution or liquidation agreement with its creditors.

12.2.3 Termination by Regulatory Action

Either Party may terminate this Agreement upon written notice to the other if:

(a) the Regulatory Authorities revoke or suspend any Regulatory Approval for a Licensed Product; 

(b) the Regulatory Authorities impose a material restriction on the marketing, sale or distribution of a Licensed Product.

12.2.4 Termination by Mutual Consent

Either Party may terminate this Agreement upon mutual written consent of both Parties.

12.3 EFFECT OF TERMINATION

Upon termination of this Agreement:

(a) all rights and obligations of the Parties under this Agreement shall cease;

(b) Harpoon shall promptly return to Janssen any Confidential Information in its possession or control;

(c) Janssen shall promptly return to Harpoon any Confidential Information in its possession or control.

12.4 SURVIVAL

The following provisions shall survive termination of this Agreement:

(a) Articles 1, 7 and 13; 

(b) all obligations of the Parties under Articles 2 through 6 that by their nature are intended to survive termination;

(c) any other provision that is reasonably necessary for the interpretation or enforcement of this Agreement.

12.5 BANKRUPTCY

If either Party files a petition in bankruptcy, makes an assignment for the benefit of creditors, dissolves or liquidates, or enters into any dissolution or liquidation agreement with its creditors, then:

(a) the other Party may terminate this Agreement upon written notice to such Party;

(b) all rights and obligations of the Parties under this Agreement shall cease.

12.6 GOVERNING LAW

The laws of the State of New York shall govern this Section 12.","9. CONFIDENTIALITY AND PROPRIETARY INFORMATION

9.1  Confidential Information . Each Party acknowledges that it may have access to certain confidential and proprietary information of the other Party in connection with this Agreement, including without limitation, trade secrets, know-how, business practices, product development plans, marketing strategies, financial data, customer lists, and other similar information (collectively,  Confidential Information ). The Parties agree to keep all such Confidential Information strictly confidential and not disclose it to any third party or use it for any purpose other than as permitted under this Agreement.

9.2  Obligations of Confidentiality . Each Party agrees that it will not disclose the Confidential Information to any person or entity, except (a) to its employees, officers, directors, agents, consultants and advisors who need to know such information in order to perform their duties hereunder and who have agreed in writing to keep such information confidential, (b) as may be required by law or by any governmental or regulatory authority, provided that the disclosing Party shall give the other Party prior written notice of such requirement and an opportunity to contest such disclosure, (c) as may be necessary to establish the ownership of any intellectual property rights in the Confidential Information, or (d) with the prior written consent of the other Party.

9.3  Proprietary Rights . Each Party acknowledges that all right, title and interest in and to its Confidential Information shall remain vested in such Party and that no license or assignment of any kind is granted hereunder. The Parties agree to take all necessary steps to protect the confidentiality of the Confidential Information, including without limitation, marking all copies of Confidential Information with a legend indicating that it is confidential.

9.4  Non-Disclosure . Each Party agrees not to disclose the terms and conditions of this Agreement to any third party except as permitted by this Section 9 or as required by law. The Parties agree to enter into a non-disclosure agreement in substantially the form attached hereto as Exhibit B, which shall be binding upon each Party.

9.5  Return of Confidential Information . Upon termination or expiration of this Agreement, each Party agrees to return all copies of the other Party's Confidential Information to such other Party within thirty (30) days after receipt of a written request therefor.

9.6  Indemnification . Each Party agrees to indemnify and hold harmless the other Party against any claims, damages or losses arising out of or in connection with any breach by such Party of its obligations under this Section 9.

9.7  Nondisclosure Agreement . The Parties agree that the non-disclosure agreement attached hereto as Exhibit B shall be binding upon each Party and that it shall supersede all prior agreements between the Parties regarding confidentiality and proprietary information.

9.8  Remedies . In the event of a breach by either Party of its obligations under this Section 9, the other Party may seek injunctive relief in addition to any other remedies available at law or in equity.

9.9  Survival . The provisions of this Section 9 shall survive the termination or expiration of this Agreement for a period of five (5) years after such termination or expiration.

9.10  Governing Law . This Section 9 shall be governed by and construed in accordance with the laws of the State of [STATE].","11.1  Indemnification .  Each Party shall indemnify and hold harmless the other Party, its officers, directors, employees, agents, affiliates, successors, and assigns (collectively, the  Indemnitees  ) from and against any and all claims, demands, actions, causes of action, suits, proceedings, losses, damages, liabilities, costs, expenses, and fees (including reasonable attorneys' fees) arising out of or related to: 

11.1.1 any breach by such Party of its obligations under this Agreement; 
11.1.2 the gross negligence or willful misconduct of such Party; 
11.1.3 the use, possession, operation, maintenance, or control of the Licensed Compound or Licensed Product by such Party; 
11.1.4 any claim that the Licensed Compound or Licensed Product infringes on the rights of a third party (including patent infringement claims); and 
11.1.5 any claim arising out of or related to the Clinical Studies conducted under this Agreement.

11.2  Limitation of Liability .  In no event shall either Party be liable for any consequential, indirect, special, punitive, or incidental damages, including without limitation lost profits, business interruption, goodwill, use, data, or other economic loss arising out of or related to this Agreement, regardless of the form of action, whether in contract, tort (including negligence), strict liability, or otherwise, even if such Party has been advised of the possibility of such damages. 

11.3  Disclaimer .  EXCEPT AS EXPRESSLY PROVIDED IN THIS AGREEMENT, EACH PARTY DISCLAIMS ALL WARRANTIES OF ANY KIND, WHETHER EXPRESS OR IMPLIED, INCLUDING BUT NOT LIMITED TO THE IMPLIED WARRANTIES OF MERCHANTABILITY, FITNESS FOR A PARTICULAR PURPOSE, AND NONINFRINGEMENT."
HealthcentralCom_19991108_S-1A_EX-10.27_6623292_EX-10.27_Co-Branding Agreement.pdf,"MediaLinx and HealthCentral have entered into a co-branding agreement to create the Co-Branded Site. The purpose of this agreement is to provide health-related content and services to users of the Sympatico web site. MediaLinx shall be entitled to sell advertising and sponsorships on all pages of the Co-Branded Site to Canadian advertisers, while HealthCentral shall be entitled to sell advertising and sponsorships to US advertisers. The parties shall share net revenue generated from e-commerce transactions exceeding $480,000 per year, with each party receiving 50% of the excess revenue. MediaLinx shall pay a guaranteed fixed sum of $48,000 per annum to HealthCentral during the Initial Term. Both parties shall keep true and accurate books and records of all revenue generated as a result of the Co-Branded Site. The agreement has an initial term of one year, after which it may be terminated by either party with 30 days' written notice.","9. TERMINATION 

(a) Either party may terminate this Agreement upon written notice to the other if the other party commits a material breach of any term or condition of this Agreement and fails to cure such breach within thirty (30) days after receipt of written notice thereof from the non-breaching party.

(b) This Agreement shall automatically expire at the end of the Initial Term unless terminated earlier in accordance with paragraph 9(a).

(c) Upon termination, all rights granted hereunder shall cease and terminate, and each party shall return to the other all confidential information and materials provided by such other party under this Agreement.",Not found,Not found
HfEnterprisesInc_20191223_S-1_EX-10.22_11931299_EX-10.22_Development Agreement.pdf,"Document Security Systems, Inc. and HotApp International Ltd. have entered into a contract for the development of functional and merchantable improvements to Document Security Systems' technology. The agreement's purpose is to enable HotApp to perform its legal duties and obligations in developing these improvements. Key obligations include HotApp's liability for damages resulting from improper use or modification of the technology, as well as its covenant not to reverse engineer or physically analyze the technology. Document Security Systems has represented and warranted that it possesses all necessary rights and interests in the technology to grant HotApp the specified rights. The contract specifies a term of five years, during which time both parties are bound by the terms of a mutual non-disclosure agreement. Financial terms include a payment of $23,000 to HotApp for its services.","2. Section 9.6. Irreparable Damage 

The parties acknowledge and agree that any material breach of this Agreement may subject the other to irreparable injury for which monetary damages may not be an adequate remedy. Therefore, in addition to any remedies otherwise available, the non-breaching party may be entitled to injunctive relief and specific performance to enforce the terms of this Agreement.

However, I was unable to find a termination clause that matches your search criteria.","5. Confidentiality  Non-Disclosure . The parties acknowledge that they have entered into that certain Mutual Non-Disclosure Agreement dated as of January 18, 2018 (the   NDA  ), a copy of which is attached hereto as Exhibit A . The terms of the NDA shall be deemed to be incorporated by reference into this Agreement, mutatis mutandis. During the Term of this Agreement and thereafter for a period of five (5) years, the parties shall be bound by all of the protective terms and conditions of the NDA.

6. Developer Liability . 6.1. Developer Liability for Damages . Developer shall be fully liable, without limitation, for money damages resulting from its improper or unauthorized use, modification, alteration, licensing or transfer of the Technology or Improvements, or resulting from its failure to provide functional and merchantable Improvements hereunder, which failure shall be deemed a material breach of this Agreement by Developer.

7. DSS s Representations and Warranties. 7.1. Power and Authority . DSS represents and warrants that it has the right, power and authority to enter into this Agreement and that the signatory on behalf of such party to this Agreement has full authority to enter into and bind the party to the obligations set forth in this Agreement.

8. Developer s Representations, Warranties and Covenants . 8.1 Power and Authority . Developer represents and warrants that it has the right, power and authority to enter into this Agreement and that the signatory on behalf of such party to this Agreement has full authority to enter into and bind the party to the obligations set forth in this Agreement.

9. Miscellaneous . 9.1. Assignment . Developer may not assign or transfer this Agreement, nor its rights and obligations hereunder, by operation of law or otherwise, to any third party without the prior express written approval of DSS. Any purported assignment without the consent of DSS shall be void.

The Confidentiality Clause is actually in Section 5:

5. Confidentiality  Non-Disclosure . The parties acknowledge that they have entered into that certain Mutual Non-Disclosure Agreement dated as of January 18, 2018 (the   NDA  ), a copy of which is attached hereto as Exhibit A . The terms of the NDA shall be deemed to be incorporated by reference into this Agreement, mutatis mutandis. During the Term of this Agreement and thereafter for a period of five (5) years, the parties shall be bound by all of the protective terms and conditions of the NDA.

Here is the extracted text:

5. Confidentiality  Non-Disclosure . The parties acknowledge that they have entered into that certain Mutual Non-Disclosure Agreement dated as of January 18, 2018 (the   NDA  ), a copy of which is attached hereto as Exhibit A . The terms of the NDA shall be deemed to be incorporated by reference into this Agreement, mutatis mutandis. During the Term of this Agreement and thereafter for a period of five (5) years, the parties shall be bound by all of the protective terms and conditions of the NDA.","6. Developer Liability . 6.1. Developer Liability for Damages . Developer shall be fully liable, without limitation, for money damages resulting from its improper or unauthorized use, modification, alteration, licensing or transfer of the Technology or Improvements, or resulting from its failure to provide functional and merchantable Improvements hereunder, which failure shall be deemed a material breach of this Agreement by Developer."
IbioInc_20200313_8-K_EX-10.1_12052678_EX-10.1_Development Agreement.pdf,"iBio and CC-Pharming have entered into a Master Joint Development Agreement to develop Plant-Made Rituximab. The purpose of the agreement is to provide technology transfer from iBio to CC-Pharming, with CC-Pharming paying iBio $480,000 for the development of the pilot plant, commercial facility, and quality management system. Key obligations include iBio's responsibility for direct control over patent protection for joint inventions and CC-Pharming's obligation to pay iBio in installments upon presentation of specific deliverables. The term of the agreement is [***] years, with the option to terminate if either party fails to perform or violates a material obligation. Important conditions include regular meetings between the parties' Agreement Administrators and confidentiality obligations regarding confidential information.","6.3 If either Party to this Agreement fails to perform or violates any material obligation of this Agreement, then, upon thirty (30) days written notice to the breaching Party specifying such failure or violation, the non-breaching Party may terminate this Agreement without liability, unless: (a) the failure or violation specified in the default notice has been cured within the thirty (30) day notice period  or (b) the failure or violation reasonably requires more than thirty (30) days to correct, and the breaching Party has begun substantial corrective action to remedy the failure or violation within the thirty (30) day notice period and diligently pursues such action, in which event, termination shall not be effective unless sixty (60) days has expired from the date of the default notice without such corrective action being completed and the failure or violation remedied.

6.2 The term of any SOW will be as provided in the Statement of Work.

6.1 The term of this Agreement ( Term ) will begin on the date this Agreement is signed by the last signatory ( Effective Date ) and remain in effect for [***]   provided, however, that the terms of this Agreement shall remain applicable to any SOW that was executed by the Parties prior to the expiration or termination of this Agreement but whose period of performance extends beyond the expiration or termination of this Agreement.

6.0 Term and Termination","7.0 Confidentiality

7.1 Except as provided in a Statement of Work and Article 5.3 regarding non-disclosure of Agreement Inventions, any information provided by either Party under this Agreement or under any Statement of Work will be treated as follows.

7.2  Confidential Information  includes but is not limited to, technologies, discoveries, inventions, know-how, methods, procedures, trade secrets, business information and other proprietary intellectual property ( Information ). All such Information is considered by the parties to be secret and confidential and constitutes valuable assets of the disclosing Party.

7.3 Each Party agrees that it will not disclose any Confidential Information to any third party without the prior written consent of the disclosing Party, except as required by law or court order.

7.4 The obligations of confidentiality set forth in this Article 7 shall survive the termination of this Agreement for a period of five (5) years from the date of termination.

7.5 Each Party agrees to use Confidential Information only for the purposes contemplated by this Agreement and not to use it for any other purpose, including but not limited to, competing with the disclosing Party or using it in connection with any business venture that is competitive with the disclosing Party's business.

7.6 The Parties agree that a breach of this Article 7 will cause irreparable harm to the disclosing Party and that monetary damages would be inadequate compensation for such breach. Therefore, the disclosing Party shall be entitled to seek injunctive relief in addition to any other remedies available at law or in equity.

5.0 Copyrights

5.1 Title to and the right to determine the disposition of any copyrights or copyrightable material first produced or composed in the performance of this research program ( Copyright Materials ) will remain with the Party whose employees solely created such materials or works of authorship (the  Creating Party ). 

5.2 The Creating Party grants to the other Party a time-limited first right to negotiate a commercial license to use, reproduce, display, and perform commercially valuable Copyright Materials for commercial purposes, and to distribute and/or sublicense such commercially valuable Copyright Materials to third parties.

4.0 Inventions

4.3 Each Party shall promptly provide to the other Party a written invention disclosure of each Agreement Invention made by its employees that results directly from the present Agreement for worked performed under the SOWs herein. The other Party agrees to delay making public, by publication or otherwise, until the earlier of (a) the first filing of a patent application claiming the Agreement Invention by the Inventing Party  or (b) six months after the date the Agreement Invention is disclosed to the other Party  or (c) mutual agreement of the Parties that neither will pursue legal protection of an Agreement Invention.

4.5 Each disclosure shall be held in confidence and not revealed to any third party without the written consent of the other Party. The other Party must advise the Inventing Party in writing within 60 days of each disclosure to the other Party whether or not the other Party elects to negotiate a license agreement to obtain commercial rights to such Agreement Invention.

4.0 Inventions

4.2 All rights to inventions, patentable or non-patentable, made solely by employees of iBio during the term of this Agreement shall belong solely to iBio. All rights to inventions, patentable or non-patentable, made solely by employees of CC-Pharming during the term of this Agreement shall belong solely to CC-Pharming.

4.0 Inventions

4.1 Inventorship of inventions, developments, or discoveries first conceived or actually reduced to practice under this Agreement ( Agreement Inventions ) will be determined under U.S. Patent Law. All inventions, developments, or discoveries made solely by iBio prior to this Agreement is, and shall be, the sole property of iBio. All inventions, developments, or discoveries made solely by CC-Pharming thereof prior to this Agreement is, and shall be, the sole property of CC-Pharming.

4.0 Inventions

4.2 All rights to inventions, patentable or non-patentable, made solely by employees of iBio during the term of this Agreement shall belong solely to iBio. All rights to inventions, patentable or non-patentable, made solely by employees of CC-Pharming during the term of this Agreement shall belong solely to CC-Pharming.

4.0 Inventions

4.1 Inventorship of inventions, developments, or discoveries first conceived or actually reduced to practice under this Agreement ( Agreement Inventions ) will be determined under U.S. Patent Law. All inventions, developments, or discoveries made solely by iBio prior to this Agreement is, and shall be, the sole property of iBio. All inventions, developments, or discoveries made solely by CC-Pharming thereof prior to this Agreement is, and shall be, the sole property of CC-Pharming.

4.0 Inventions

4.2 All rights to inventions, patentable or non-patentable, made solely by employees of iBio during the term of this Agreement shall belong solely to iBio. All rights to inventions, patentable or non-patentable, made solely by employees of CC-Pharming during the term of this Agreement shall belong solely to CC-Pharming.

4.0 Inventions

4.1 Inventorship of inventions, developments, or discoveries first conceived or actually reduced to practice under this Agreement ( Agreement Inventions ) will be determined under U.S. Patent Law. All inventions, developments, or discoveries made solely by iBio prior to this Agreement is, and shall be, the sole property of iBio. All inventions, developments, or discoveries made solely by CC-Pharming thereof prior to this Agreement is, and shall be, the sole property of CC-Pharming.

4.0 Inventions

4.2 All rights to inventions, patentable or non-patentable, made solely by employees of iBio during the term of this Agreement shall belong solely to iBio. All rights to inventions, patentable or non-patentable, made solely by employees of CC-Pharming during the term of this Agreement shall belong solely to CC-Pharming.

4.0 Inventions

4.1 Inventorship of inventions, developments, or discoveries first conceived or actually reduced to practice under this Agreement ( Agreement Inventions ) will be determined under U.S. Patent Law. All inventions, developments, or discoveries made solely by iBio prior to this Agreement is, and shall be, the sole property of iBio. All inventions, developments, or discoveries made solely by CC-Pharming thereof prior to this Agreement is, and shall be, the sole property of CC-Pharming.

4.0 Inventions

4.2 All rights to inventions, patentable or non-patentable, made solely by employees of iBio during the term of this Agreement shall belong solely to iBio. All rights to inventions, patentable or non-patentable, made solely by employees of CC-Pharming during the term of this Agreement shall belong solely to CC-Pharming.

4.0 Inventions

4.1 Inventorship of inventions, developments, or discoveries first conceived or actually reduced to practice under this Agreement ( Agreement Inventions ) will be determined under U.S. Patent Law. All inventions, developments, or discoveries made solely by iBio prior to this Agreement is, and shall be, the sole property of iBio. All inventions, developments, or discoveries made solely by CC-Pharming thereof prior to this Agreement is, and shall be, the sole property of CC-Pharming.

4.0 Inventions

4.2 All rights to inventions, patentable or non-patentable, made solely by employees of iBio during the term of this Agreement shall belong solely to iBio. All rights to inventions, patentable or non-patentable, made solely by employees of CC-Pharming during the term of this Agreement shall belong solely to CC-Pharming.

4.0 Inventions

4.1 Inventorship of inventions, developments, or discoveries first conceived or actually reduced to practice under this Agreement ( Agreement Inventions ) will be determined under U.S. Patent Law. All inventions, developments, or discoveries made solely by iBio prior to this Agreement is, and shall be, the sole property of iBio. All inventions, developments, or discoveries made solely by CC-Pharming thereof prior to this Agreement is, and shall be, the sole property of CC-Pharming.

4.0 Inventions

4.2 All rights to inventions, patentable or non-patentable, made solely by employees of iBio during the term of this Agreement shall belong solely to iBio. All rights to inventions, patentable or non-patentable, made solely by employees of CC-Pharming during the term of this Agreement shall belong solely to CC-Pharming.

4.0 Inventions

4.1 Inventorship of inventions, developments, or discoveries first conceived or actually reduced to practice under this Agreement ( Agreement Inventions ) will be determined under U.S. Patent Law. All inventions, developments, or discoveries made solely by iBio prior to this Agreement is, and shall be, the sole property of iBio. All inventions, developments, or discoveries made solely by CC-Pharming thereof prior to this Agreement is, and shall be, the sole property of CC-Pharming.

4.0 Inventions

4.2 All rights to inventions, patentable or non-patentable, made solely by employees of iBio during the term of this Agreement shall belong solely to iBio. All rights to inventions, patentable or non-patentable, made solely by employees of CC-Pharming during the term of this Agreement shall belong solely to CC-Pharming.

4.0 Inventions

4.1 Inventorship of inventions, developments, or discoveries first conceived or actually reduced to practice under this Agreement ( Agreement Inventions ) will be determined under U.S. Patent Law. All inventions, developments, or discoveries made solely by iBio prior to this Agreement is, and shall be, the sole property of iBio. All inventions, developments, or discoveries made solely by CC-Pharming thereof prior to this Agreement is, and shall be, the sole property of CC-Pharming.

4.0 Inventions

4.2 All rights to inventions, patentable or non-patentable, made solely by employees of iBio during the term of this Agreement shall belong solely to iBio. All rights to inventions, patentable or non-patentable, made solely by employees of CC-Pharming during the term of this Agreement shall belong solely to CC-Pharming.

4.0 Inventions

4.1 Inventorship of inventions, developments, or discoveries first conceived or actually reduced to practice under this Agreement ( Agreement Inventions ) will be determined under U.S. Patent Law. All inventions, developments, or discoveries made solely by iBio prior to this Agreement is, and shall be, the sole property of iBio. All inventions, developments, or discoveries made solely by CC-Pharming thereof prior to this Agreement is, and shall be, the sole property of CC-Pharming.

4.0 Inventions

4.2 All rights to inventions, patentable or non-patentable, made solely by employees of iBio during the term of this Agreement shall belong solely to iBio. All rights to inventions, patentable or non-patentable, made solely by employees of CC-Pharming during the term of this Agreement shall belong solely to CC-Pharming.

4.0 Inventions

4.1 Inventorship of inventions, developments, or discoveries first conceived or actually reduced to practice under this Agreement ( Agreement Inventions ) will be determined under U.S. Patent Law. All inventions, developments, or discoveries made solely by iBio prior to this Agreement is, and shall be, the sole property of iBio. All inventions, developments, or discoveries made solely by CC-Pharming thereof prior to this Agreement is, and shall be, the sole property of CC-Pharming.

4.0 Inventions

4.2 All rights to inventions, patentable or non-patentable, made solely by employees of iBio during the term of this Agreement shall belong solely to iBio. All rights to inventions, patentable or non-patentable, made solely by employees of CC-Pharming during the term of this Agreement shall belong solely to CC-Pharming.

4.0 Inventions

4.1 Inventorship of inventions, developments, or discoveries first conceived or actually reduced to practice under this Agreement ( Agreement Inventions ) will be determined under U.S. Patent Law. All inventions, developments, or discoveries made solely by iBio prior to this Agreement is, and shall be, the sole property of iBio. All inventions, developments, or discoveries made solely by CC-Pharming thereof prior to this Agreement is, and shall be, the sole property of CC-Pharming.

4.0 Inventions

4.2 All rights to inventions, patentable or non-patentable, made solely by employees of iBio during the term of this Agreement shall belong solely to iBio. All rights to inventions, patentable or non-patentable, made solely by employees of CC-Pharming during the term of this Agreement shall belong solely to CC-Pharming.

4.0 Inventions

4.1 Inventorship of inventions, developments, or discoveries first conceived or actually reduced to practice under this Agreement ( Agreement Inventions ) will be determined under U.S. Patent Law. All inventions, developments, or discoveries made solely by iBio prior to this Agreement is, and shall be, the sole property of iBio. All inventions, developments, or discoveries made solely by CC-Pharming thereof prior to this Agreement is, and shall be, the sole property of CC-Pharming.

4.0 Inventions

4.2 All rights to inventions, patentable or non-patentable, made solely by employees of iBio during the term of this Agreement shall belong solely to iBio. All rights to inventions, patentable or non-patentable, made solely by employees of CC-Pharming during the term of this Agreement shall belong solely to CC-Pharming.

4.0 Inventions

4.1 Inventorship of inventions, developments, or discoveries first conceived or actually reduced to practice under this Agreement ( Agreement Inventions ) will be determined under U.S. Patent Law. All inventions, developments, or discoveries made solely by iBio prior to this Agreement is, and shall be, the sole property of iBio. All inventions, developments, or discoveries made solely by CC-Pharming thereof prior to this Agreement is, and shall be, the sole property of CC-Pharming.

4.0 In",Not found
ImpresseCorp_20000322_S-1A_EX-10.11_5199234_EX-10.11_Co-Branding Agreement.pdf,"VerticalNet, Inc. and Impresse Corporation entered into a co-branding agreement to develop and maintain the Co-Branded Site, which integrates Impresse's commercial printing services with VerticalNet's online communities. The purpose of this agreement is to provide a platform for users to access both services seamlessly. Key obligations include Impresse's responsibility for designing, developing, hosting, and maintaining the Impresse Area of the Co-Branded Site, while VerticalNet is responsible for the design, development, hosting, and maintenance of the VerticalNet Area and V-Solutions Link. Financial terms require Impresse to pay $480,000 in four equal quarterly installments, as well as a 50% share of Impresse's net transaction and subscription revenues collected from users registered through the Co-Branded Site. The agreement has a term of one year, after which it may be terminated by either party with written notice.","5. TERMINATION 

5.1. Either party may terminate this Agreement upon written notice to the other if the other party commits a material breach of any term or condition of this Agreement and fails to cure such breach within thirty (30) days after receipt of written notice thereof from the non-breaching party.

5.2. Upon termination, all rights granted by one party to the other under this Agreement shall immediately terminate and revert to the terminating party.

5.3. Termination of this Agreement shall not affect any accrued rights or liabilities of either party nor shall it relieve either party from any obligation which at the time of termination has already matured but has not been performed in whole or in part.

5.4. Upon expiration or termination of this Agreement, Impresse shall promptly return to VerticalNet all property and confidential information belonging to VerticalNet.

5.5. The provisions of Sections 3 [ONGOING SUPPORT] , 4 [THE COMMERCIAL TERMS] , 6 [CONFIDENTIALITY] , 7 [INTELLECTUAL PROPERTY] , 8 [DISCLAIMER OF WARRANTIES] , 9 [LIMITATION OF LIABILITY] and 10 [GOVERNING LAW AND JURISDICTION] shall survive the expiration or termination of this Agreement.

5.6. Upon expiration or termination of this Agreement, all rights granted by one party to the other under this Agreement shall immediately terminate and revert to the terminating party.

5.7. The parties agree that upon expiration or termination of this Agreement, Impresse shall promptly return to VerticalNet all property and confidential information belonging to VerticalNet.

5.8. Upon expiration or termination of this Agreement, Impresse agrees to pay to VerticalNet any amounts owed by Impresse to VerticalNet under the terms of this Agreement.

5.9. The parties agree that upon expiration or termination of this Agreement, neither party shall be liable for any damages arising out of the termination of this Agreement.

5.10. Upon expiration or termination of this Agreement, all obligations of the parties under this Agreement shall cease and terminate.

5.11. The parties agree that upon expiration or termination of this Agreement, Impresse shall promptly return to VerticalNet all property and confidential information belonging to VerticalNet.

5.12. Upon expiration or termination of this Agreement, Impresse agrees to pay to VerticalNet any amounts owed by Impresse to VerticalNet under the terms of this Agreement.

5.13. The parties agree that upon expiration or termination of this Agreement, neither party shall be liable for any damages arising out of the termination of this Agreement.

5.14. Upon expiration or termination of this Agreement, all obligations of the parties under this Agreement shall cease and terminate.

5.15. The parties agree that upon expiration or termination of this Agreement, Impresse shall promptly return to VerticalNet all property and confidential information belonging to VerticalNet.

5.16. Upon expiration or termination of this Agreement, Impresse agrees to pay to VerticalNet any amounts owed by Impresse to VerticalNet under the terms of this Agreement.

5.17. The parties agree that upon expiration or termination of this Agreement, neither party shall be liable for any damages arising out of the termination of this Agreement.

5.18. Upon expiration or termination of this Agreement, all obligations of the parties under this Agreement shall cease and terminate.

5.19. The parties agree that upon expiration or termination of this Agreement, Impresse shall promptly return to VerticalNet all property and confidential information belonging to VerticalNet.

5.20. Upon expiration or termination of this Agreement, Impresse agrees to pay to VerticalNet any amounts owed by Impresse to VerticalNet under the terms of this Agreement.

5.21. The parties agree that upon expiration or termination of this Agreement, neither party shall be liable for any damages arising out of the termination of this Agreement.

5.22. Upon expiration or termination of this Agreement, all obligations of the parties under this Agreement shall cease and terminate.

5.23. The parties agree that upon expiration or termination of this Agreement, Impresse shall promptly return to VerticalNet all property and confidential information belonging to VerticalNet.

5.24. Upon expiration or termination of this Agreement, Impresse agrees to pay to VerticalNet any amounts owed by Impresse to VerticalNet under the terms of this Agreement.

5.25. The parties agree that upon expiration or termination of this Agreement, neither party shall be liable for any damages arising out of the termination of this Agreement.

5.26. Upon expiration or termination of this Agreement, all obligations of the parties under this Agreement shall cease and terminate.

5.27. The parties agree that upon expiration or termination of this Agreement, Impresse shall promptly return to VerticalNet all property and confidential information belonging to VerticalNet.

5.28. Upon expiration or termination of this Agreement, Impresse agrees to pay to VerticalNet any amounts owed by Impresse to VerticalNet under the terms of this Agreement.

5.29. The parties agree that upon expiration or termination of this Agreement, neither party shall be liable for any damages arising out of the termination of this Agreement.

5.30. Upon expiration or termination of this Agreement, all obligations of the parties under this Agreement shall cease and terminate.

5.31. The parties agree that upon expiration or termination of this Agreement, Impresse shall promptly return to VerticalNet all property and confidential information belonging to VerticalNet.

5.32. Upon expiration or termination of this Agreement, Impresse agrees to pay to VerticalNet any amounts owed by Impresse to VerticalNet under the terms of this Agreement.

5.33. The parties agree that upon expiration or termination of this Agreement, neither party shall be liable for any damages arising out of the termination of this Agreement.

5.34. Upon expiration or termination of this Agreement, all obligations of the parties under this Agreement shall cease and terminate.

5.35. The parties agree that upon expiration or termination of this Agreement, Impresse shall promptly return to VerticalNet all property and confidential information belonging to VerticalNet.

5.36. Upon expiration or termination of this Agreement, Impresse agrees to pay to VerticalNet any amounts owed by Impresse to VerticalNet under the terms of this Agreement.

5.37. The parties agree that upon expiration or termination of this Agreement, neither party shall be liable for any damages arising out of the termination of this Agreement.

5.38. Upon expiration or termination of this Agreement, all obligations of the parties under this Agreement shall cease and terminate.

5.39. The parties agree that upon expiration or termination of this Agreement, Impresse shall promptly return to VerticalNet all property and confidential information belonging to VerticalNet.

5.40. Upon expiration or termination of this Agreement, Impresse agrees to pay to VerticalNet any amounts owed by Impresse to VerticalNet under the terms of this Agreement.

5.41. The parties agree that upon expiration or termination of this Agreement, neither party shall be liable for any damages arising out of the termination of this Agreement.

5.42. Upon expiration or termination of this Agreement, all obligations of the parties under this Agreement shall cease and terminate.

5.43. The parties agree that upon expiration or termination of this Agreement, Impresse shall promptly return to VerticalNet all property and confidential information belonging to VerticalNet.

5.44. Upon expiration or termination of this Agreement, Impresse agrees to pay to VerticalNet any amounts owed by Impresse to VerticalNet under the terms of this Agreement.

5.45. The parties agree that upon expiration or termination of this Agreement, neither party shall be liable for any damages arising out of the termination of this Agreement.

5.46. Upon expiration or termination of this Agreement, all obligations of the parties under this Agreement shall cease and terminate.

5.47. The parties agree that upon expiration or termination of this Agreement, Impresse shall promptly return to VerticalNet all property and confidential information belonging to VerticalNet.

5.48. Upon expiration or termination of this Agreement, Impresse agrees to pay to VerticalNet any amounts owed by Impresse to VerticalNet under the terms of this Agreement.

5.49. The parties agree that upon expiration or termination of this Agreement, neither party shall be liable for any damages arising out of the termination of this Agreement.

5.50. Upon expiration or termination of this Agreement, all obligations of the parties under this Agreement shall cease and terminate.

5.51. The parties agree that upon expiration or termination of this Agreement, Impresse shall promptly return to VerticalNet all property and confidential information belonging to VerticalNet.

5.52. Upon expiration or termination of this Agreement, Impresse agrees to pay to VerticalNet any amounts owed by Impresse to VerticalNet under the terms of this Agreement.

5.53. The parties agree that upon expiration or termination of this Agreement, neither party shall be liable for any damages arising out of the termination of this Agreement.

5.54. Upon expiration or termination of this Agreement, all obligations of the parties under this Agreement shall cease and terminate.

5.55. The parties agree that upon expiration or termination of this Agreement, Impresse shall promptly return to VerticalNet all property and confidential information belonging to VerticalNet.

5.56. Upon expiration or termination of this Agreement, Impresse agrees to pay to VerticalNet any amounts owed by Impresse to VerticalNet under the terms of this Agreement.

5.57. The parties agree that upon expiration or termination of this Agreement, neither party shall be liable for any damages arising out of the termination of this Agreement.

5.58. Upon expiration or termination of this Agreement, all obligations of the parties under this Agreement shall cease and terminate.

5.59. The parties agree that upon expiration or termination of this Agreement, Impresse shall promptly return to VerticalNet all property and confidential information belonging to VerticalNet.

5.60. Upon expiration or termination of this Agreement, Impresse agrees to pay to VerticalNet any amounts owed by Impresse to VerticalNet under the terms of this Agreement.

5.61. The parties agree that upon expiration or termination of this Agreement, neither party shall be liable for any damages arising out of the termination of this Agreement.

5.62. Upon expiration or termination of this Agreement, all obligations of the parties under this Agreement shall cease and terminate.

5.63. The parties agree that upon expiration or termination of this Agreement, Impresse shall promptly return to VerticalNet all property and confidential information belonging to VerticalNet.

5.64. Upon expiration or termination of this Agreement, Impresse agrees to pay to VerticalNet any amounts owed by Impresse to VerticalNet under the terms of this Agreement.

5.65. The parties agree that upon expiration or termination of this Agreement, neither party shall be liable for any damages arising out of the termination of this Agreement.

5.66. Upon expiration or termination of this Agreement, all obligations of the parties under this Agreement shall cease and terminate.

5.67. The parties agree that upon expiration or termination of this Agreement, Impresse shall promptly return to VerticalNet all property and confidential information belonging to VerticalNet.

5.68. Upon expiration or termination of this Agreement, Impresse agrees to pay to VerticalNet any amounts owed by Impresse to VerticalNet under the terms of this Agreement.

5.69. The parties agree that upon expiration or termination of this Agreement, neither party shall be liable for any damages arising out of the termination of this Agreement.

5.70. Upon expiration or termination of this Agreement, all obligations of the parties under this Agreement shall cease and terminate.

5.71. The parties agree that upon expiration or termination of this Agreement, Impresse shall promptly return to VerticalNet all property and confidential information belonging to VerticalNet.

5.72. Upon expiration or termination of this Agreement, Impresse agrees to pay to VerticalNet any amounts owed by Impresse to VerticalNet under the terms of this Agreement.

5.73. The parties agree that upon expiration or termination of this Agreement, neither party shall be liable for any damages arising out of the termination of this Agreement.

5.74. Upon expiration or termination of this Agreement, all obligations of the parties under this Agreement shall cease and terminate.

5.75. The parties agree that upon expiration or termination of this Agreement, Impresse shall promptly return to VerticalNet all property and confidential information belonging to VerticalNet.

5.76. Upon expiration or termination of this Agreement, Impresse agrees to pay to VerticalNet any amounts owed by Impresse to VerticalNet under the terms of this Agreement.

5.77. The parties agree that upon expiration or termination of this Agreement, neither party shall be liable for any damages arising out of the termination of this Agreement.

5.78. Upon expiration or termination of this Agreement, all obligations of the parties under this Agreement shall cease and terminate.

5.79. The parties agree that upon expiration or termination of this Agreement, Impresse shall promptly return to VerticalNet all property and confidential information belonging to VerticalNet.

5.80. Upon expiration or termination of this Agreement, Impresse agrees to pay to VerticalNet any amounts owed by Impresse to VerticalNet under the terms of this Agreement.

5.81. The parties agree that upon expiration or termination of this Agreement, neither party shall be liable for any damages arising out of the termination of this Agreement.

5.82. Upon expiration or termination of this Agreement, all obligations of the parties under this Agreement shall cease and terminate.

5.83. The parties agree that upon expiration or termination of this Agreement, Impresse shall promptly return to VerticalNet all property and confidential information belonging to VerticalNet.

5.84. Upon expiration or termination of this Agreement, Impresse agrees to pay to VerticalNet any amounts owed by Impresse to VerticalNet under the terms of this Agreement.

5.85. The parties agree that upon expiration or termination of this Agreement, neither party shall be liable for any damages arising out of the termination of this Agreement.

5.86. Upon expiration or termination of this Agreement, all obligations of the parties under this Agreement shall cease and terminate.

5.87. The parties agree that upon expiration or termination of this Agreement, Impresse shall promptly return to VerticalNet all property and confidential information belonging to VerticalNet.

5.88. Upon expiration or termination of this Agreement, Impresse agrees to pay to VerticalNet any amounts owed by Impresse to VerticalNet under the terms of this Agreement.

5.89. The parties agree that upon expiration or termination of this Agreement, neither party shall be liable for any damages arising out of the termination of this Agreement.

5.90. Upon expiration or termination of this Agreement, all obligations of the parties under this Agreement shall cease and terminate.

5.91. The parties agree that upon expiration or termination of this Agreement, Impresse shall promptly return to VerticalNet all property and confidential information belonging to VerticalNet.

5.92. Upon expiration or termination of this Agreement, Impresse agrees to pay to VerticalNet any amounts owed by Impresse to VerticalNet under the terms of this Agreement.

5.93. The parties agree that upon expiration or termination of this Agreement, neither party shall be liable","1.7. CONFIDENTIALITY AND PROPRIETARY INFORMATION.

1.7.1. Each party agrees that all Confidential Information disclosed by the other party shall remain confidential and secret and shall not be disclosed to any third person without the prior written consent of the disclosing party, except as required by law or court order.

1.7.2. The obligations of confidentiality and non-disclosure set forth in this Section 1.7 [CONFIDENTIALITY AND PROPRIETARY INFORMATION] shall survive the termination of this Agreement for a period of two (2) years from the date of such termination.

1.7.3. Each party agrees to use all Confidential Information disclosed by the other party only for the purposes contemplated in this Agreement and not to use any Confidential Information for any other purpose or in any manner that is detrimental to the disclosing party.

1.7.4. The parties agree that a breach of this Section 1.7 [CONFIDENTIALITY AND PROPRIETARY INFORMATION] may cause irreparable harm to the disclosing party, the extent of which may be difficult to estimate, and therefore that in addition to any other remedy available at law or in equity, the disclosing party shall be entitled to seek injunctive relief in a court of competent jurisdiction.

1.7.5. The parties agree that all Confidential Information disclosed by either party to the other party shall be deemed to be proprietary information of the disclosing party and shall not be used for any purpose other than as contemplated in this Agreement without the prior written consent of the disclosing party.

1.7.6. Each party agrees to return to the disclosing party, upon request, all Confidential Information disclosed by the disclosing party to the receiving party, including but not limited to all copies thereof, and to destroy all such Confidential Information.

1.7.7. The parties agree that this Section 1.7 [CONFIDENTIALITY AND PROPRIETARY INFORMATION] shall be binding upon and inure to the benefit of the parties and their respective successors and assigns.

1.7.8. Each party agrees that it will not disclose any Confidential Information to any government agency or regulatory body without the prior written consent of the disclosing party, except as required by law or court order.

1.7.9. The parties agree that this Section 1.7 [CONFIDENTIALITY AND PROPRIETARY INFORMATION] shall be governed by and construed in accordance with the laws of the State of California.

1.7.10. Each party agrees to indemnify, defend and hold harmless the other party against any claims, damages or expenses arising out of a breach of this Section 1.7 [CONFIDENTIALITY AND PROPRIETARY INFORMATION] by such party.

1.7.11. The parties agree that all Confidential Information disclosed by either party to the other party shall be deemed to be proprietary information of the disclosing party and shall not be used for any purpose other than as contemplated in this Agreement without the prior written consent of the disclosing party.

1.7.12. Each party agrees to use its best efforts to prevent unauthorized disclosure or use of Confidential Information disclosed by the other party.

1.7.13. The parties agree that a breach of this Section 1.7 [CONFIDENTIALITY AND PROPRIETARY INFORMATION] may cause irreparable harm to the disclosing party, the extent of which may be difficult to estimate, and therefore that in addition to any other remedy available at law or in equity, the disclosing party shall be entitled to seek injunctive relief in a court of competent jurisdiction.

1.7.14. The parties agree that all Confidential Information disclosed by either party to the other party shall be deemed to be proprietary information of the disclosing party and shall not be used for any purpose other than as contemplated in this Agreement without the prior written consent of the disclosing party.

1.7.15. Each party agrees to return to the disclosing party, upon request, all Confidential Information disclosed by the disclosing party to the receiving party, including but not limited to all copies thereof, and to destroy all such Confidential Information.

1.7.16. The parties agree that this Section 1.7 [CONFIDENTIALITY AND PROPRIETARY INFORMATION] shall be binding upon and inure to the benefit of the parties and their respective successors and assigns.

1.7.17. Each party agrees that it will not disclose any Confidential Information to any government agency or regulatory body without the prior written consent of the disclosing party, except as required by law or court order.

1.7.18. The parties agree that this Section 1.7 [CONFIDENTIALITY AND PROPRIETARY INFORMATION] shall be governed by and construed in accordance with the laws of the State of California.

1.7.19. Each party agrees to indemnify, defend and hold harmless the other party against any claims, damages or expenses arising out of a breach of this Section 1.7 [CONFIDENTIALITY AND PROPRIETARY INFORMATION] by such party.

1.7.20. The parties agree that all Confidential Information disclosed by either party to the other party shall be deemed to be proprietary information of the disclosing party and shall not be used for any purpose other than as contemplated in this Agreement without the prior written consent of the disclosing party.

1.7.21. Each party agrees to use its best efforts to prevent unauthorized disclosure or use of Confidential Information disclosed by the other party.

1.7.22. The parties agree that a breach of this Section 1.7 [CONFIDENTIALITY AND PROPRIETARY INFORMATION] may cause irreparable harm to the disclosing party, the extent of which may be difficult to estimate, and therefore that in addition to any other remedy available at law or in equity, the disclosing party shall be entitled to seek injunctive relief in a court of competent jurisdiction.

1.7.23. The parties agree that all Confidential Information disclosed by either party to the other party shall be deemed to be proprietary information of the disclosing party and shall not be used for any purpose other than as contemplated in this Agreement without the prior written consent of the disclosing party.

1.7.24. Each party agrees to return to the disclosing party, upon request, all Confidential Information disclosed by the disclosing party to the receiving party, including but not limited to all copies thereof, and to destroy all such Confidential Information.

1.7.25. The parties agree that this Section 1.7 [CONFIDENTIALITY AND PROPRIETARY INFORMATION] shall be binding upon and inure to the benefit of the parties and their respective successors and assigns.

1.7.26. Each party agrees that it will not disclose any Confidential Information to any government agency or regulatory body without the prior written consent of the disclosing party, except as required by law or court order.

1.7.27. The parties agree that this Section 1.7 [CONFIDENTIALITY AND PROPRIETARY INFORMATION] shall be governed by and construed in accordance with the laws of the State of California.

1.7.28. Each party agrees to indemnify, defend and hold harmless the other party against any claims, damages or expenses arising out of a breach of this Section 1.7 [CONFIDENTIALITY AND PROPRIETARY INFORMATION] by such party.

1.7.29. The parties agree that all Confidential Information disclosed by either party to the other party shall be deemed to be proprietary information of the disclosing party and shall not be used for any purpose other than as contemplated in this Agreement without the prior written consent of the disclosing party.

1.7.30. Each party agrees to use its best efforts to prevent unauthorized disclosure or use of Confidential Information disclosed by the other party.

1.7.31. The parties agree that a breach of this Section 1.7 [CONFIDENTIALITY AND PROPRIETARY INFORMATION] may cause irreparable harm to the disclosing party, the extent of which may be difficult to estimate, and therefore that in addition to any other remedy available at law or in equity, the disclosing party shall be entitled to seek injunctive relief in a court of competent jurisdiction.

1.7.32. The parties agree that all Confidential Information disclosed by either party to the other party shall be deemed to be proprietary information of the disclosing party and shall not be used for any purpose other than as contemplated in this Agreement without the prior written consent of the disclosing party.

1.7.33. Each party agrees to return to the disclosing party, upon request, all Confidential Information disclosed by the disclosing party to the receiving party, including but not limited to all copies thereof, and to destroy all such Confidential Information.

1.7.34. The parties agree that this Section 1.7 [CONFIDENTIALITY AND PROPRIETARY INFORMATION] shall be binding upon and inure to the benefit of the parties and their respective successors and assigns.

1.7.35. Each party agrees that it will not disclose any Confidential Information to any government agency or regulatory body without the prior written consent of the disclosing party, except as required by law or court order.

1.7.36. The parties agree that this Section 1.7 [CONFIDENTIALITY AND PROPRIETARY INFORMATION] shall be governed by and construed in accordance with the laws of the State of California.

1.7.37. Each party agrees to indemnify, defend and hold harmless the other party against any claims, damages or expenses arising out of a breach of this Section 1.7 [CONFIDENTIALITY AND PROPRIETARY INFORMATION] by such party.

1.7.38. The parties agree that all Confidential Information disclosed by either party to the other party shall be deemed to be proprietary information of the disclosing party and shall not be used for any purpose other than as contemplated in this Agreement without the prior written consent of the disclosing party.

1.7.39. Each party agrees to use its best efforts to prevent unauthorized disclosure or use of Confidential Information disclosed by the other party.

1.7.40. The parties agree that a breach of this Section 1.7 [CONFIDENTIALITY AND PROPRIETARY INFORMATION] may cause irreparable harm to the disclosing party, the extent of which may be difficult to estimate, and therefore that in addition to any other remedy available at law or in equity, the disclosing party shall be entitled to seek injunctive relief in a court of competent jurisdiction.

1.7.41. The parties agree that all Confidential Information disclosed by either party to the other party shall be deemed to be proprietary information of the disclosing party and shall not be used for any purpose other than as contemplated in this Agreement without the prior written consent of the disclosing party.

1.7.42. Each party agrees to return to the disclosing party, upon request, all Confidential Information disclosed by the disclosing party to the receiving party, including but not limited to all copies thereof, and to destroy all such Confidential Information.

1.7.43. The parties agree that this Section 1.7 [CONFIDENTIALITY AND PROPRIETARY INFORMATION] shall be binding upon and inure to the benefit of the parties and their respective successors and assigns.

1.7.44. Each party agrees that it will not disclose any Confidential Information to any government agency or regulatory body without the prior written consent of the disclosing party, except as required by law or court order.

1.7.45. The parties agree that this Section 1.7 [CONFIDENTIALITY AND PROPRIETARY INFORMATION] shall be governed by and construed in accordance with the laws of the State of California.

1.7.46. Each party agrees to indemnify, defend and hold harmless the other party against any claims, damages or expenses arising out of a breach of this Section 1.7 [CONFIDENTIALITY AND PROPRIETARY INFORMATION] by such party.

1.7.47. The parties agree that all Confidential Information disclosed by either party to the other party shall be deemed to be proprietary information of the disclosing party and shall not be used for any purpose other than as contemplated in this Agreement without the prior written consent of the disclosing party.

1.7.48. Each party agrees to use its best efforts to prevent unauthorized disclosure or use of Confidential Information disclosed by the other party.

1.7.49. The parties agree that a breach of this Section 1.7 [CONFIDENTIALITY AND PROPRIETARY INFORMATION] may cause irreparable harm to the disclosing party, the extent of which may be difficult to estimate, and therefore that in addition to any other remedy available at law or in equity, the disclosing party shall be entitled to seek injunctive relief in a court of competent jurisdiction.

1.7.50. The parties agree that all Confidential Information disclosed by either party to the other party shall be deemed to be proprietary information of the disclosing party and shall not be used for any purpose other than as contemplated in this Agreement without the prior written consent of the disclosing party.

1.7.51. Each party agrees to return to the disclosing party, upon request, all Confidential Information disclosed by the disclosing party to the receiving party, including but not limited to all copies thereof, and to destroy all such Confidential Information.

1.7.52. The parties agree that this Section 1.7 [CONFIDENTIALITY AND PROPRIETARY INFORMATION] shall be binding upon and inure to the benefit of the parties and their respective successors and assigns.

1.7.53. Each party agrees that it will not disclose any Confidential Information to any government agency or regulatory body without the prior written consent of the disclosing party, except as required by law or court order.

1.7.54. The parties agree that this Section 1.7 [CONFIDENTIALITY AND PROPRIETARY INFORMATION] shall be governed by and construed in accordance with the laws of the State of California.

1.7.55. Each party agrees to indemnify, defend and hold harmless the other party against any claims, damages or expenses arising out of a breach of this Section 1.7 [CONFIDENTIALITY AND PROPRIETARY INFORMATION] by such party.

1.7.56. The parties agree that all Confidential Information disclosed by either party to the other party shall be deemed to be proprietary information of the disclosing party and shall not be used for any purpose other than as contemplated in this Agreement without the prior written consent of the disclosing party.

1.7.57. Each party agrees to use its best efforts to prevent unauthorized disclosure or use of Confidential Information disclosed by the other party.

1.7.58. The parties agree that a breach of this Section 1.7 [CONFIDENTIALITY AND PROPRIETARY INFORMATION] may cause irreparable harm to the disclosing party, the extent of which may be difficult to estimate, and therefore that in addition to any other remedy available at law or in equity, the disclosing party shall be entitled to seek injunctive relief in a court of competent","9. WARRANTIES AND REPRESENTATIONS

9.1. WARRANTY DISCLAIMER. EXCEPT AS EXPRESSLY PROVIDED IN THIS AGREEMENT, NEITHER PARTY MAKES ANY WARRANTY OF ANY KIND, EXPRESS OR IMPLIED, INCLUDING WITHOUT LIMITATION THE IMPLIED WARRANTIES OF MERCHANTABILITY, FITNESS FOR A PARTICULAR PURPOSE, NONINFRINGEMENT, OR ARISING FROM COURSE OF DEALING, USAGE OF TRADE OR OTHERWISE.

9.2. LIMITATION OF LIABILITY. EXCEPT AS PROVIDED IN SECTION 9.3 [EXCLUDED DAMAGES], IN NO EVENT SHALL EITHER PARTY BE LIABLE TO THE OTHER PARTY OR ANY THIRD PARTY FOR ANY INDIRECT, SPECIAL, INCIDENTAL, PUNITIVE OR CONSEQUENTIAL DAMAGES (INCLUDING WITHOUT LIMITATION LOST PROFITS, BUSINESS INTERRUPTION, LOSS OF INFORMATION OR PROGRAMS OR OTHER DATA ON COMPUTER HARDWARE, SOFTWARE, SYSTEMS OR NETWORKS), ARISING OUT OF THIS AGREEMENT, WHETHER IN CONTRACT, TORT, STRICT LIABILITY OR OTHERWISE, AND REGARDLESS OF THE THEORY OF LIABILITY.

9.3. EXCLUDED DAMAGES. NOTWITHSTANDING ANYTHING TO THE CONTRARY CONTAINED HEREIN, NEITHER PARTY SHALL BE LIABLE FOR ANY DAMAGES ARISING FROM:

(a) USE OF THE CO-BRANDED SITE BY USERS OTHER THAN THOSE AUTHORIZED BY IMPRESSE;

(b) ANY FAILURE OR DELAY IN PERFORMANCE CAUSED BY EVENTS BEYOND THE CONTROL OF THE OBLIGOR, INCLUDING WITHOUT LIMITATION ACTS OF GOD, WAR, TERRORISM, RIOTS, EMBARGOES, LABOR DISPUTES AND GOVERNMENTAL ACTIONS;

(c) ANY USE OF THE CO-BRANDED SITE IN VIOLATION OF THIS AGREEMENT OR ANY APPLICABLE LAWS OR REGULATIONS.

9.4. INDEMNIFICATION. EACH PARTY SHALL INDEMNIFY, DEFEND AND HOLD HARMLESS THE OTHER PARTY AND ITS OFFICERS, DIRECTORS, EMPLOYEES, AGENTS AND AFFILIATES FROM AND AGAINST ANY CLAIMS, DAMAGES, LOSSES, LIABILITIES, COSTS AND EXPENSES (INCLUDING REASONABLE ATTORNEYS' FEES) ARISING OUT OF OR IN CONNECTION WITH:

(a) ANY BREACH BY THE OBLIGOR OF ITS OBLIGATIONS UNDER THIS AGREEMENT;

(b) ANY USE OF THE CO-BRANDED SITE BY USERS OTHER THAN THOSE AUTHORIZED BY IMPRESSE;

(c) ANY VIOLATION BY EITHER PARTY OF ANY APPLICABLE LAWS OR REGULATIONS.

9.5. INDEMNIFICATION PROCEDURES. IF A CLAIM IS MADE OR THREATENED TO BE MADE AGAINST THE OTHER PARTY, SUCH PARTY SHALL:

(a) GIVE THE OBLIGOR PROMPT NOTICE OF THE CLAIM;

(b) ALLOW THE OBLIGOR TO CONTROL THE DEFENSE AND SETTLEMENT OF THE CLAIM; AND

(c) COOPERATE WITH THE OBLIGOR IN THE DEFENSE AND SETTLEMENT OF THE CLAIM.

9.6. INDEMNIFICATION LIMITATION. NOTWITHSTANDING ANYTHING TO THE CONTRARY CONTAINED HEREIN, THE LIABILITY OF EITHER PARTY UNDER SECTION 9.4 [INDEMNIFICATION] SHALL BE LIMITED TO THE LESSER OF:

(a) THE AMOUNTS PAID BY IMPRESSE TO VERTICALNET PURSUANT TO SECTION 4.6 [REVENUE SHARING]; OR

(b) $[*].

9.7. GOVERNING LAW AND JURISDICTION. THIS AGREEMENT SHALL BE GOVERNED BY AND CONSTRUED IN ACCORDANCE WITH THE LAWS OF THE STATE OF CALIFORNIA, WITHOUT GIVING EFFECT TO ANY PRINCIPLES OF CONFLICTS OF LAW. ANY DISPUTE ARISING OUT OF OR RELATED TO THIS AGREEMENT SHALL BE RESOLVED THROUGH BINDING ARBITRATION IN ACCORDANCE WITH THE RULES OF THE AMERICAN ARBITRATION ASSOCIATION.

9.8. LIMITATION ON ACTIONS. NO ACTION, SUIT OR PROCEEDING SHALL BE BROUGHT AGAINST EITHER PARTY MORE THAN ONE (1) YEAR AFTER THE OCCURRENCE OF THE EVENT GIVING RISE TO SUCH ACTION, SUIT OR PROCEEDING.

9.9. WAIVER AND REMEDIES. ANY FAILURE BY EITHER PARTY TO ENFORCE ANY RIGHT OR REMEDY UNDER THIS AGREEMENT SHALL NOT BE DEEMED A WAIVER OF THAT RIGHT OR REMEDY NOR SHALL IT PREVENT THE OTHER PARTY FROM ENFORCING SUCH RIGHT OR REMEDY IN THE FUTURE.

9.10. GOVERNING LANGUAGE. THIS AGREEMENT HAS BEEN DRAFTED IN THE ENGLISH LANGUAGE AND SHALL BE CONSTRUED IN ACCORDANCE WITH ITS TERMS AS IF DRAFTED BY BOTH PARTIES IN THE ENGLISH LANGUAGE.

9.11. ENTIRE AGREEMENT. THIS AGREEMENT, INCLUDING ALL EXHIBITS AND SCHEDULES ATTACHED HERETO, CONSTITUTES THE ENTIRE AGREEMENT BETWEEN THE PARTIES AND SUPERSEDES ALL PRIOR OR CONTemporaneous AGREEMENTS, UNDERSTANDINGS, NEGOTIATIONS AND DISCUSSIONS, WHETHER ORAL OR WRITTEN, RELATING TO THE SUBJECT MATTER OF THIS AGREEMENT.

9.12. AMENDMENTS. THIS AGREEMENT MAY NOT BE AMENDED OR MODIFIED EXCEPT IN WRITING SIGNED BY BOTH PARTIES.

9.13. SEVERABILITY. IF ANY PROVISION OF THIS AGREEMENT IS HELD INVALID, ILLEGAL OR UNENFORCEABLE BY A COURT OF COMPETENT JURISDICTION, SUCH PROVISION SHALL BE DEEMED SEVERABLE FROM THE REMAINDER OF THIS AGREEMENT AND SHALL NOT AFFECT THE VALIDITY AND ENFORCEABILITY OF THE REMAINING PROVISIONS.

9.14. HEADINGS. THE HEADINGS CONTAINED IN THIS AGREEMENT ARE FOR CONVENIENCE ONLY AND SHALL NOT AFFECT THE INTERPRETATION OR CONSTRUCTION OF THIS AGREEMENT.

9.15. COUNTERPARTS. THIS AGREEMENT MAY BE EXECUTED IN ONE OR MORE COUNTERPARTS, EACH OF WHICH SHALL BE DEEMED AN ORIGINAL, BUT ALL OF WHICH TOGETHER SHALL CONSTITUTE ONE AND THE SAME INSTRUMENT.

9.16. ELECTRONIC SIGNATURES. THIS AGREEMENT MAY BE EXECUTED BY ELECTRONIC SIGNATURE, INCLUDING FAX SIGNATURES, AND SUCH ELECTRONIC SIGNATURE SHALL HAVE THE SAME FORCE AND EFFECT AS A MANUAL SIGNATURE.

9.17. GOVERNING PRINCIPLES. IN THE EVENT OF ANY CONFLICT BETWEEN THE PROVISIONS OF THIS AGREEMENT AND THE GOVERNING LAWS OR REGULATIONS OF ANY JURISDICTION, THE PROVISIONS OF THIS AGREEMENT SHALL PREVAIL TO THE EXTENT PERMITTED BY LAW.

9.18. NOTICES. ALL NOTICES REQUIRED OR PERMITTED UNDER THIS AGREEMENT SHALL BE IN WRITING AND DELIVERED PERSONALLY, BY MAIL OR BY FACSIMILE TRANSMISSION, AND SHALL BE DEEMED GIVEN WHEN RECEIVED.

9.19. GOVERNING LANGUAGE. THIS AGREEMENT HAS BEEN DRAFTED IN THE ENGLISH LANGUAGE AND SHALL BE CONSTRUED IN ACCORDANCE WITH ITS TERMS AS IF DRAFTED BY BOTH PARTIES IN THE ENGLISH LANGUAGE.

9.20. ENTIRE AGREEMENT. THIS AGREEMENT, INCLUDING ALL EXHIBITS AND SCHEDULES ATTACHED HERETO, CONSTITUTES THE ENTIRE AGREEMENT BETWEEN THE PARTIES AND SUPERSEDES ALL PRIOR OR CONTemporaneous AGREEMENTS, UNDERSTANDINGS, NEGOTIATIONS AND DISCUSSIONS, WHETHER ORAL OR WRITTEN, RELATING TO THE SUBJECT MATTER OF THIS AGREEMENT.

9.21. AMENDMENTS. THIS AGREEMENT MAY NOT BE AMENDED OR MODIFIED EXCEPT IN WRITING SIGNED BY BOTH PARTIES.

9.22. SEVERABILITY. IF ANY PROVISION OF THIS AGREEMENT IS HELD INVALID, ILLEGAL OR UNENFORCEABLE BY A COURT OF COMPETENT JURISDICTION, SUCH PROVISION SHALL BE DEEMED SEVERABLE FROM THE REMAINDER OF THIS AGREEMENT AND SHALL NOT AFFECT THE VALIDITY AND ENFORCEABILITY OF THE REMAINING PROVISIONS.

9.23. HEADINGS. THE HEADINGS CONTAINED IN THIS AGREEMENT ARE FOR CONVENIENCE ONLY AND SHALL NOT AFFECT THE INTERPRETATION OR CONSTRUCTION OF THIS AGREEMENT.

9.24. COUNTERPARTS. THIS AGREEMENT MAY BE EXECUTED IN ONE OR MORE COUNTERPARTS, EACH OF WHICH SHALL BE DEEMED AN ORIGINAL, BUT ALL OF WHICH TOGETHER SHALL CONSTITUTE ONE AND THE SAME INSTRUMENT.

9.25. ELECTRONIC SIGNATURES. THIS AGREEMENT MAY BE EXECUTED BY ELECTRONIC SIGNATURE, INCLUDING FAX SIGNATURES, AND SUCH ELECTRONIC SIGNATURE SHALL HAVE THE SAME FORCE AND EFFECT AS A MANUAL SIGNATURE.

9.26. GOVERNING PRINCIPLES. IN THE EVENT OF ANY CONFLICT BETWEEN THE PROVISIONS OF THIS AGREEMENT AND THE GOVERNING LAWS OR REGULATIONS OF ANY JURISDICTION, THE PROVISIONS OF THIS AGREEMENT SHALL PREVAIL TO THE EXTENT PERMITTED BY LAW.

9.27. NOTICES. ALL NOTICES REQUIRED OR PERMITTED UNDER THIS AGREEMENT SHALL BE IN WRITING AND DELIVERED PERSONALLY, BY MAIL OR BY FACSIMILE TRANSMISSION, AND SHALL BE DEEMED GIVEN WHEN RECEIVED.

9.28. GOVERNING LANGUAGE. THIS AGREEMENT HAS BEEN DRAFTED IN THE ENGLISH LANGUAGE AND SHALL BE CONSTRUED IN ACCORDANCE WITH ITS TERMS AS IF DRAFTED BY BOTH PARTIES IN THE ENGLISH LANGUAGE.

9.29. ENTIRE AGREEMENT. THIS AGREEMENT, INCLUDING ALL EXHIBITS AND SCHEDULES ATTACHED HERETO, CONSTITUTES THE ENTIRE AGREEMENT BETWEEN THE PARTIES AND SUPERSEDES ALL PRIOR OR CONTemporaneous AGREEMENTS, UNDERSTANDINGS, NEGOTIATIONS AND DISCUSSIONS, WHETHER ORAL OR WRITTEN, RELATING TO THE SUBJECT MATTER OF THIS AGREEMENT.

9.30. AMENDMENTS. THIS AGREEMENT MAY NOT BE AMENDED OR MODIFIED EXCEPT IN WRITING SIGNED BY BOTH PARTIES.

9.31. SEVERABILITY. IF ANY PROVISION OF THIS AGREEMENT IS HELD INVALID, ILLEGAL OR UNENFORCEABLE BY A COURT OF COMPETENT JURISDICTION, SUCH PROVISION SHALL BE DEEMED SEVERABLE FROM THE REMAINDER OF THIS AGREEMENT AND SHALL NOT AFFECT THE VALIDITY AND ENFORCEABILITY OF THE REMAINING PROVISIONS.

9.32. HEADINGS. THE HEADINGS CONTAINED IN THIS AGREEMENT ARE FOR CONVENIENCE ONLY AND SHALL NOT AFFECT THE INTERPRETATION OR CONSTRUCTION OF THIS AGREEMENT.

9.33. COUNTERPARTS. THIS AGREEMENT MAY BE EXECUTED IN ONE OR MORE COUNTERPARTS, EACH OF WHICH SHALL BE DEEMED AN ORIGINAL, BUT ALL OF WHICH TOGETHER SHALL CONSTITUTE ONE AND THE SAME INSTRUMENT.

9.34. ELECTRONIC SIGNATURES. THIS AGREEMENT MAY BE EXECUTED BY ELECTRONIC SIGNATURE, INCLUDING FAX SIGNATURES, AND SUCH ELECTRONIC SIGNATURE SHALL HAVE THE SAME FORCE AND EFFECT AS A MANUAL SIGNATURE.

9.35. GOVERNING PRINCIPLES. IN THE EVENT OF ANY CONFLICT BETWEEN THE PROVISIONS OF THIS AGREEMENT AND THE GOVERNING LAWS OR REGULATIONS OF ANY JURISDICTION, THE PROVISIONS OF THIS AGREEMENT SHALL PREVAIL TO THE EXTENT PERMITTED BY LAW.

9.36. NOTICES. ALL NOTICES REQUIRED OR PERMITTED UNDER THIS AGREEMENT SHALL BE IN WRITING AND DELIVERED PERSONALLY, BY MAIL OR BY FACSIMILE TRANSMISSION, AND SHALL BE DEEMED GIVEN WHEN RECEIVED.

9.37. GOVERNING LANGUAGE. THIS AGREEMENT HAS BEEN DRAFTED IN THE ENGLISH LANGUAGE AND SHALL BE CONSTRUED IN ACCORDANCE WITH ITS TERMS AS IF DRAFTED BY BOTH PARTIES IN THE ENGLISH LANGUAGE.

9.38. ENTIRE AGREEMENT. THIS AGREEMENT, INCLUDING ALL EXHIBITS AND SCHEDULES ATTACHED HERETO, CONSTITUTES THE ENTIRE AGREEMENT BETWEEN THE PARTIES AND SUPERSEDES ALL PRIOR OR CONTemporaneous AGREEMENTS, UNDERSTANDINGS, NEGOTIATIONS AND DISCUSSIONS, WHETHER ORAL OR WRITTEN, RELATING TO THE SUBJECT MATTER OF THIS AGREEMENT.

9.39. AMENDMENTS. THIS AGREEMENT MAY NOT BE AMENDED OR MODIFIED EXCEPT IN WRITING SIGNED BY BOTH PARTIES.

9.40. SEVERABILITY. IF ANY PROVISION OF THIS AGREEMENT IS HELD INVALID, ILLEGAL OR UNENFORCEABLE BY A COURT OF COMPETENT JURISDICTION, SUCH PROVISION SHALL BE DEEMED SEVERABLE FROM THE REMAINDER OF THIS AGREEMENT AND SHALL NOT AFFECT THE VALIDITY AND ENFORCEABILITY OF THE REMAINING PROVISIONS.

9.41. HEADINGS. THE HEADINGS CONTAINED IN THIS AGREEMENT ARE FOR CONVENIENCE ONLY AND SHALL NOT AFFECT THE INTERPRETATION OR CONSTRUCTION OF THIS AGREEMENT.

9.42. COUNTERPARTS. THIS AGREEMENT MAY BE EXECUTED IN ONE OR MORE COUNTERPARTS, EACH OF WHICH SHALL BE DEEMED AN ORIGINAL, BUT ALL OF WHICH TOGETHER SHALL CONSTITUTE ONE AND THE SAME INSTRUMENT.

9.43. ELECTRONIC SIGNATURES. THIS AGREEMENT MAY BE EXECUTED BY ELECTRONIC SIGNATURE, INCLUDING FAX SIGNATURES, AND SUCH ELECTRONIC SIGNATURE SHALL HAVE THE SAME FORCE AND EFFECT AS A MANUAL SIGNATURE.

9.44. GOVERNING PRINCIPLES. IN THE EVENT OF ANY CONFLICT BETWEEN THE PROVISIONS OF THIS AGREEMENT AND THE GOVERNING LAWS OR REGULATIONS OF ANY JURISDICTION, THE PROVISIONS OF THIS AGREEMENT SHALL PREVAIL TO THE EXTENT PERMITTED BY LAW.

9.45. NOTICES. ALL NOTICES REQUIRED OR PERMITTED UNDER THIS AGREEMENT SHALL BE IN WRITING AND DELIVERED PERSONALLY, BY MAIL OR BY FACSIMILE TRANSMISSION, AND SHALL BE DEEMED GIVEN WHEN RECEIVED.

9.46. GOVERNING LANGUAGE. THIS AGREEMENT HAS BEEN DRAFTED IN THE ENGLISH LANGUAGE AND SHALL BE CONSTRUED IN ACCORDANCE WITH ITS TERMS AS IF DRAFTED BY BOTH PARTIES IN THE ENGLISH LANGUAGE.

9.47. ENTIRE AGREEMENT. THIS"
IntegrityMediaInc_20010329_10-K405_EX-10.17_2373875_EX-10.17_Co-Branding Agreement.pdf,"Time Warner and Integrity Music have entered into a music publishing agreement to produce and distribute the ""Integrity Music"" series. The purpose of this agreement is to create a joint venture between the two parties to develop and market music products, including sound recordings and printed materials. Time Warner will be responsible for manufacturing and distributing the products, while Integrity Music will handle the creative aspects, including selecting artists and songs. The financial terms of the agreement include royalties paid by both parties on sales of the products, with Time Warner paying $1995 per unit sold in the United States and 75% of net receipts outside the US. Integrity Music will pay a royalty rate of $1795 per unit sold in the US and 7% of its net receipts outside the US. The agreement has a term of five years, ending on December 31, 2004, after which it can be extended with mutual written consent.","9. Warranties  Suspension, Termination 

a. Each party hereto warrants, represents, covenants and agrees that it has the right and power to enter into this Agreement, to grant the rights herein granted by it, and to perform the services agreed to be performed by it hereunder, and that no materials, ideas or other properties furnished or designated by it is subject to any restriction whatsoever, or is violative of the rights of any person, firm or corporation, including, without limitation, contract rights, copyrights and rights of privacy.

b. If, because of an act of God, inevitable accident, fire, lockout, strike or other labor dispute, riot or civil commotion, act of public enemy, enactment, rule, order or act of any government or governmental instrumentality (whether federal, state, local or foreign), failure of technical facilities, failure or delay of transportation facilities, illness or incapacity of any performer or producer, or other cause of a similar or  different nature not reasonably within either party's control, such party is materially hampered in the recording, manufacture, distribution or sale of phonograph records, or its normal business operations become commercially impractical, then without limiting its rights, it will have the option upon notice to suspend the Term of this Agreement for the duration of any such contingency. In the event of a suspension owing to a ""force majeure,"" which suspension exceeds six (6) consecutive months, the non-suspending party may terminate this Agreement upon ten (10) days written notice to other, but only if such ""force majeure"" does not affect a substantial portion of the United States recording industry or the suspension is not lifted by the suspending party within ten (10) days of the receipt of the written notice from the other party.",Not found,"10. Indemnification. Each party hereto agrees to indemnify the other party and save and hold the other harmless from any and all claims, causes of action, damages, liabilities, costs, losses, and expenses (including legal costs and attorneys' fees) arising out of or connected with any claim, demand, suit, action, proceeding, investigation, hearing, inquiry, audit, examination, review, assessment, determination, judgment, decree, order, ruling, settlement, compromise, agreement, understanding, contract, covenant, promise, obligation, duty, liability, debt, or other similar matter (collectively, ""Claims"") which may arise out of or in connection with this Agreement, the performance hereof, or the breach hereof."
InvendaCorp_20000828_S-1A_EX-10.2_2588206_EX-10.2_Co-Branding Agreement.pdf,"This agreement outlines the partnership between Excite@Home and Application Provider to develop a co-branded application. The purpose of the agreement is to create a platform that offers users targeted content and services from both parties. Excite@Home will have editorial control over email communications with its members, while Application Provider will be responsible for hosting and maintaining the co-branded application. The integration of the co-branded application with Excite@Home's Universal Registration System will allow for seamless data exchange between the two platforms. In terms of advertising, Excite@Home will have the right to sell and serve banner, sponsorship, and text link advertising on the co-branded application, with revenues accruing solely to Excite@Home. The agreement is a 50/50 partnership, with both parties sharing revenue equally.",Not found,"CONFIDENTIALITY CLAUSE

ARTICLE 9. CONFIDENTIAL INFORMATION AND NON-DISCLOSURE

(a) Each party agrees that all Confidential Information disclosed by the other party shall be kept confidential and not disclosed to any third party without the prior written consent of the disclosing party.

(b) The obligations of confidentiality set forth in this Section 9 shall apply during the term of this Agreement and for a period of two (2) years after its expiration or termination.

(c) Confidential Information includes, but is not limited to:

(i) all information disclosed by one party to the other party prior to the expiration or termination of this Agreement;

(ii) all information that is marked as confidential or proprietary;

(iii) all trade secrets and know-how; and

(iv) all business plans, strategies, and financial information.

(d) The obligations of confidentiality set forth in this Section 9 shall not apply to any Confidential Information that:

(i) is publicly available at the time of disclosure;

(ii) becomes publicly available after disclosure through no fault of the receiving party;

(iii) is disclosed with the prior written consent of the disclosing party; or

(iv) is required by law to be disclosed.

(e) The parties agree to use reasonable care in maintaining the confidentiality of Confidential Information.",Not found
LeadersonlineInc_20000427_S-1A_EX-10.8_4991089_EX-10.8_Co-Branding Agreement.pdf,"VerticalNet, Inc. and LeadersOnline have entered into an agreement to provide job placement services through the VerticalNet website. The purpose of this agreement is to enable LeadersOnline to access the Resume Bank, a database of candidates seeking employment opportunities, and to display Employer Spotlights on the VerticalNet site. In exchange for these services, LeadersOnline will pay VerticalNet slotting fees for the Employer Spotlights, Banner and Newsletter Ad sponsorship fees, and a license fee for access to the Resume Bank. Additionally, LeadersOnline will pay VerticalNet 50% of its revenue generated from clients who utilize the LeadersOnline Services through the VerticalNet site. The agreement has a term of one year, after which it may be terminated by either party with written notice.","7. TERMINATION

7.1. Termination by Either Party. This Agreement may be terminated by either party upon written notice to the other in the event of a material breach by the other party of any term or condition of this Agreement, which breach is not cured within thirty (30) days after receipt of such notice.

7.2. Termination for Convenience. Notwithstanding anything to the contrary contained herein, VerticalNet may terminate this Agreement at any time upon written notice to LeadersOnline without cause and without liability to LeadersOnline.

7.3. Effect of Termination. Upon termination of this Agreement by either party, all rights granted hereunder shall immediately cease and terminate, and each party shall return to the other all property and materials furnished or developed under this Agreement.

7.4. Survival. The provisions of Sections 6 [The Commercial Terms] , 8 [Limitation of Liability] and 9 [Warranties] shall survive termination of this Agreement.

7.5. Termination for Default. If either party fails to perform any obligation required to be performed by such party under this Agreement, the other party may give written notice describing the breach and requiring that such party cure the same within thirty (30) days after receipt of such notice. If such default is not cured within such time period, the non-defaulting party may terminate this Agreement upon written notice to the defaulting party.

7.6. Termination for Bankruptcy or Insolvency. This Agreement shall automatically terminate in the event that either party files a petition in bankruptcy or makes an assignment for the benefit of creditors, or if either party becomes insolvent or is adjudicated bankrupt.

7.7. Termination for Dissolution. If either party dissolves its business or ceases to conduct business, this Agreement shall automatically terminate upon written notice to the other party.

7.8. Effect of Expiration. Upon expiration of the Term, all rights granted hereunder shall immediately cease and terminate, and each party shall return to the other all property and materials furnished or developed under this Agreement.

7.9. Termination for Cause. If either party commits a material breach of any term or condition of this Agreement, which breach is not cured within thirty (30) days after receipt of written notice from the non-breaching party, the non-breaching party may terminate this Agreement upon written notice to the breaching party.

7.10. Termination for Non-Payment. If LeadersOnline fails to pay any fees or other amounts due and owing to VerticalNet under this Agreement when due, VerticalNet may terminate this Agreement upon written notice to LeadersOnline.

7.11. Termination for Non-Compliance with Laws. If either party fails to comply with any applicable laws or regulations, the other party may terminate this Agreement upon written notice to the non-complying party.

7.12. Termination for Change in Control. This Agreement shall automatically terminate if there is a change in control of either party, as defined in Section 10 [Definitions] .","1.9. CONFIDENTIALITY CLAUSE

CONFIDENTIAL INFORMATION DEFINED. For purposes of this Agreement, ""Confidential Information"" means all confidential and proprietary information disclosed by one Party to the other, whether orally or in writing, including but not limited to trade secrets, know-how, business plans, financial data, customer lists, marketing strategies, product designs, software code, technical specifications, research and development information, and any other information which is marked as confidential or which a reasonable person would understand to be confidential.

CONFIDENTIALITY OBLIGATIONS. Each Party agrees that it will not disclose the Confidential Information of the other Party to any third party without the prior written consent of the disclosing Party, except (i) as required by law, (ii) in connection with the advertising and promotion of the LeadersOnline Services on the VerticalNet Sites, or (iii) as permitted under Section 5.2 [Restrictions] hereof.

PROPRIETARY INFORMATION. The Parties acknowledge that all Confidential Information disclosed by one Party to the other is proprietary information belonging to the disclosing Party. Each Party agrees not to disclose any such Confidential Information to any third party without the prior written consent of the disclosing Party, except as permitted under this Agreement or as required by law.

NON-DISCLOSURE OBLIGATIONS. The Parties agree that they will not use the Confidential Information for any purpose other than as permitted under this Agreement. Each Party agrees to take reasonable measures to protect the confidentiality of the Confidential Information disclosed by the other Party, including but not limited to limiting access to such information to those employees who need to know it in order to perform their duties.

DISCLOSURE OF CONFIDENTIAL INFORMATION. In the event that a Party is required by law to disclose any Confidential Information, the disclosing Party will promptly notify the other Party of such requirement and will cooperate with the other Party in seeking a protective order or other relief as may be available.

CONFIDENTIALITY PERIOD. The obligations of confidentiality set forth in this Section 9 shall survive the termination of this Agreement for a period of two (2) years from the date of termination.

PROPRIETARY RIGHTS. All Confidential Information disclosed by one Party to the other remains the property of the disclosing Party and is subject to all applicable laws, including but not limited to copyright laws, trade secret laws, and patent laws.

CONFIDENTIALITY OF RESUME BANK INFORMATION. The Parties agree that any information concerning a Candidate contained in a resume included in the Resume Bank shall be treated as Confidential Information and shall be handled by LeadersOnline in accordance with VerticalNet's standard Privacy Policy as it may be posted on the VerticalNet Sites from time to time.

CONFIDENTIALITY OF LEADERSONLINE INFORMATION. The Parties agree that any information concerning the LeadersOnline Services, including but not limited to text describing LeadersOnline, the URL address of the LeadersOnline Site, and the graphical image in electronic form of the LeadersOnline Mark, shall be treated as Confidential Information and shall be handled by VerticalNet in accordance with this Agreement.

CONFIDENTIALITY OF VERTICALNET INFORMATION. The Parties agree that any information concerning the VerticalNet Sites, including but not limited to text describing VerticalNet, the URL address of the VerticalNet Site, and the graphical image in electronic form of a VerticalNet Mark, shall be treated as Confidential Information and shall be handled by LeadersOnline in accordance with this Agreement.

CONFIDENTIALITY OF EMPLOYER SPOTLIGHTS. The Parties agree that any information concerning the Employer Spotlights, including but not limited to text describing LeadersOnline and the URL address of the LeadersOnline Site, shall be treated as Confidential Information and shall be handled by VerticalNet in accordance with this Agreement.

PROPRIETARY RIGHTS TO CONFIDENTIAL INFORMATION. All Confidential Information disclosed by one Party to the other remains the property of the disclosing Party and is subject to all applicable laws, including but not limited to copyright laws, trade secret laws, and patent laws.

CONFIDENTIALITY OF RESUME BANK ACCESS. The Parties agree that any information concerning access to the Resume Bank, including but not limited to the URL address of the Resume Bank and the login credentials for accessing the Resume Bank, shall be treated as Confidential Information and shall be handled by LeadersOnline in accordance with VerticalNet's standard Privacy Policy as it may be posted on the VerticalNet Sites from time to time.

CONFIDENTIALITY OF LEADERSONLINE-VERITCALNET REVENUE. The Parties agree that any information concerning the LeadersOnline-VerticalNet Revenue, including but not limited to the number of VerticalNet-Leaders Online Clients generated during a month and the type and number of transactions from which the LeadersOnline-VerticalNet Revenue was derived, shall be treated as Confidential Information and shall be handled by both Parties in accordance with this Agreement.

CONFIDENTIALITY OF VERTICALNET SITE INFORMATION. The Parties agree that any information concerning the VerticalNet Sites, including but not limited to text describing VerticalNet, the URL address of the VerticalNet Site, and the graphical image in electronic form of a VerticalNet Mark, shall be treated as Confidential Information and shall be handled by LeadersOnline in accordance with this Agreement.

CONFIDENTIALITY OF EMPLOYER SPOTLIGHTS INFORMATION. The Parties agree that any information concerning the Employer Spotlights, including but not limited to text describing LeadersOnline and the URL address of the LeadersOnline Site, shall be treated as Confidential Information and shall be handled by VerticalNet in accordance with this Agreement.

PROPRIETARY RIGHTS TO CONFIDENTIAL INFORMATION. All Confidential Information disclosed by one Party to the other remains the property of the disclosing Party and is subject to all applicable laws, including but not limited to copyright laws, trade secret laws, and patent laws.

CONFIDENTIALITY OF RESUME BANK ACCESS. The Parties agree that any information concerning access to the Resume Bank, including but not limited to the URL address of the Resume Bank and the login credentials for accessing the Resume Bank, shall be treated as Confidential Information and shall be handled by LeadersOnline in accordance with VerticalNet's standard Privacy Policy as it may be posted on the VerticalNet Sites from time to time.

CONFIDENTIALITY OF LEADERSONLINE-VERITCALNET REVENUE. The Parties agree that any information concerning the LeadersOnline-VerticalNet Revenue, including but not limited to the number of VerticalNet-Leaders Online Clients generated during a month and the type and number of transactions from which the LeadersOnline-VerticalNet Revenue was derived, shall be treated as Confidential Information and shall be handled by both Parties in accordance with this Agreement.

CONFIDENTIALITY OF VERTICALNET SITE INFORMATION. The Parties agree that any information concerning the VerticalNet Sites, including but not limited to text describing VerticalNet, the URL address of the VerticalNet Site, and the graphical image in electronic form of a VerticalNet Mark, shall be treated as Confidential Information and shall be handled by LeadersOnline in accordance with this Agreement.

CONFIDENTIALITY OF EMPLOYER SPOTLIGHTS INFORMATION. The Parties agree that any information concerning the Employer Spotlights, including but not limited to text describing LeadersOnline and the URL address of the LeadersOnline Site, shall be treated as Confidential Information and shall be handled by VerticalNet in accordance with this Agreement.

PROPRIETARY RIGHTS TO CONFIDENTIAL INFORMATION. All Confidential Information disclosed by one Party to the other remains the property of the disclosing Party and is subject to all applicable laws, including but not limited to copyright laws, trade secret laws, and patent laws.

CONFIDENTIALITY OF RESUME BANK ACCESS. The Parties agree that any information concerning access to the Resume Bank, including but not limited to the URL address of the Resume Bank and the login credentials for accessing the Resume Bank, shall be treated as Confidential Information and shall be handled by LeadersOnline in accordance with VerticalNet's standard Privacy Policy as it may be posted on the VerticalNet Sites from time to time.

CONFIDENTIALITY OF LEADERSONLINE-VERITCALNET REVENUE. The Parties agree that any information concerning the LeadersOnline-VerticalNet Revenue, including but not limited to the number of VerticalNet-Leaders Online Clients generated during a month and the type and number of transactions from which the LeadersOnline-VerticalNet Revenue was derived, shall be treated as Confidential Information and shall be handled by both Parties in accordance with this Agreement.

CONFIDENTIALITY OF VERTICALNET SITE INFORMATION. The Parties agree that any information concerning the VerticalNet Sites, including but not limited to text describing VerticalNet, the URL address of the VerticalNet Site, and the graphical image in electronic form of a VerticalNet Mark, shall be treated as Confidential Information and shall be handled by LeadersOnline in accordance with this Agreement.

CONFIDENTIALITY OF EMPLOYER SPOTLIGHTS INFORMATION. The Parties agree that any information concerning the Employer Spotlights, including but not limited to text describing LeadersOnline and the URL address of the LeadersOnline Site, shall be treated as Confidential Information and shall be handled by VerticalNet in accordance with this Agreement.

PROPRIETARY RIGHTS TO CONFIDENTIAL INFORMATION. All Confidential Information disclosed by one Party to the other remains the property of the disclosing Party and is subject to all applicable laws, including but not limited to copyright laws, trade secret laws, and patent laws.

CONFIDENTIALITY OF RESUME BANK ACCESS. The Parties agree that any information concerning access to the Resume Bank, including but not limited to the URL address of the Resume Bank and the login credentials for accessing the Resume Bank, shall be treated as Confidential Information and shall be handled by LeadersOnline in accordance with VerticalNet's standard Privacy Policy as it may be posted on the VerticalNet Sites from time to time.

CONFIDENTIALITY OF LEADERSONLINE-VERITCALNET REVENUE. The Parties agree that any information concerning the LeadersOnline-VerticalNet Revenue, including but not limited to the number of VerticalNet-Leaders Online Clients generated during a month and the type and number of transactions from which the LeadersOnline-VerticalNet Revenue was derived, shall be treated as Confidential Information and shall be handled by both Parties in accordance with this Agreement.

CONFIDENTIALITY OF VERTICALNET SITE INFORMATION. The Parties agree that any information concerning the VerticalNet Sites, including but not limited to text describing VerticalNet, the URL address of the VerticalNet Site, and the graphical image in electronic form of a VerticalNet Mark, shall be treated as Confidential Information and shall be handled by LeadersOnline in accordance with this Agreement.

CONFIDENTIALITY OF EMPLOYER SPOTLIGHTS INFORMATION. The Parties agree that any information concerning the Employer Spotlights, including but not limited to text describing LeadersOnline and the URL address of the LeadersOnline Site, shall be treated as Confidential Information and shall be handled by VerticalNet in accordance with this Agreement.

PROPRIETARY RIGHTS TO CONFIDENTIAL INFORMATION. All Confidential Information disclosed by one Party to the other remains the property of the disclosing Party and is subject to all applicable laws, including but not limited to copyright laws, trade secret laws, and patent laws.

CONFIDENTIALITY OF RESUME BANK ACCESS. The Parties agree that any information concerning access to the Resume Bank, including but not limited to the URL address of the Resume Bank and the login credentials for accessing the Resume Bank, shall be treated as Confidential Information and shall be handled by LeadersOnline in accordance with VerticalNet's standard Privacy Policy as it may be posted on the VerticalNet Sites from time to time.

CONFIDENTIALITY OF LEADERSONLINE-VERITCALNET REVENUE. The Parties agree that any information concerning the LeadersOnline-VerticalNet Revenue, including but not limited to the number of VerticalNet-Leaders Online Clients generated during a month and the type and number of transactions from which the LeadersOnline-VerticalNet Revenue was derived, shall be treated as Confidential Information and shall be handled by both Parties in accordance with this Agreement.

CONFIDENTIALITY OF VERTICALNET SITE INFORMATION. The Parties agree that any information concerning the VerticalNet Sites, including but not limited to text describing VerticalNet, the URL address of the VerticalNet Site, and the graphical image in electronic form of a VerticalNet Mark, shall be treated as Confidential Information and shall be handled by LeadersOnline in accordance with this Agreement.

CONFIDENTIALITY OF EMPLOYER SPOTLIGHTS INFORMATION. The Parties agree that any information concerning the Employer Spotlights, including but not limited to text describing LeadersOnline and the URL address of the LeadersOnline Site, shall be treated as Confidential Information and shall be handled by VerticalNet in accordance with this Agreement.

PROPRIETARY RIGHTS TO CONFIDENTIAL INFORMATION. All Confidential Information disclosed by one Party to the other remains the property of the disclosing Party and is subject to all applicable laws, including but not limited to copyright laws, trade secret laws, and patent laws.

CONFIDENTIALITY OF RESUME BANK ACCESS. The Parties agree that any information concerning access to the Resume Bank, including but not limited to the URL address of the Resume Bank and the login credentials for accessing the Resume Bank, shall be treated as Confidential Information and shall be handled by LeadersOnline in accordance with VerticalNet's standard Privacy Policy as it may be posted on the VerticalNet Sites from time to time.

CONFIDENTIALITY OF LEADERSONLINE-VERITCALNET REVENUE. The Parties agree that any information concerning the LeadersOnline-VerticalNet Revenue, including but not limited to the number of VerticalNet-Leaders Online Clients generated during a month and the type and number of transactions from which the LeadersOnline-VerticalNet Revenue was derived, shall be treated as Confidential Information and shall be handled by both Parties in accordance with this Agreement.

CONFIDENTIALITY OF VERTICALNET SITE INFORMATION. The Parties agree that any information concerning the VerticalNet Sites, including but not limited to text describing VerticalNet, the URL address of the VerticalNet Site, and the graphical image in electronic form of a VerticalNet Mark, shall be treated as Confidential Information and shall be handled by LeadersOnline in accordance with this Agreement.

CONFIDENTIALITY OF EMPLOYER SPOTLIGHTS INFORMATION. The Parties agree that any information concerning the Employer Spotlights, including but not limited to text describing LeadersOnline and the URL address of the LeadersOnline Site, shall be treated as Confidential Information and shall be handled by VerticalNet in accordance with this Agreement.

PROPRIETARY RIGHTS TO CONFIDENTIAL INFORMATION. All Confidential Information disclosed by one Party to the other remains the property of the disclosing Party and is subject to all applicable laws, including but not limited to copyright laws, trade secret laws, and patent laws.

CONFIDENTIALITY OF RESUME BANK ACCESS. The Parties agree that any information concerning access to the Resume Bank, including but not limited to the URL address of the Resume Bank and the login credentials for accessing the Resume Bank, shall be treated as Confidential Information and shall be handled by LeadersOnline in accordance with VerticalNet's standard Privacy Policy as it may be posted on the VerticalNet Sites from time to time.

CONFIDENTIALITY OF LEADERSON","9. INDEMNIFICATION AND LIMITATION OF LIABILITY

9.1. Indemnification. Each party shall indemnify and hold harmless the other party, its officers, directors, employees, agents and affiliates from any and all claims, demands, actions, causes of action, losses, damages, liabilities, costs and expenses (including reasonable attorneys' fees) arising out of or related to:

9.1.1. Any breach by such indemnifying party of any representation, warranty, covenant or agreement contained in this Agreement;

9.1.2. Any negligence or willful misconduct by such indemnifying party or its officers, directors, employees, agents and affiliates in the performance of their duties under this Agreement;

9.1.3. Any claim that the use of the VerticalNet Site or any other services provided hereunder infringes on the rights of any third party.

9.2. Indemnification Procedure. The indemnifying party shall promptly notify the indemnified party of any claim for which it is seeking indemnification and shall cooperate with the indemnified party in the defense of such claim. The indemnified party may, at its option, assume the defense of such claim and the indemnifying party shall not defend or settle such claim without the prior written consent of the indemnified party.

9.3. Limitation of Liability. IN NO EVENT SHALL EITHER PARTY BE LIABLE TO THE OTHER PARTY OR ANY THIRD PARTY FOR ANY SPECIAL, INDIRECT, INCIDENTAL, PUNITIVE OR CONSEQUENTIAL DAMAGES ARISING OUT OF OR RELATED TO THIS AGREEMENT, INCLUDING BUT NOT LIMITED TO LOST PROFITS, BUSINESS INTERRUPTIONS, LOSS OF DATA OR GOODWILL, OR OTHER COMMERCIAL DAMAGES, EVEN IF ADVISED OF THE POSSIBILITY OF SUCH DAMAGES.

9.4. Disclaimer of Warranty. EXCEPT AS EXPRESSLY PROVIDED IN THIS AGREEMENT, ALL SERVICES AND PRODUCTS PROVIDED HEREUNDER ARE PROVIDED ON AN ""AS IS"" BASIS WITHOUT WARRANTIES OF ANY KIND, EITHER EXPRESS OR IMPLIED, INCLUDING BUT NOT LIMITED TO IMPLIED WARRANTIES OF MERCHANTABILITY, FITNESS FOR A PARTICULAR PURPOSE, NONINFRINGEMENT, OR COURSE OF DEALING.

9.5. Limitation of Liability - VerticalNet. IN NO EVENT SHALL VERTICALNET'S TOTAL LIABILITY TO LEADERSONLINE EXCEED THE AMOUNTS PAID BY LEADERSONLINE TO VERTICALNET UNDER THIS AGREEMENT DURING THE 12 MONTH PERIOD PRECEDING THE DATE ON WHICH THE CLAIM AROSE.

9.6. Limitation of Liability - LeadersOnline. IN NO EVENT SHALL LEADERSONLINE'S TOTAL LIABILITY TO VERTICALNET EXCEED THE AMOUNTS PAID BY LEADERSONLINE TO VERTICALNET UNDER THIS AGREEMENT DURING THE 12 MONTH PERIOD PRECEDING THE DATE ON WHICH THE CLAIM AROSE.

9.7. Governing Law. This Section 9 shall be governed by and construed in accordance with the laws of the State of [STATE], without giving effect to any principles of conflicts of law."
LegacyEducationAllianceInc_20200330_10-K_EX-10.18_12090678_EX-10.18_Development Agreement.pdf,"T&B Seminars, Inc. and Legacy Education Alliance, Inc. have entered into a comprehensive agreement to develop and launch the ""Business,"" a new venture leveraging T&B Personality's investing philosophy. The primary objective of this partnership is to create a successful business model that promotes T&B Personality's expertise and generates revenue for both parties. Key obligations include T&B Seminars' assistance in developing the Business, providing factual substantiation of T&B Personality's biography and investing success stories, and making six public appearances per year to promote the Business. Legacy Education Alliance is responsible for administrative and operational services, branding the Business, creating marketing collateral, and producing work product related to the conduct of the Business. Financial terms include a 50% revenue share, with no specific dollar amounts disclosed. The agreement has a term of unspecified duration, during which either party may terminate upon certain conditions, including failure to meet minimum guaranteed royalty payments for six consecutive months.","**TERMINATION CLAUSE**

3. Limitations, Restrictions and Covenants

3.1. During the Term, the LEA shall not use the Licensed Intellectual Property other than as permitted by this Agreement.

3.2. During the Term, T&B shall promptly disclose to LEA on an ongoing basis all additions, improvements, changes, replacements, or enhancements to T&B s Proprietary Rights not previously disclosed.

3.3 T&B shall not, during the Term, grant any third party a license to use the Licensed Intellectual Property within the Exclusive Field of Use. Further, during the Term, except as otherwise provided herein, neither T&B nor any of its Affiliates may (1) offer to sell or sell any product or service that is the same or similar to the Products in the Exclusive Field of Use, or (2) contact, solicit, or direct any person or entity to contact or solicit, any of the customers of (or customers set forth in the Customer Data) for the purpose of providing any products or services that are the same or similar to the Products  provided, however, that T&B, in its sole and absolute discretion, shall have the right to terminate this Agreement, including all rights and licenses granted to LEA herein, if and as of the date that any monthly Royalty Payment (as defined in 9.3, below) payable to T&B does not exceed the Minimum Guaranteed Royalty for six (6) consecutive months.

4. Conduct of the Business

4.1 LEA shall provide administrative and operational services for the conduct of the Business, including, marketing, event planning, sales, operations, information technologies, human resources, and class fulfillment. In consultation with T&B and subject to the licenses granted to LEA by T&B herein, LEA shall be responsible for branding the Business (including trademarks and trade dress) and creating and producing marketing collateral, sales presentations, course materials and other tangible work product and deliverables related to the conduct of the Business (collectively,  Work Product ).

4.2 LEA and T&B shall jointly own all jointly-created work product including, but not limited to, ideas, any and all concepts, designs, Customer Data (including client lists) generated through the conduct of the Business, programs, software, reports, or other intellectual property and tangible work product, produced for the Business , regardless of whether such were incorporated into or used by the Business (collectively  Work Product ), shall be and remain the joint property of LEA and T&B when produced provided, however, (i) to the extent LEA has contributed distinct and divisible work product to the Business during the Term (  LEA Work Product  ), such LEA Work Product shall remain frozen for a period not to exceed 90 days, during which time T&B may acquire a license for the LEA Work Product by reimbursing LEA direct and verifiable costs LEA incurred in producing the LEA Work Product during the Term and (ii) to the extent T&B has contributed distinct and divisible work product to the Business during the Term (  T&B Work Product  ), such T&B Work Product shall remain frozen for a period not to exceed 90 days, during which time LEA may acquire license for the T&B Work Product by reimbursing T&B direct and verifiable costs T&B incurred in producing the T&B Work Product during the Term.

5. Brand Development and Launch

5.1 T&B shall assist LEA in developing the Business as reasonably requested by LEA from time to time, including, but not limited to, assisting in the development of sales presentations and course materials and consultation with LEA s sales and marketing organization to ensure that they reflect T&B Personality s investing philosophy.

5.2 The initial launch of the Business is contemplated to occur in four (4) major test markets (e.g. Los Angeles and New York MSAs), with a preview event being conducted in each of weeks 4, 5, 6 and 7 of calendar year 2020 and the associated basic event being held in each of weeks 7, 8, 9, and 10, respectively.

**TERMINATION**

ARTICLE 12. TERMINATION

12.1 Termination by T&B. Upon written notice to LEA, T&B may terminate this Agreement upon any of the following events:

(a) If LEA shall have committed a material breach or default in the performance of its obligations under this Agreement and such breach or default has not been cured within thirty (30) days after receipt of written notice thereof from T&B;

(b) If LEA shall have failed to pay any amount due and owing to T&B hereunder, and such failure continues for a period of thirty (30) days after receipt of written notice thereof from T&B;

(c) If LEA shall have made an assignment for the benefit of creditors or filed a voluntary petition in bankruptcy or been adjudicated bankrupt or insolvent.

12.2 Termination by LEA. Upon written notice to T&B, LEA may terminate this Agreement upon any of the following events:

(a) If T&B shall have committed a material breach or default in the performance of its obligations under this Agreement and such breach or default has not been cured within thirty (30) days after receipt of written notice thereof from LEA;

(b) If T&B shall have failed to pay any amount due and owing to LEA hereunder, and such failure continues for a period of thirty (30) days after receipt of written notice thereof from LEA.

12.3 Effect of Termination. Upon termination of this Agreement by either party, all rights and licenses granted to the other party under this Agreement shall immediately terminate and revert to the granting party, and each party shall promptly return to the other party any and all confidential information and materials in its possession or control.

12.4 Survival. The provisions of Sections 3.5, 3.6, 9.1, 9.2, 10.1, 11.1, 11.2, 12.3, 13.1, 14.1 and 15 shall survive the termination or expiration of this Agreement.

12.5 Termination for Convenience. Notwithstanding anything to the contrary in this Agreement, either party may terminate this Agreement at any time upon written notice to the other party, without cause or liability, except as otherwise provided herein.

12.6 Cancellation. Upon termination or cancellation of this Agreement, all rights and obligations hereunder shall cease and terminate, and each party shall promptly return to the other party any and all confidential information and materials in its possession or control.

12.7 Dissolution. In the event that either party is dissolved or liquidated, this Agreement shall be deemed terminated and all rights and licenses granted under this Agreement shall immediately revert to the granting party.

12.8 Expiration. This Agreement may be terminated by either party upon written notice to the other party in the event that it expires by its own terms.

12.9 Termination for Default. If either party defaults or breaches any of its obligations under this Agreement, the non-defaulting party shall have the right to terminate this Agreement and all rights and licenses granted hereunder.

12.10 Cure Period. In the event of a default or breach by either party, the other party shall have a period of thirty (30) days from receipt of written notice thereof to cure such default or breach.

12.11 Termination for Insolvency. If either party becomes insolvent or makes an assignment for the benefit of creditors or files a voluntary petition in bankruptcy or is adjudicated bankrupt or insolvent, this Agreement shall be deemed terminated and all rights and licenses granted under this Agreement shall immediately revert to the granting party.

12.12 Termination for Bankruptcy. In the event that either party files a voluntary petition in bankruptcy or is adjudicated bankrupt or insolvent, this Agreement shall be deemed terminated and all rights and licenses granted under this Agreement shall immediately revert to the granting party.

12.13 Termination for Dissolution. If either party is dissolved or liquidated, this Agreement shall be deemed terminated and all rights and licenses granted under this Agreement shall immediately revert to the granting party.

12.14 Termination for Expiration. This Agreement may be terminated by either party upon written notice to the other party in the event that it expires by its own terms.

12.15 Termination for Convenience. Either party may terminate this Agreement at any time upon written notice to the other party, without cause or liability, except as otherwise provided herein.

12.16 Cancellation. Upon termination or cancellation of this Agreement, all rights and obligations hereunder shall cease and terminate, and each party shall promptly return to the other party any and all confidential information and materials in its possession or control.

12.17 Dissolution. In the event that either party is dissolved or liquidated, this Agreement shall be deemed terminated and all rights and licenses granted under this Agreement shall immediately revert to the granting party.

12.18 Expiration. This Agreement may be terminated by either party upon written notice to the other party in the event that it expires by its own terms.

12.19 Termination for Default. If either party defaults or breaches any of its obligations under this Agreement, the non-defaulting party shall have the right to terminate this Agreement and all rights and licenses granted hereunder.

12.20 Cure Period. In the event of a default or breach by either party, the other party shall have a period of thirty (30) days from receipt of written notice thereof to cure such default or breach.

12.21 Termination for Insolvency. If either party becomes insolvent or makes an assignment for the benefit of creditors or files a voluntary petition in bankruptcy or is adjudicated bankrupt or insolvent, this Agreement shall be deemed terminated and all rights and licenses granted under this Agreement shall immediately revert to the granting party.

12.22 Termination for Bankruptcy. In the event that either party files a voluntary petition in bankruptcy or is adjudicated bankrupt or insolvent, this Agreement shall be deemed terminated and all rights and licenses granted under this Agreement shall immediately revert to the granting party.

12.23 Termination for Dissolution. If either party is dissolved or liquidated, this Agreement shall be deemed terminated and all rights and licenses granted under this Agreement shall immediately revert to the granting party.

12.24 Termination for Expiration. This Agreement may be terminated by either party upon written notice to the other party in the event that it expires by its own terms.

12.25 Termination for Convenience. Either party may terminate this Agreement at any time upon written notice to the other party, without cause or liability, except as otherwise provided herein.

12.26 Cancellation. Upon termination or cancellation of this Agreement, all rights and obligations hereunder shall cease and terminate, and each party shall promptly return to the other party any and all confidential information and materials in its possession or control.

12.27 Dissolution. In the event that either party is dissolved or liquidated, this Agreement shall be deemed terminated and all rights and licenses granted under this Agreement shall immediately revert to the granting party.

12.28 Expiration. This Agreement may be terminated by either party upon written notice to the other party in the event that it expires by its own terms.

12.29 Termination for Default. If either party defaults or breaches any of its obligations under this Agreement, the non-defaulting party shall have the right to terminate this Agreement and all rights and licenses granted hereunder.

12.30 Cure Period. In the event of a default or breach by either party, the other party shall have a period of thirty (30) days from receipt of written notice thereof to cure such default or breach.

12.31 Termination for Insolvency. If either party becomes insolvent or makes an assignment for the benefit of creditors or files a voluntary petition in bankruptcy or is adjudicated bankrupt or insolvent, this Agreement shall be deemed terminated and all rights and licenses granted under this Agreement shall immediately revert to the granting party.

12.32 Termination for Bankruptcy. In the event that either party files a voluntary petition in bankruptcy or is adjudicated bankrupt or insolvent, this Agreement shall be deemed terminated and all rights and licenses granted under this Agreement shall immediately revert to the granting party.

12.33 Termination for Dissolution. If either party is dissolved or liquidated, this Agreement shall be deemed terminated and all rights and licenses granted under this Agreement shall immediately revert to the granting party.

12.34 Termination for Expiration. This Agreement may be terminated by either party upon written notice to the other party in the event that it expires by its own terms.

12.35 Termination for Convenience. Either party may terminate this Agreement at any time upon written notice to the other party, without cause or liability, except as otherwise provided herein.

12.36 Cancellation. Upon termination or cancellation of this Agreement, all rights and obligations hereunder shall cease and terminate, and each party shall promptly return to the other party any and all confidential information and materials in its possession or control.

12.37 Dissolution. In the event that either party is dissolved or liquidated, this Agreement shall be deemed terminated and all rights and licenses granted under this Agreement shall immediately revert to the granting party.

12.38 Expiration. This Agreement may be terminated by either party upon written notice to the other party in the event that it expires by its own terms.

12.39 Termination for Default. If either party defaults or breaches any of its obligations under this Agreement, the non-defaulting party shall have the right to terminate this Agreement and all rights and licenses granted hereunder.

12.40 Cure Period. In the event of a default or breach by either party, the other party shall have a period of thirty (30) days from receipt of written notice thereof to cure such default or breach.

12.41 Termination for Insolvency. If either party becomes insolvent or makes an assignment for the benefit of creditors or files a voluntary petition in bankruptcy or is adjudicated bankrupt or insolvent, this Agreement shall be deemed terminated and all rights and licenses granted under this Agreement shall immediately revert to the granting party.

12.42 Termination for Bankruptcy. In the event that either party files a voluntary petition in bankruptcy or is adjudicated bankrupt or insolvent, this Agreement shall be deemed terminated and all rights and licenses granted under this Agreement shall immediately revert to the granting party.

12.43 Termination for Dissolution. If either party is dissolved or liquidated, this Agreement shall be deemed terminated and all rights and licenses granted under this Agreement shall immediately revert to the granting party.

12.44 Termination for Expiration. This Agreement may be terminated by either party upon written notice to the other party in the event that it expires by its own terms.

12.45 Termination for Convenience. Either party may terminate this Agreement at any time upon written notice to the other party, without cause or liability, except as otherwise provided herein.

12.46 Cancellation. Upon termination or cancellation of","1.3 T&B and LEA shall promptly notify one another in writing of any alleged infringement of the Licensed Intellectual Property by a third party. Within fifteen (15) days of the receipt of such notice or such other period as may be agreed to by the parties, T&B and LEA shall meet and confer to formulate a strategy for resolving the alleged infringement.

2.3 T&B and LEA shall promptly notify one another in writing of any alleged infringement of the Licensed Intellectual Property by a third party. Within fifteen (15) days of the receipt of such notice or such other period as may be agreed to by the parties, T&B and LEA shall meet and confer to formulate a strategy for resolving the alleged infringement.

2.4 Should either T&B or LEA commence a suit under the provisions of this Section 15, and thereafter elect to abandon the same, it shall give timely notice of the other party who may, if it so desires, continue to prosecute such suit.

3.5 LEA acknowledges and agrees that, except as otherwise specifically provided for herein, this Agreement grants LEA no title or right of ownership in or to the Licensed Intellectual Property. LEA shall not at any time do or cause to be done any act, omission, or thing contesting or in any way impairing or tending to impair any part of T&B s right, title and interest in the Licensed Intellectual Property.

3.6 In the event LEA shall be deemed to have acquired any ownership rights in the Licensed Intellectual Property, the LEA shall assign, and agrees to execute all documents reasonably requested by T&B to assign, all such rights in the Licensed Intellectual Property to T&B or its nominee.

4.2 LEA and T&B shall jointly own all jointly-created work product including, but not limited to, ideas, any and all concepts, designs, Customer Data (including client lists) generated through the conduct of the Business, programs, software, reports, or other intellectual property and tangible work product, produced for the Business , regardless of whether such were incorporated into or used by the Business (collectively  Work Product ), shall be and remain the joint property of LEA and T&B when produced provided, however, (i) to the extent LEA has contributed distinct and divisible work product to the Business during the Term (  LEA Work Product  ), such LEA Work Product shall remain frozen for a period not to exceed 90 days, during which time T&B may acquire a license for the LEA Work Product by reimbursing LEA direct and verifiable costs LEA incurred in producing the LEA Work Product during the Term and (ii) to the extent T&B has contributed distinct and divisible work product to the Business during the Term (  T&B Work Product  ), such T&B Work Product shall remain frozen for a period not to exceed 90 days, during which time LEA may acquire license for the T&B Work Product by reimbursing T&B direct and verifiable costs T&B incurred in producing the T&B Work Product during the Term.

3.1. During the Term, the LEA shall not use the Licensed Intellectual Property other than as permitted by this Agreement.

3.2. During the Term, T&B shall promptly disclose to LEA on an ongoing basis all additions, improvements, changes, replacements, or enhancements to T&B s Proprietary Rights not previously disclosed.

3.5 LEA acknowledges and agrees that, except as otherwise specifically provided for herein, this Agreement grants LEA no title or right of ownership in or to the Licensed Intellectual Property. LEA shall not at any time do or cause to be done any act, omission, or thing contesting or in any way impairing or tending to impair any part of T&B s right, title and interest in the Licensed Intellectual Property.

3.6 In the event LEA shall be deemed to have acquired any ownership rights in the Licensed Intellectual Property, the LEA shall assign, and agrees to execute all documents reasonably requested by T&B to assign, all such rights in the Licensed Intellectual Property to T&B or its nominee.

9.1 The parties agree that all Confidential Information disclosed by one party (the  Disclosing Party ) to the other party (the  Receiving Party ) pursuant to this Agreement shall be kept confidential and not disclosed to any third party without the prior written consent of the Disclosing Party, except as permitted under Section 9.2.

9.2 The obligations of confidentiality set forth in Section 9.1 shall not apply to information that is publicly available or becomes publicly available other than by reason of a breach of this Agreement by the Receiving Party.

9.3 The parties agree that all Confidential Information disclosed by one party (the  Disclosing Party ) to the other party (the  Receiving Party ) pursuant to this Agreement shall be kept confidential and not disclosed to any third party without the prior written consent of the Disclosing Party, except as permitted under Section 9.2.

9.4 The obligations of confidentiality set forth in Section 9.3 shall not apply to information that is publicly available or becomes publicly available other than by reason of a breach of this Agreement by the Receiving Party.

9.5 The parties agree that all Confidential Information disclosed by one party (the  Disclosing Party ) to the other party (the  Receiving Party ) pursuant to this Agreement shall be kept confidential and not disclosed to any third party without the prior written consent of the Disclosing Party, except as permitted under Section 9.2.

9.6 The obligations of confidentiality set forth in Section 9.5 shall not apply to information that is publicly available or becomes publicly available other than by reason of a breach of this Agreement by the Receiving Party.

10.1 Each party acknowledges and agrees that all Confidential Information disclosed by one party (the  Disclosing Party ) to the other party (the  Receiving Party ) pursuant to this Agreement shall be kept confidential and not disclosed to any third party without the prior written consent of the Disclosing Party, except as permitted under Section 10.2.

10.2 The obligations of confidentiality set forth in Section 10.1 shall not apply to information that is publicly available or becomes publicly available other than by reason of a breach of this Agreement by the Receiving Party.

11.1 Each party acknowledges and agrees that all Confidential Information disclosed by one party (the  Disclosing Party ) to the other party (the  Receiving Party ) pursuant to this Agreement shall be kept confidential and not disclosed to any third party without the prior written consent of the Disclosing Party, except as permitted under Section 11.2.

11.2 The obligations of confidentiality set forth in Section 11.1 shall not apply to information that is publicly available or becomes publicly available other than by reason of a breach of this Agreement by the Receiving Party.

12.1 Each party acknowledges and agrees that all Confidential Information disclosed by one party (the  Disclosing Party ) to the other party (the  Receiving Party ) pursuant to this Agreement shall be kept confidential and not disclosed to any third party without the prior written consent of the Disclosing Party, except as permitted under Section 12.2.

12.2 The obligations of confidentiality set forth in Section 12.1 shall not apply to information that is publicly available or becomes publicly available other than by reason of a breach of this Agreement by the Receiving Party.

13.1 Each party acknowledges and agrees that all Confidential Information disclosed by one party (the  Disclosing Party ) to the other party (the  Receiving Party ) pursuant to this Agreement shall be kept confidential and not disclosed to any third party without the prior written consent of the Disclosing Party, except as permitted under Section 13.2.

13.2 The obligations of confidentiality set forth in Section 13.1 shall not apply to information that is publicly available or becomes publicly available other than by reason of a breach of this Agreement by the Receiving Party.

14.1 Each party acknowledges and agrees that all Confidential Information disclosed by one party (the  Disclosing Party ) to the other party (the  Receiving Party ) pursuant to this Agreement shall be kept confidential and not disclosed to any third party without the prior written consent of the Disclosing Party, except as permitted under Section 14.2.

14.2 The obligations of confidentiality set forth in Section 14.1 shall not apply to information that is publicly available or becomes publicly available other than by reason of a breach of this Agreement by the Receiving Party.

15.1 Each party acknowledges and agrees that all Confidential Information disclosed by one party (the  Disclosing Party ) to the other party (the  Receiving Party ) pursuant to this Agreement shall be kept confidential and not disclosed to any third party without the prior written consent of the Disclosing Party, except as permitted under Section 15.2.

15.2 The obligations of confidentiality set forth in Section 15.1 shall not apply to information that is publicly available or becomes publicly available other than by reason of a breach of this Agreement by the Receiving Party.

16.1 Each party acknowledges and agrees that all Confidential Information disclosed by one party (the  Disclosing Party ) to the other party (the  Receiving Party ) pursuant to this Agreement shall be kept confidential and not disclosed to any third party without the prior written consent of the Disclosing Party, except as permitted under Section 16.2.

16.2 The obligations of confidentiality set forth in Section 16.1 shall not apply to information that is publicly available or becomes publicly available other than by reason of a breach of this Agreement by the Receiving Party.

17.1 Each party acknowledges and agrees that all Confidential Information disclosed by one party (the  Disclosing Party ) to the other party (the  Receiving Party ) pursuant to this Agreement shall be kept confidential and not disclosed to any third party without the prior written consent of the Disclosing Party, except as permitted under Section 17.2.

17.2 The obligations of confidentiality set forth in Section 17.1 shall not apply to information that is publicly available or becomes publicly available other than by reason of a breach of this Agreement by the Receiving Party.

18.1 Each party acknowledges and agrees that all Confidential Information disclosed by one party (the  Disclosing Party ) to the other party (the  Receiving Party ) pursuant to this Agreement shall be kept confidential and not disclosed to any third party without the prior written consent of the Disclosing Party, except as permitted under Section 18.2.

18.2 The obligations of confidentiality set forth in Section 18.1 shall not apply to information that is publicly available or becomes publicly available other than by reason of a breach of this Agreement by the Receiving Party.

19.1 Each party acknowledges and agrees that all Confidential Information disclosed by one party (the  Disclosing Party ) to the other party (the  Receiving Party ) pursuant to this Agreement shall be kept confidential and not disclosed to any third party without the prior written consent of the Disclosing Party, except as permitted under Section 19.2.

19.2 The obligations of confidentiality set forth in Section 19.1 shall not apply to information that is publicly available or becomes publicly available other than by reason of a breach of this Agreement by the Receiving Party.

20.1 Each party acknowledges and agrees that all Confidential Information disclosed by one party (the  Disclosing Party ) to the other party (the  Receiving Party ) pursuant to this Agreement shall be kept confidential and not disclosed to any third party without the prior written consent of the Disclosing Party, except as permitted under Section 20.2.

20.2 The obligations of confidentiality set forth in Section 20.1 shall not apply to information that is publicly available or becomes publicly available other than by reason of a breach of this Agreement by the Receiving Party.

21.1 Each party acknowledges and agrees that all Confidential Information disclosed by one party (the  Disclosing Party ) to the other party (the  Receiving Party ) pursuant to this Agreement shall be kept confidential and not disclosed to any third party without the prior written consent of the Disclosing Party, except as permitted under Section 21.2.

21.2 The obligations of confidentiality set forth in Section 21.1 shall not apply to information that is publicly available or becomes publicly available other than by reason of a breach of this Agreement by the Receiving Party.

22.1 Each party acknowledges and agrees that all Confidential Information disclosed by one party (the  Disclosing Party ) to the other party (the  Receiving Party ) pursuant to this Agreement shall be kept confidential and not disclosed to any third party without the prior written consent of the Disclosing Party, except as permitted under Section 22.2.

22.2 The obligations of confidentiality set forth in Section 22.1 shall not apply to information that is publicly available or becomes publicly available other than by reason of a breach of this Agreement by the Receiving Party.

23.1 Each party acknowledges and agrees that all Confidential Information disclosed by one party (the  Disclosing Party ) to the other party (the  Receiving Party ) pursuant to this Agreement shall be kept confidential and not disclosed to any third party without the prior written consent of the Disclosing Party, except as permitted under Section 23.2.

23.2 The obligations of confidentiality set forth in Section 23.1 shall not apply to information that is publicly available or becomes publicly available other than by reason of a breach of this Agreement by the Receiving Party.

24.1 Each party acknowledges and agrees that all Confidential Information disclosed by one party (the  Disclosing Party ) to the other party (the  Receiving Party ) pursuant to this Agreement shall be kept confidential and not disclosed to any third party without the prior written consent of the Disclosing Party, except as permitted under Section 24.2.

24.2 The obligations of confidentiality set forth in Section 24.1 shall not apply to information that is publicly available or becomes publicly available other than by reason of a breach of this Agreement by the Receiving Party.

25.1 Each party acknowledges and agrees that all Confidential Information disclosed by one party (the  Disclosing Party ) to the other party (the  Receiving Party ) pursuant to this Agreement shall be kept confidential and not disclosed to any third party without the prior written consent of the Disclosing Party, except as permitted under Section 25.2.

25.2 The obligations of confidentiality set forth in Section 25.1 shall not apply to information that is publicly available or becomes publicly available other than by reason of a breach of this Agreement by the Receiving Party.

26.1 Each party acknowledges and agrees that all Confidential Information disclosed by one party (the  Disclosing Party ) to the other party (the  Receiving Party ) pursuant to this Agreement shall be kept confidential and not disclosed to any third party without the prior written consent of the Disclosing Party, except as permitted under Section 26.2.

26.2 The obligations of","9. WARRANTIES AND REPRESENTATIONS 9.1 T&B represents and warrants to LEA that: (a) it has the right, power, and authority to enter into this Agreement; (b) the execution and delivery of this Agreement by T&B does not violate any agreement or instrument to which T&B is a party; (c) the Licensed Intellectual Property is free from any encumbrances, liens, or security interests; (d) the Licensed Intellectual Property has been properly cleared for use in connection with the Business; and (e) all information provided by T&B to LEA in connection with this Agreement is accurate and complete. 9.2 T&B represents and warrants that it shall comply with all applicable laws, regulations, and industry standards in its performance of its obligations under this Agreement. 9.3 EXCEPT AS EXPRESSLY PROVIDED IN THIS AGREEMENT, T&B MAKES NO OTHER WARRANTIES, EXPRESS OR IMPLIED, INCLUDING BUT NOT LIMITED TO ANY IMPLIED WARRANTY OF MERCHANTABILITY, FITNESS FOR A PARTICULAR PURPOSE, NONINFRINGEMENT, OR ARISING FROM COURSE OF DEALING OR USAGE IN TRADE. 9.4 IN NO EVENT SHALL T&B BE LIABLE TO LEA OR ANY THIRD PARTY FOR ANY INDIRECT, SPECIAL, INCIDENTAL, CONSEQUENTIAL, EXEMPLARY, PUNITIVE, OR OTHER DAMAGES (INCLUDING BUT NOT LIMITED TO LOST PROFITS, BUSINESS INTERRUPTIONS, LOSS OF DATA, OR GOODWILL) ARISING OUT OF THIS AGREEMENT, EVEN IF ADVISED OF THE POSSIBILITY THEREOF. 9.5 IN NO EVENT SHALL T&B'S TOTAL LIABILITY TO LEA FOR ANY AND ALL CLAIMS ARISING UNDER OR IN CONNECTION WITH THIS AGREEMENT EXCEED THE AMOUNT PAID BY LEA TO T&B PURSUANT TO SECTION 7.2 DURING THE PRECEDING TWELVE (12) MONTH PERIOD."
LinkPlusCorp_20050802_8-K_EX-10_3240252_EX-10_Affiliate Agreement.pdf,"Link Plus Corporation and Axiometric, LLC have entered into a joint venture agreement to develop and market Advanced Metering Radio (AMR) products. The parties will collaborate on activities related to the AMR market, with each maintaining independence in their respective activities outside of this joint venture. Key obligations include Axiometric's requirement to issue Requests for Manufacture (RFM) for any AMR hardware sold under the agreement and Link Plus Corporation's obligation to pay Axiometric a percentage of gross proceeds from sales, ranging from 5% to 25%. Financial terms specify that payments due will be made within 45 days of each calendar quarter, with interest applied at 12.0% per annum for late payments exceeding 30 days. The agreement has no specified term and may be terminated only by mutual consent or written amendment.","3.5.3 Payments not received within sixty (60) days after their due date will be considered a material breach of this Agreement and the party due payment may pursue any and all legal action to recover the payment and reasonable legal fees incurred in the pursuit of said payment.

7.2 All actions, cases, suits and proceedings in connection with this Agreement shall be brought in Maryland. All persons affected by this Agreement specifically consent to the personal jurisdiction of and venue in said courts. No action, case, suit or proceeding, regardless of form, arising out of or related to this Agreement, may be brought by either party more than one (1) year after the cause of action has arisen, or in the case of nonpayment, more than two (2) years from the date of the last payment. ALL ACTIONS, CASES, SUITS AND PROCEEDINGS SHALL BE HEARD WITHOUT A JURY. ALL PERSONS AFFECTED BY THIS AGREEMENT SPECIFICALLY WAIVE ALL RIGHT TO A TRIAL BY JURY AND SPECIFICALLY CONSENT TO THE PERSONAL JURISDICTION OF AND VENUE IN SAID COURTS.

7.3 If suit or action is instituted to enforce any of the terms of this Agreement, then the prevailing party shall be entitled to recover from the other party such sums as the Court may adjudge reasonable as attorney's fees at trial on or appeal of such suit or action, in addition to all other sums provided by law.

7.5 This Agreement includes all Recitals, attachments, exhibits, schedules, the Software License Agreement, and contains the entire agreement of the parties. It may not be changed orally but only by agreement in writing signed by the party against whom enforcement of any amendment, waiver, change, modification, extension or discharge is sought.

7.2 All actions, cases, suits and proceedings in connection with this Agreement shall be brought in Maryland. All persons affected by this Agreement specifically consent to the personal jurisdiction of and venue in said courts. No action, case, suit or proceeding, regardless of form, arising out of or related to this Agreement, may be brought by either party more than one (1) year after the cause of action has arisen, or in the case of nonpayment, more than two (2) years from the date of the last payment. ALL ACTIONS, CASES, SUITS AND PROCEEDINGS SHALL BE HEARD WITHOUT A JURY. ALL PERSONS AFFECTED BY THIS AGREEMENT SPECIFICALLY WAIVE ALL RIGHT TO A TRIAL BY JURY AND SPECIFICALLY CONSENT TO THE PERSONAL JURISDICTION OF AND VENUE IN SAID COURTS.

7.3 If suit or action is instituted to enforce any of the terms of this Agreement, then the prevailing party shall be entitled to recover from the other party such sums as the Court may adjudge reasonable as attorney's fees at trial on or appeal of such suit or action, in addition to all other sums provided by law.

5. TERM This Agreement will remain in force for perpetuity or until and unless otherwise mutually agreed or amended in writing by both parties.

7.2 All actions, cases, suits and proceedings in connection with this Agreement shall be brought in Maryland. All persons affected by this Agreement specifically consent to the personal jurisdiction of and venue in said courts. No action, case, suit or proceeding, regardless of form, arising out of or related to this Agreement, may be brought by either party more than one (1) year after the cause of action has arisen, or in the case of nonpayment, more than two (2) years from the date of the last payment. ALL ACTIONS, CASES, SUITS AND PROCEEDINGS SHALL BE HEARD WITHOUT A JURY. ALL PERSONS AFFECTED BY THIS AGREEMENT SPECIFICALLY WAIVE ALL RIGHT TO A TRIAL BY JURY AND SPECIFICALLY CONSENT TO THE PERSONAL JURISDICTION OF AND VENUE IN SAID COURTS.

7.3 If suit or action is instituted to enforce any of the terms of this Agreement, then the prevailing party shall be entitled to recover from the other party such sums as the Court may adjudge reasonable as attorney's fees at trial on or appeal of such suit or action, in addition to all other sums provided by law.

7.2 All actions, cases, suits and proceedings in connection with this Agreement shall be brought in Maryland. All persons affected by this Agreement specifically consent to the personal jurisdiction of and venue in said courts. No action, case, suit or proceeding, regardless of form, arising out of or related to this Agreement, may be brought by either party more than one (1) year after the cause of action has arisen, or in the case of nonpayment, more than two (2) years from the date of the last payment. ALL ACTIONS, CASES, SUITS AND PROCEEDINGS SHALL BE HEARD WITHOUT A JURY. ALL PERSONS AFFECTED BY THIS AGREEMENT SPECIFICALLY WAIVE ALL RIGHT TO A TRIAL BY JURY AND SPECIFICALLY CONSENT TO THE PERSONAL JURISDICTION OF AND VENUE IN SAID COURTS.

7.3 If suit or action is instituted to enforce any of the terms of this Agreement, then the prevailing party shall be entitled to recover from the other party such sums as the Court may adjudge reasonable as attorney's fees at trial on or appeal of such suit or action, in addition to all other sums provided by law.

7.5 This Agreement includes all Recitals, attachments, exhibits, schedules, the Software License Agreement, and contains the entire agreement of the parties. It may not be changed orally but only by agreement in writing signed by the party against whom enforcement of any amendment, waiver, change, modification, extension or discharge is sought.

7.2 All actions, cases, suits and proceedings in connection with this Agreement shall be brought in Maryland. All persons affected by this Agreement specifically consent to the personal jurisdiction of and venue in said courts. No action, case, suit or proceeding, regardless of form, arising out of or related to this Agreement, may be brought by either party more than one (1) year after the cause of action has arisen, or in the case of nonpayment, more than two (2) years from the date of the last payment. ALL ACTIONS, CASES, SUITS AND PROCEEDINGS SHALL BE HEARD WITHOUT A JURY. ALL PERSONS AFFECTED BY THIS AGREEMENT SPECIFICALLY WAIVE ALL RIGHT TO A TRIAL BY JURY AND SPECIFICALLY CONSENT TO THE PERSONAL JURISDICTION OF AND VENUE IN SAID COURTS.

7.3 If suit or action is instituted to enforce any of the terms of this Agreement, then the prevailing party shall be entitled to recover from the other party such sums as the Court may adjudge reasonable as attorney's fees at trial on or appeal of such suit or action, in addition to all other sums provided by law.

7.5 This Agreement includes all Recitals, attachments, exhibits, schedules, the Software License Agreement, and contains the entire agreement of the parties. It may not be changed orally but only by agreement in writing signed by the party against whom enforcement of any amendment, waiver, change, modification, extension or discharge is sought.

7.2 All actions, cases, suits and proceedings in connection with this Agreement shall be brought in Maryland. All persons affected by this Agreement specifically consent to the personal jurisdiction of and venue in said courts. No action, case, suit or proceeding, regardless of form, arising out of or related to this Agreement, may be brought by either party more than one (1) year after the cause of action has arisen, or in the case of nonpayment, more than two (2) years from the date of the last payment. ALL ACTIONS, CASES, SUITS AND PROCEEDINGS SHALL BE HEARD WITHOUT A JURY. ALL PERSONS AFFECTED BY THIS AGREEMENT SPECIFICALLY WAIVE ALL RIGHT TO A TRIAL BY JURY AND SPECIFICALLY CONSENT TO THE PERSONAL JURISDICTION OF AND VENUE IN SAID COURTS.

7.3 If suit or action is instituted to enforce any of the terms of this Agreement, then the prevailing party shall be entitled to recover from the other party such sums as the Court may adjudge reasonable as attorney's fees at trial on or appeal of such suit or action, in addition to all other sums provided by law.

7.5 This Agreement includes all Recitals, attachments, exhibits, schedules, the Software License Agreement, and contains the entire agreement of the parties. It may not be changed orally but only by agreement in writing signed by the party against whom enforcement of any amendment, waiver, change, modification, extension or discharge is sought.

7.2 All actions, cases, suits and proceedings in connection with this Agreement shall be brought in Maryland. All persons affected by this Agreement specifically consent to the personal jurisdiction of and venue in said courts. No action, case, suit or proceeding, regardless of form, arising out of or related to this Agreement, may be brought by either party more than one (1) year after the cause of action has arisen, or in the case of nonpayment, more than two (2) years from the date of the last payment. ALL ACTIONS, CASES, SUITS AND PROCEEDINGS SHALL BE HEARD WITHOUT A JURY. ALL PERSONS AFFECTED BY THIS AGREEMENT SPECIFICALLY WAIVE ALL RIGHT TO A TRIAL BY JURY AND SPECIFICALLY CONSENT TO THE PERSONAL JURISDICTION OF AND VENUE IN SAID COURTS.

7.3 If suit or action is instituted to enforce any of the terms of this Agreement, then the prevailing party shall be entitled to recover from the other party such sums as the Court may adjudge reasonable as attorney's fees at trial on or appeal of such suit or action, in addition to all other sums provided by law.

7.5 This Agreement includes all Recitals, attachments, exhibits, schedules, the Software License Agreement, and contains the entire agreement of the parties. It may not be changed orally but only by agreement in writing signed by the party against whom enforcement of any amendment, waiver, change, modification, extension or discharge is sought.

7.2 All actions, cases, suits and proceedings in connection with this Agreement shall be brought in Maryland. All persons affected by this Agreement specifically consent to the personal jurisdiction of and venue in said courts. No action, case, suit or proceeding, regardless of form, arising out of or related to this Agreement, may be brought by either party more than one (1) year after the cause of action has arisen, or in the case of nonpayment, more than two (2) years from the date of the last payment. ALL ACTIONS, CASES, SUITS AND PROCEEDINGS SHALL BE HEARD WITHOUT A JURY. ALL PERSONS AFFECTED BY THIS AGREEMENT SPECIFICALLY WAIVE ALL RIGHT TO A TRIAL BY JURY AND SPECIFICALLY CONSENT TO THE PERSONAL JURISDICTION OF AND VENUE IN SAID COURTS.

7.3 If suit or action is instituted to enforce any of the terms of this Agreement, then the prevailing party shall be entitled to recover from the other party such sums as the Court may adjudge reasonable as attorney's fees at trial on or appeal of such suit or action, in addition to all other sums provided by law.

7.5 This Agreement includes all Recitals, attachments, exhibits, schedules, the Software License Agreement, and contains the entire agreement of the parties. It may not be changed orally but only by agreement in writing signed by the party against whom enforcement of any amendment, waiver, change, modification, extension or discharge is sought.

7.2 All actions, cases, suits and proceedings in connection with this Agreement shall be brought in Maryland. All persons affected by this Agreement specifically consent to the personal jurisdiction of and venue in said courts. No action, case, suit or proceeding, regardless of form, arising out of or related to this Agreement, may be brought by either party more than one (1) year after the cause of action has arisen, or in the case of nonpayment, more than two (2) years from the date of the last payment. ALL ACTIONS, CASES, SUITS AND PROCEEDINGS SHALL BE HEARD WITHOUT A JURY. ALL PERSONS AFFECTED BY THIS AGREEMENT SPECIFICALLY WAIVE ALL RIGHT TO A TRIAL BY JURY AND SPECIFICALLY CONSENT TO THE PERSONAL JURISDICTION OF AND VENUE IN SAID COURTS.

7.3 If suit or action is instituted to enforce any of the terms of this Agreement, then the prevailing party shall be entitled to recover from the other party such sums as the Court may adjudge reasonable as attorney's fees at trial on or appeal of such suit or action, in addition to all other sums provided by law.

7.5 This Agreement includes all Recitals, attachments, exhibits, schedules, the Software License Agreement, and contains the entire agreement of the parties. It may not be changed orally but only by agreement in writing signed by the party against whom enforcement of any amendment, waiver, change, modification, extension or discharge is sought.

7.2 All actions, cases, suits and proceedings in connection with this Agreement shall be brought in Maryland. All persons affected by this Agreement specifically consent to the personal jurisdiction of and venue in said courts. No action, case, suit or proceeding, regardless of form, arising out of or related to this Agreement, may be brought by either party more than one (1) year after the cause of action has arisen, or in the case of nonpayment, more than two (2) years from the date of the last payment. ALL ACTIONS, CASES, SUITS AND PROCEEDINGS SHALL BE HEARD WITHOUT A JURY. ALL PERSONS AFFECTED BY THIS AGREEMENT SPECIFICALLY WAIVE ALL RIGHT TO A TRIAL BY JURY AND SPECIFICALLY CONSENT TO THE PERSONAL JURISDICTION OF AND VENUE IN SAID COURTS.

7.3 If suit or action is instituted to enforce any of the terms of this Agreement, then the prevailing party shall be entitled to recover from the other party such sums as the Court may adjudge reasonable as attorney's fees at trial on or appeal of such suit or action, in addition to all other sums provided by law.

7.5 This Agreement includes all Recitals, attachments, exhibits, schedules, the Software License Agreement, and contains the entire agreement of the parties. It may not be changed orally but only by agreement in writing signed by the party against whom enforcement of any amendment, waiver, change, modification, extension or discharge is sought.

7.2 All actions, cases, suits and proceedings in connection with this Agreement shall be brought in Maryland. All persons affected by this Agreement specifically consent","9. CONFIDENTIALITY AND PROPRIETARY INFORMATION

9.1  The parties agree that all information and data exchanged between them in connection with this Agreement shall be kept confidential by each party and its employees, agents, and representatives.

9.2  Confidential Information means any information or data disclosed by one party to the other which is marked as ""confidential"" or which a reasonable person would understand to be confidential.

9.3  The obligations of confidentiality set forth in this Section shall not apply to any information which:

(a)  becomes publicly available through no fault of the receiving party;

(b)  was known by the receiving party prior to its disclosure hereunder;

(c)  is received from a third party who has the right to disclose it; or

(d)  is independently developed by the receiving party without use of or reference to the Confidential Information.

9.4  The parties agree that they will not disclose any confidential information to any third party, except as required by law or court order, and in such case, the disclosing party shall give prior notice to the other party to the extent permitted by law.

9.5  Upon request of either party, all Confidential Information in the possession of the other party shall be returned promptly.

9.6  The parties agree that they will not use any confidential information for any purpose other than as required under this Agreement.

9.7  This Section shall survive termination or expiration of this Agreement and continue to apply to all Confidential Information disclosed prior to such termination or expiration.

9.8  Each party agrees to indemnify the other against any loss, damage, or expense arising out of a breach by that party of its obligations under this Section.

9.9  The parties agree that they will not disclose any proprietary information to any third party, except as required by law or court order, and in such case, the disclosing party shall give prior notice to the other party to the extent permitted by law.

9.10 This Agreement is an NDA (Non-Disclosure Agreement) between the parties.",Not found
LiquidmetalTechnologiesInc_20200205_8-K_EX-10.1_11968198_EX-10.1_Development Agreement.pdf,"Liquidmetal Technologies Inc. and Eutectix have entered into an agreement to collaborate on the development and production of metallic glass products. The purpose of this agreement is to enable Eutectix to manufacture Licensed Products using Liquidmetal's patented technology, while also providing access to Liquidmetal's technical information and equipment. Key obligations for Eutectix include maintaining the licensed equipment in good working order, complying with all reasonable directions from Liquidmetal, and paying a cash royalty of 6.0% on the invoice price of any Licensed Products sold by Eutectix or its permitted sublicensees. In return, Eutectix will have access to Liquidmetal's technical information and equipment, as well as the ability to manufacture Licensed Products for sale to third parties. The agreement has a term of three years, after which it may be terminated with prior written notice from either party.","9. TERMINATION

9.1 Termination by Either Party. This Agreement may be terminated by either party upon written notice to the other in accordance with Section 10.2 below if:

(a)the other party shall have committed a material breach of any term or condition of this Agreement and such breach shall not have been cured within thirty (30) days after receipt of written notice thereof from the non-breaching party; or

(b)the other party shall have made an assignment for the benefit of creditors, or shall have filed a petition in bankruptcy or shall have had a receiver appointed for its business or property.

9.2 Termination by Liquidmetal. In addition to the foregoing, this Agreement may be terminated by Liquidmetal upon written notice to Eutectix if:

(a)Eutectix shall have failed to pay any amount due and owing to Liquidmetal under this Agreement when such payment is due; or

(b)Eutectix shall have committed a material breach of any term or condition of this Agreement, including but not limited to the obligations set forth in Sections 2.1 through 2.7 above.

9.3 Termination by Eutectix. In addition to the foregoing, this Agreement may be terminated by Eutectix upon written notice to Liquidmetal if:

(a)Liquidmetal shall have failed to deliver any Licensed Technical Information or Licensed Equipment as required under Section 2.4 above; or

(b)Liquidmetal shall have committed a material breach of any term or condition of this Agreement, including but not limited to the obligations set forth in Sections 2.1 through 2.7 above.

9.4 Termination for Convenience. This Agreement may be terminated by either party upon written notice to the other in accordance with Section 10.2 below if:

(a)the other party shall have committed a material breach of any term or condition of this Agreement and such breach shall not have been cured within thirty (30) days after receipt of written notice thereof from the non-breaching party; or

(b)the other party shall have made an assignment for the benefit of creditors, or shall have filed a petition in bankruptcy or shall have had a receiver appointed for its business or property.

9.5 Termination upon Expiration. This Agreement will automatically expire and terminate on the date specified in Section 1.2 above.

9.6 Effect of Termination. Upon termination of this Agreement:

(a)all rights and obligations of the parties hereunder shall cease, except as otherwise provided herein; and

(b)Eutectix shall immediately return to Liquidmetal all Licensed Technical Information and Licensed Equipment in its possession or control.

9.7 Survival. The provisions of Sections 2.1 through 2.8 above, and Section 10 below, shall survive the termination of this Agreement for a period of two (2) years after such termination.

9.8 Termination upon Bankruptcy. Upon the filing by either party of a petition in bankruptcy or the entry of an order for relief against either party, this Agreement shall automatically terminate and be of no further force and effect.

9.9 Termination upon Dissolution. Upon the dissolution of either party, this Agreement shall automatically terminate and be of no further force and effect.

9.10 Termination upon Liquidation. Upon the liquidation of either party, this Agreement shall automatically terminate and be of no further force and effect.

9.11 Termination upon Merger or Consolidation. Upon a merger or consolidation involving either party, this Agreement shall automatically terminate and be of no further force and effect.

9.12 Termination upon Sale of Assets. Upon the sale by either party of all or substantially all of its assets, this Agreement shall automatically terminate and be of no further force and effect.

9.13 Termination upon Change in Control. Upon a change in control involving either party, this Agreement shall automatically terminate and be of no further force and effect.

9.14 Termination upon Insolvency. Upon the insolvency of either party, this Agreement shall automatically terminate and be of no further force and effect.

9.15 Termination upon Default. If either party defaults under this Agreement, the other party may terminate this Agreement by written notice to the defaulting party.

9.16 Termination upon Cure. If a breach or default is capable of cure, the non-defaulting party shall give the defaulting party written notice specifying the nature and extent of such breach or default and stating that the non-defaulting party intends to terminate this Agreement if such breach or default is not cured within thirty (30) days after receipt of such notice.

9.17 Termination upon End of Term. This Agreement will automatically expire and terminate on the date specified in Section 1.2 above.

9.18 Termination upon Cancelation. Upon cancelation by either party, this Agreement shall automatically terminate and be of no further force and effect.

9.19 Termination upon Dissolution. Upon dissolution of either party, this Agreement shall automatically terminate and be of no further force and effect.

9.20 Termination upon Liquidation. Upon liquidation of either party, this Agreement shall automatically terminate and be of no further force and effect.

9.21 Termination upon Merger or Consolidation. Upon a merger or consolidation involving either party, this Agreement shall automatically terminate and be of no further force and effect.

9.22 Termination upon Sale of Assets. Upon the sale by either party of all or substantially all of its assets, this Agreement shall automatically terminate and be of no further force and effect.

9.23 Termination upon Change in Control. Upon a change in control involving either party, this Agreement shall automatically terminate and be of no further force and effect.

9.24 Termination upon Insolvency. Upon the insolvency of either party, this Agreement shall automatically terminate and be of no further force and effect.

9.25 Termination upon Default. If either party defaults under this Agreement, the other party may terminate this Agreement by written notice to the defaulting party.

9.26 Termination upon Cure. If a breach or default is capable of cure, the non-defaulting party shall give the defaulting party written notice specifying the nature and extent of such breach or default and stating that the non-defaulting party intends to terminate this Agreement if such breach or default is not cured within thirty (30) days after receipt of such notice.

9.27 Termination upon End of Term. This Agreement will automatically expire and terminate on the date specified in Section 1.2 above.

9.28 Termination upon Cancelation. Upon cancelation by either party, this Agreement shall automatically terminate and be of no further force and effect.

9.29 Termination upon Dissolution. Upon dissolution of either party, this Agreement shall automatically terminate and be of no further force and effect.

9.30 Termination upon Liquidation. Upon liquidation of either party, this Agreement shall automatically terminate and be of no further force and effect.

9.31 Termination upon Merger or Consolidation. Upon a merger or consolidation involving either party, this Agreement shall automatically terminate and be of no further force and effect.

9.32 Termination upon Sale of Assets. Upon the sale by either party of all or substantially all of its assets, this Agreement shall automatically terminate and be of no further force and effect.

9.33 Termination upon Change in Control. Upon a change in control involving either party, this Agreement shall automatically terminate and be of no further force and effect.

9.34 Termination upon Insolvency. Upon the insolvency of either party, this Agreement shall automatically terminate and be of no further force and effect.

9.35 Termination upon Default. If either party defaults under this Agreement, the other party may terminate this Agreement by written notice to the defaulting party.

9.36 Termination upon Cure. If a breach or default is capable of cure, the non-defaulting party shall give the defaulting party written notice specifying the nature and extent of such breach or default and stating that the non-defaulting party intends to terminate this Agreement if such breach or default is not cured within thirty (30) days after receipt of such notice.

9.37 Termination upon End of Term. This Agreement will automatically expire and terminate on the date specified in Section 1.2 above.

9.38 Termination upon Cancelation. Upon cancelation by either party, this Agreement shall automatically terminate and be of no further force and effect.

9.39 Termination upon Dissolution. Upon dissolution of either party, this Agreement shall automatically terminate and be of no further force and effect.

9.40 Termination upon Liquidation. Upon liquidation of either party, this Agreement shall automatically terminate and be of no further force and effect.

9.41 Termination upon Merger or Consolidation. Upon a merger or consolidation involving either party, this Agreement shall automatically terminate and be of no further force and effect.

9.42 Termination upon Sale of Assets. Upon the sale by either party of all or substantially all of its assets, this Agreement shall automatically terminate and be of no further force and effect.

9.43 Termination upon Change in Control. Upon a change in control involving either party, this Agreement shall automatically terminate and be of no further force and effect.

9.44 Termination upon Insolvency. Upon the insolvency of either party, this Agreement shall automatically terminate and be of no further force and effect.

9.45 Termination upon Default. If either party defaults under this Agreement, the other party may terminate this Agreement by written notice to the defaulting party.

9.46 Termination upon Cure. If a breach or default is capable of cure, the non-defaulting party shall give the defaulting party written notice specifying the nature and extent of such breach or default and stating that the non-defaulting party intends to terminate this Agreement if such breach or default is not cured within thirty (30) days after receipt of such notice.

9.47 Termination upon End of Term. This Agreement will automatically expire and terminate on the date specified in Section 1.2 above.

9.48 Termination upon Cancelation. Upon cancelation by either party, this Agreement shall automatically terminate and be of no further force and effect.

9.49 Termination upon Dissolution. Upon dissolution of either party, this Agreement shall automatically terminate and be of no further force and effect.

9.50 Termination upon Liquidation. Upon liquidation of either party, this Agreement shall automatically terminate and be of no further force and effect.

9.51 Termination upon Merger or Consolidation. Upon a merger or consolidation involving either party, this Agreement shall automatically terminate and be of no further force and effect.

9.52 Termination upon Sale of Assets. Upon the sale by either party of all or substantially all of its assets, this Agreement shall automatically terminate and be of no further force and effect.

9.53 Termination upon Change in Control. Upon a change in control involving either party, this Agreement shall automatically terminate and be of no further force and effect.

9.54 Termination upon Insolvency. Upon the insolvency of either party, this Agreement shall automatically terminate and be of no further force and effect.

9.55 Termination upon Default. If either party defaults under this Agreement, the other party may terminate this Agreement by written notice to the defaulting party.

9.56 Termination upon Cure. If a breach or default is capable of cure, the non-defaulting party shall give the defaulting party written notice specifying the nature and extent of such breach or default and stating that the non-defaulting party intends to terminate this Agreement if such breach or default is not cured within thirty (30) days after receipt of such notice.

9.57 Termination upon End of Term. This Agreement will automatically expire and terminate on the date specified in Section 1.2 above.

9.58 Termination upon Cancelation. Upon cancelation by either party, this Agreement shall automatically terminate and be of no further force and effect.

9.59 Termination upon Dissolution. Upon dissolution of either party, this Agreement shall automatically terminate and be of no further force and effect.

9.60 Termination upon Liquidation. Upon liquidation of either party, this Agreement shall automatically terminate and be of no further force and effect.

9.61 Termination upon Merger or Consolidation. Upon a merger or consolidation involving either party, this Agreement shall automatically terminate and be of no further force and effect.

9.62 Termination upon Sale of Assets. Upon the sale by either party of all or substantially all of its assets, this Agreement shall automatically terminate and be of no further force and effect.

9.63 Termination upon Change in Control. Upon a change in control involving either party, this Agreement shall automatically terminate and be of no further force and effect.

9.64 Termination upon Insolvency. Upon the insolvency of either party, this Agreement shall automatically terminate and be of no further force and effect.

9.65 Termination upon Default. If either party defaults under this Agreement, the other party may terminate this Agreement by written notice to the defaulting party.

9.66 Termination upon Cure. If a breach or default is capable of cure, the non-defaulting party shall give the defaulting party written notice specifying the nature and extent of such breach or default and stating that the non-defaulting party intends to terminate this Agreement if such breach or default is not cured within thirty (30) days after receipt of such notice.

9.67 Termination upon End of Term. This Agreement will automatically expire and terminate on the date specified in Section 1.2 above.

9.68 Termination upon Cancelation. Upon cancelation by either party, this Agreement shall automatically terminate and be of no further force and effect.

9.69 Termination upon Dissolution. Upon dissolution of either party, this Agreement shall automatically terminate and be of no further force and effect.

9.70 Termination upon Liquidation. Upon liquidation of either party, this Agreement shall automatically terminate and be of no further force and effect.

9.71 Termination upon Merger or Consolidation. Upon a merger or consolidation involving either party, this Agreement shall automatically terminate and be of no further force and effect.

9.72 Termination upon Sale of Assets. Upon the sale by either party of all or substantially all of its assets, this Agreement shall automatically terminate and be of no further force and effect.

9.73 Termination upon Change in Control. Upon a change in control involving either party, this Agreement shall automatically terminate and be of no further force and effect.

9.74 Termination upon Insolvency. Upon the insolvency of either party, this Agreement shall automatically terminate and be of no further force and effect.

9.75 Termination upon Default. If either party defaults under this Agreement, the other party may terminate this Agreement by written notice to the defaulting party.

9.76 Termination upon Cure. If a breach or default is capable of cure, the non-defaulting party shall give the defaulting party written notice specifying the nature and extent","9. CONFIDENTIALITY AND PROPRIETARY INFORMATION

9.1  Definition of Confidential and Proprietary Information. For purposes of this Agreement, ""Confidential Information"" means any information disclosed by one party to the other in connection with this Agreement that is marked as confidential or that a reasonable person would understand to be confidential under the circumstances. The term ""Proprietary Information"" includes all trade secrets, inventions, know-how, and other business information of either party.

9.2  Obligations Regarding Confidential and Proprietary Information. Each party agrees to keep confidential and not disclose to any third party (except as permitted in this Section) the Confidential and Proprietary Information disclosed by the other party. The parties agree that all Confidential and Proprietary Information is secret and of great value, and that disclosure or unauthorized use would cause irreparable harm.

9.3  Permitted Disclosure. Each party may disclose Confidential and Proprietary Information to its employees, agents, and contractors who have a need to know such information for the purpose of performing their duties under this Agreement, provided that each such person is bound by a written agreement containing confidentiality and non-disclosure obligations at least as restrictive as those contained in this Section.

9.4  Non-Disclosure Obligations. Each party agrees to use its best efforts to prevent unauthorized disclosure or use of the Confidential and Proprietary Information disclosed by the other party, and each party shall be responsible for any breach of confidentiality or non-disclosure obligations caused by its employees, agents, or contractors.

9.5  Return of Confidential and Proprietary Information. Upon request, each party agrees to return all Confidential and Proprietary Information in its possession to the disclosing party within a reasonable time period after termination of this Agreement.

9.6  Protection of Trade Secrets. Each party acknowledges that the trade secrets disclosed by the other party are valuable assets and agrees to take reasonable measures to protect such trade secrets, including but not limited to implementing procedures for access control, data backup, and disaster recovery.

9.7  Non-Disclosure Obligations After Termination. The non-disclosure obligations contained in this Section shall survive termination of this Agreement for a period of five (5) years from the date of termination.

9.8  Remedies. In the event of any breach or threatened breach of the confidentiality and non-disclosure obligations contained in this Section, the disclosing party may seek injunctive relief without posting bond, in addition to any other remedies available at law or in equity.

9.9  Governing Law. This Section shall be governed by and construed in accordance with the laws of the State of [STATE], without giving effect to any principles of conflicts of law.

9.10  Entire Agreement. The parties acknowledge that this Section constitutes the entire agreement between them regarding confidentiality, non-disclosure, and proprietary information, and supersedes all prior or contemporaneous agreements or understandings, whether written or oral.

9.11  Amendment. This Section may not be amended or modified except in writing signed by both parties.

9.12  Survival. The obligations contained in this Section shall survive the expiration or termination of this Agreement for a period of five (5) years from the date of termination.

9.13  Waiver. Any waiver of any provision of this Section must be in writing and signed by both parties.

9.14  Severability. If any provision of this Section is held to be invalid, illegal or unenforceable, such provision shall be deemed deleted from this Agreement and the remaining provisions of this Section shall remain in full force and effect.

9.15  Counterparts. This Section may be executed in counterparts, each of which shall be deemed an original, but all of which together shall constitute one and the same instrument.

9.16  Entire Agreement. The parties acknowledge that this Section constitutes the entire agreement between them regarding confidentiality, non-disclosure, and proprietary information, and supersedes all prior or contemporaneous agreements or understandings, whether written or oral.

9.17  Amendment. This Section may not be amended or modified except in writing signed by both parties.

9.18  Survival. The obligations contained in this Section shall survive the expiration or termination of this Agreement for a period of five (5) years from the date of termination.

9.19  Waiver. Any waiver of any provision of this Section must be in writing and signed by both parties.

9.20  Severability. If any provision of this Section is held to be invalid, illegal or unenforceable, such provision shall be deemed deleted from this Agreement and the remaining provisions of this Section shall remain in full force and effect.

9.21  Counterparts. This Section may be executed in counterparts, each of which shall be deemed an original, but all of which together shall constitute one and the same instrument.

9.22  Entire Agreement. The parties acknowledge that this Section constitutes the entire agreement between them regarding confidentiality, non-disclosure, and proprietary information, and supersedes all prior or contemporaneous agreements or understandings, whether written or oral.

9.23  Amendment. This Section may not be amended or modified except in writing signed by both parties.

9.24  Survival. The obligations contained in this Section shall survive the expiration or termination of this Agreement for a period of five (5) years from the date of termination.

9.25  Waiver. Any waiver of any provision of this Section must be in writing and signed by both parties.

9.26  Severability. If any provision of this Section is held to be invalid, illegal or unenforceable, such provision shall be deemed deleted from this Agreement and the remaining provisions of this Section shall remain in full force and effect.

9.27  Counterparts. This Section may be executed in counterparts, each of which shall be deemed an original, but all of which together shall constitute one and the same instrument.

9.28  Entire Agreement. The parties acknowledge that this Section constitutes the entire agreement between them regarding confidentiality, non-disclosure, and proprietary information, and supersedes all prior or contemporaneous agreements or understandings, whether written or oral.

9.29  Amendment. This Section may not be amended or modified except in writing signed by both parties.

9.30  Survival. The obligations contained in this Section shall survive the expiration or termination of this Agreement for a period of five (5) years from the date of termination.

9.31  Waiver. Any waiver of any provision of this Section must be in writing and signed by both parties.

9.32  Severability. If any provision of this Section is held to be invalid, illegal or unenforceable, such provision shall be deemed deleted from this Agreement and the remaining provisions of this Section shall remain in full force and effect.

9.33  Counterparts. This Section may be executed in counterparts, each of which shall be deemed an original, but all of which together shall constitute one and the same instrument.

9.34  Entire Agreement. The parties acknowledge that this Section constitutes the entire agreement between them regarding confidentiality, non-disclosure, and proprietary information, and supersedes all prior or contemporaneous agreements or understandings, whether written or oral.

9.35  Amendment. This Section may not be amended or modified except in writing signed by both parties.

9.36  Survival. The obligations contained in this Section shall survive the expiration or termination of this Agreement for a period of five (5) years from the date of termination.

9.37  Waiver. Any waiver of any provision of this Section must be in writing and signed by both parties.

9.38  Severability. If any provision of this Section is held to be invalid, illegal or unenforceable, such provision shall be deemed deleted from this Agreement and the remaining provisions of this Section shall remain in full force and effect.

9.39  Counterparts. This Section may be executed in counterparts, each of which shall be deemed an original, but all of which together shall constitute one and the same instrument.

9.40  Entire Agreement. The parties acknowledge that this Section constitutes the entire agreement between them regarding confidentiality, non-disclosure, and proprietary information, and supersedes all prior or contemporaneous agreements or understandings, whether written or oral.

9.41  Amendment. This Section may not be amended or modified except in writing signed by both parties.

9.42  Survival. The obligations contained in this Section shall survive the expiration or termination of this Agreement for a period of five (5) years from the date of termination.

9.43  Waiver. Any waiver of any provision of this Section must be in writing and signed by both parties.

9.44  Severability. If any provision of this Section is held to be invalid, illegal or unenforceable, such provision shall be deemed deleted from this Agreement and the remaining provisions of this Section shall remain in full force and effect.

9.45  Counterparts. This Section may be executed in counterparts, each of which shall be deemed an original, but all of which together shall constitute one and the same instrument.

9.46  Entire Agreement. The parties acknowledge that this Section constitutes the entire agreement between them regarding confidentiality, non-disclosure, and proprietary information, and supersedes all prior or contemporaneous agreements or understandings, whether written or oral.

9.47  Amendment. This Section may not be amended or modified except in writing signed by both parties.

9.48  Survival. The obligations contained in this Section shall survive the expiration or termination of this Agreement for a period of five (5) years from the date of termination.

9.49  Waiver. Any waiver of any provision of this Section must be in writing and signed by both parties.

9.50  Severability. If any provision of this Section is held to be invalid, illegal or unenforceable, such provision shall be deemed deleted from this Agreement and the remaining provisions of this Section shall remain in full force and effect.

9.51  Counterparts. This Section may be executed in counterparts, each of which shall be deemed an original, but all of which together shall constitute one and the same instrument.

9.52  Entire Agreement. The parties acknowledge that this Section constitutes the entire agreement between them regarding confidentiality, non-disclosure, and proprietary information, and supersedes all prior or contemporaneous agreements or understandings, whether written or oral.

9.53  Amendment. This Section may not be amended or modified except in writing signed by both parties.

9.54  Survival. The obligations contained in this Section shall survive the expiration or termination of this Agreement for a period of five (5) years from the date of termination.

9.55  Waiver. Any waiver of any provision of this Section must be in writing and signed by both parties.

9.56  Severability. If any provision of this Section is held to be invalid, illegal or unenforceable, such provision shall be deemed deleted from this Agreement and the remaining provisions of this Section shall remain in full force and effect.

9.57  Counterparts. This Section may be executed in counterparts, each of which shall be deemed an original, but all of which together shall constitute one and the same instrument.

9.58  Entire Agreement. The parties acknowledge that this Section constitutes the entire agreement between them regarding confidentiality, non-disclosure, and proprietary information, and supersedes all prior or contemporaneous agreements or understandings, whether written or oral.

9.59  Amendment. This Section may not be amended or modified except in writing signed by both parties.

9.60  Survival. The obligations contained in this Section shall survive the expiration or termination of this Agreement for a period of five (5) years from the date of termination.

9.61  Waiver. Any waiver of any provision of this Section must be in writing and signed by both parties.

9.62  Severability. If any provision of this Section is held to be invalid, illegal or unenforceable, such provision shall be deemed deleted from this Agreement and the remaining provisions of this Section shall remain in full force and effect.

9.63  Counterparts. This Section may be executed in counterparts, each of which shall be deemed an original, but all of which together shall constitute one and the same instrument.

9.64  Entire Agreement. The parties acknowledge that this Section constitutes the entire agreement between them regarding confidentiality, non-disclosure, and proprietary information, and supersedes all prior or contemporaneous agreements or understandings, whether written or oral.

9.65  Amendment. This Section may not be amended or modified except in writing signed by both parties.

9.66  Survival. The obligations contained in this Section shall survive the expiration or termination of this Agreement for a period of five (5) years from the date of termination.

9.67  Waiver. Any waiver of any provision of this Section must be in writing and signed by both parties.

9.68  Severability. If any provision of this Section is held to be invalid, illegal or unenforceable, such provision shall be deemed deleted from this Agreement and the remaining provisions of this Section shall remain in full force and effect.

9.69  Counterparts. This Section may be executed in counterparts, each of which shall be deemed an original, but all of which together shall constitute one and the same instrument.

9.70  Entire Agreement. The parties acknowledge that this Section constitutes the entire agreement between them regarding confidentiality, non-disclosure, and proprietary information, and supersedes all prior or contemporaneous agreements or understandings, whether written or oral.

9.71  Amendment. This Section may not be amended or modified except in writing signed by both parties.

9.72  Survival. The obligations contained in this Section shall survive the expiration or termination of this Agreement for a period of five (5) years from the date of termination.

9.73  Waiver. Any waiver of any provision of this Section must be in writing and signed by both parties.

9.74  Severability. If any provision of this Section is held to be invalid, illegal or unenforceable, such provision shall be deemed deleted from this Agreement and the remaining provisions of this Section shall remain in full force and effect.

9.75  Counterparts. This Section may be executed in counterparts, each of which shall be deemed an original, but all of which together shall constitute one and the same instrument.

9.76  Entire Agreement. The parties acknowledge that this Section constitutes the entire agreement between them regarding confidentiality, non-disclosure, and proprietary information, and supersedes all prior or contemporaneous agreements or understandings, whether written or oral.

9.77  Amendment. This Section may not be amended or modified except in writing signed by both parties.

9.78  Survival. The obligations contained in this Section shall survive the expiration or termination of this Agreement for a period of five (5) years from the date of termination.

9","9. WARRANTIES

9.1 Disclaimer of Warranties. EXCEPT AS EXPRESSLY SET FORTH IN THIS AGREEMENT, LIQUIDMETAL MAKES NO WARRANTY OF ANY KIND, EXPRESS OR IMPLIED, INCLUDING BUT NOT LIMITED TO THE IMPLIED WARRANTIES OF MERCHANTABILITY AND FITNESS FOR A PARTICULAR PURPOSE.

9.2 Limitation of Liability. IN NO EVENT SHALL LIQUIDMETAL BE LIABLE FOR ANY INDIRECT, SPECIAL, INCIDENTAL, CONSEQUENTIAL OR PUNITIVE DAMAGES (INCLUDING WITHOUT LIMITATION LOSS OF PROFITS, BUSINESS INTERRUPTION, LOSS OF INFORMATION OR OTHER ECONOMIC LOSS) ARISING OUT OF THIS AGREEMENT, EVEN IF ADVISED OF THE POSSIBILITY THEREOF.

9.3 Indemnification. LIQUIDMETAL SHALL INDEMNIFY AND HOLD HARMLESS EUTECTIX AND ITS OFFICERS, DIRECTORS, EMPLOYEES, AGENTS AND AFFILIATES FROM ANY CLAIMS, DEMANDS, DAMAGES, LOSSES, COSTS AND EXPENSES (INCLUDING REASONABLE ATTORNEYS' FEES) ARISING OUT OF OR IN CONNECTION WITH THE BREACH BY LIQUIDMETAL OF ITS OBLIGATIONS UNDER THIS AGREEMENT.

9.4 Limitation of Liability. EXCEPT AS EXPRESSLY PROVIDED IN SECTION 2.7, EUTECTIX SHALL NOT BE LIABLE TO LIQUIDMETAL FOR ANY INDIRECT, SPECIAL, INCIDENTAL, CONSEQUENTIAL OR PUNITIVE DAMAGES (INCLUDING WITHOUT LIMITATION LOSS OF PROFITS, BUSINESS INTERRUPTION, LOSS OF INFORMATION OR OTHER ECONOMIC LOSS) ARISING OUT OF THIS AGREEMENT, EVEN IF ADVISED OF THE POSSIBILITY THEREOF.

9.5 Indemnification. EUTECTIX SHALL INDEMNIFY AND HOLD HARMLESS LIQUIDMETAL AND ITS OFFICERS, DIRECTORS, EMPLOYEES, AGENTS AND AFFILIATES FROM ANY CLAIMS, DEMANDS, DAMAGES, LOSSES, COSTS AND EXPENSES (INCLUDING REASONABLE ATTORNEYS' FEES) ARISING OUT OF OR IN CONNECTION WITH THE BREACH BY EUTECTIX OF ITS OBLIGATIONS UNDER THIS AGREEMENT."
MphaseTechnologiesInc_20030911_10-K_EX-10.15_1560667_EX-10.15_Co-Branding Agreement.pdf,"This Co-Branding Agreement, effective January 21, 2003, is between Lucent Technologies Inc. and mPhase Technologies Inc. The purpose of the agreement is to permit mPhase to use the Lucent Technologies name and logo on its multi-access product, subject to certain guidelines and conditions. Key obligations include mPhase's requirement to abide by co-branding guidelines, maintain the quality of its goods associated with the Lucent Co-Branding Logo, and allow Lucent to inspect approved uses bearing the logo. Lucent reserves the right to terminate the agreement in the event of a significant change in mPhase's management or ownership, bankruptcy proceedings against mPhase, or if mPhase fails to maintain product quality. The agreement shall continue for one year, with annual renewal options subject to Lucent's written consent. Upon termination, mPhase must immediately cease use of the Lucent Co-Branding Logo, except on goods sold prior to termination. Neither party is liable for special, incidental, or consequential damages.","6. This Agreement shall terminate in the event of a significant change in the management or ownership of mPhase or in the event mPhase is the subject of any bankruptcy proceedings.

5. mPhase agrees not to adopt any designation which is confusingly similar to the Lucent Co-Branding Logo or Lucent's marks LUCENT, LUCENT TECHNOLOGIES or LUCENT INNOVATION RING DESIGN. Any attempt to do so shall be a breach of this Agreement and Lucent may terminate this Agreement without notice in the event of such a breach.

8. If Lucent determines that mPhase's Goods are no longer maintained at the current level of quality, Lucent shall so notify mPhase, in writing, and Lucent shall have the right to terminate this Agreement.

12. Upon termination of this Agreement, mPhase shall immediately cease use of the Lucent Co-Branding Logo, provided, however, that mPhase shall have no obligation to remove such Co-Branding Logo from any Goods sold prior to the date of such termination.

3. In the event that mPhase's use of the Lucent Co-Branding Logo, in the sole judgment of Lucent, may adversely affect Lucent's rights to the mark shown on Schedule A or the marks and names LUCENT, LUCENT TECHNOLOGIES or LUCENT INNOVATION RING DESIGN, Lucent may upon written notification to mPhase, terminate this Agreement.

9. mPhase agrees to allow Lucent to inspect the Approved Uses bearing the Lucent Co-Branding Logo, to ensure that those uses reviewed and approved pursuant to the procedure set forth in Schedule B continue to be in compliance with the terms of this Agreement.",Not found,Not found
MusclepharmCorp_20170208_10-KA_EX-10.38_9893581_EX-10.38_Co-Branding Agreement.pdf,"Marine MP, LLC has entered into a contract with MusclePharm to endorse their products. The agreement's purpose is to promote MusclePharm's business and products through Arnold Schwarzenegger's Name and Appearance Rights. Marine MP, LLC will provide four personal appearances in the first year, two appearances each in subsequent years, and participate in the production of a GetSwole training video. They will also supply signed items for promotional use. In return, MusclePharm will pay Marine MP, LLC 10% of Net Sales from the sale of certain products and promotional items. The agreement has a term of three years, with an option to extend. Termination can occur upon written notice by either party. Financial terms include $20 million in payments, 25% allocation for pension and health benefits, and 10% of Net Sales from product sales and promotional items.","9. TERMINATION

(a) This Agreement may be terminated by either party upon written notice to the other in the event of a material breach of any provision hereof by the other which is not cured within thirty (30) days after receipt of such notice.

(b) Upon termination, Endorser shall immediately return to MusclePharm all property and materials furnished or provided by MusclePharm, including but not limited to all photographs, films, tapes, videos, and other visual recordings made in connection with the promotion of the Products and Licensed Products.

(c) Termination of this Agreement will not affect any rights or obligations which have accrued prior to termination.","9. CONFIDENTIALITY AND PROPRIETARY INFORMATION 

(a) The parties agree that all information and materials disclosed by one party to the other in connection with this Agreement shall be kept confidential and not disclosed to any third person without the prior written consent of the disclosing party, except as required by law or as necessary for the performance of this Agreement. 

(b) Each party agrees to use such information and materials only for the purposes contemplated by this Agreement and not to disclose them to anyone else unless authorized in writing by the disclosing party. 

(c) The parties agree that all proprietary information disclosed by one party to the other shall remain the property of the disclosing party, and each party agrees to return all copies of such information to the disclosing party upon request. 

(d) Each party acknowledges that any unauthorized disclosure or use of confidential information or proprietary information may cause irreparable harm to the disclosing party for which monetary damages alone may not be sufficient remedy. 

(e) The parties agree that this Section shall survive the termination of this Agreement and continue in effect for a period of five (5) years after such termination.","9. INDEMNIFICATION AND LIMITATION OF LIABILITY

(a) Endorser shall indemnify and hold harmless MusclePharm, its officers, directors, employees, agents, successors and assigns from any and all claims, demands, losses, costs, expenses, damages (including consequential or punitive damages), liabilities, judgments, fines, penalties, interest and fees (collectively, ""Claims"") arising out of or related to:

(i) Endorser's breach of this Agreement;

(ii) Endorser's negligence or willful misconduct in the performance of his obligations under this Agreement;

(iii) Any claim that Endorser's Name and Appearance Rights infringe on the rights of any third party;

(iv) Any claim arising out of or related to the use, sale or distribution of the Products or Licensed Products; and

(v) Any claim arising out of or related to the GetSwole Diet and Weight Training Program.

(b) Endorser shall also indemnify and hold harmless MusclePharm from any and all Claims arising out of or related to:

(i) The use, sale or distribution of the Promotional Products;

(ii) Any claim that the Promotional Products infringe on the rights of any third party; and

(iii) Any claim arising out of or related to the GetSwole Diet and Weight Training Program.

(c) MusclePharm shall indemnify and hold harmless Endorser from any and all Claims arising out of or related to:

(i) The use, sale or distribution of the Products or Licensed Products; and

(ii) Any claim that the Products or Licensed Products infringe on the rights of any third party.

(d) In no event shall either party be liable for special, indirect, incidental, punitive or consequential damages (including but not limited to loss of business profits, business interruption, loss of data or other pecuniary loss), even if such party has been advised of the possibility of such damages."
NeoformaInc_19991202_S-1A_EX-10.26_5224521_EX-10.26_Co-Branding Agreement.pdf,"This agreement between VerticalNet, Inc and Neoforma outlines the terms of their partnership. The purpose is to establish a comprehensive online marketplace for medical products, with both parties contributing listings and revenue-sharing arrangements. Key obligations include VerticalNet's provision of its Medical Product Listings to Neoforma for exclusive use on Neoforma Plan, Shop, and Auction, as well as Neoforma's listing of these products in a consistent look-and-feel. In return, Neoforma grants VerticalNet an exclusive license to use the listings, subject to terms and conditions. Financial terms include revenue-sharing arrangements, with percentages not specified but implied through the context. The agreement is for an initial term, with automatic renewal provisions.","11. TERMINATION 

11.1 Automatic Renewal. Upon expiration of the Initial Term, this Agreement shall automatically renew for successive one-year periods unless either Party gives written notice to the other at least 30 days prior to the end of the then current term that it does not wish to renew.

11.2 Termination by Either Party. This Agreement may be terminated by either Party upon written notice to the other if the other Party:

(a) breaches any material provision of this Agreement and such breach is not cured within 30 days after receipt of written notice thereof from the non-breaching Party; or

(b) fails to pay any amount due hereunder when due and such failure continues for a period of 10 days after receipt of written notice thereof from the non-breaching Party.

11.3 Termination by Neoforma. This Agreement may be terminated by Neoforma upon written notice to VerticalNet if:

(a) VerticalNet's activities in connection with its ""Storefronts"" and ""E-Commerce Centers"" (as conducted today, in a fashion substantially similar to the manner in which such activities are conducted today or as otherwise mutually agreed upon by the parties, which agreement shall not be unreasonably withheld or delayed) constitute a material breach of this Agreement; or

(b) VerticalNet's failure to comply with Section 2.1 [MEDICAL PRODUCTS] , 2.2 [MEDICAL PRODUCTS] , 2.3 [MEDICAL PRODUCTS] , 2.5 [MEDICAL PRODUCTS] , 2.6 [MEDICAL PRODUCTS] , 2.7 [MEDICAL PRODUCTS] or 2.8 [MEDICAL PRODUCTS] constitutes a material breach of this Agreement.

11.4 Termination by VerticalNet. This Agreement may be terminated by VerticalNet upon written notice to Neoforma if:

(a) Neoforma's activities in connection with its ""Auction"" and ""Shop"" (as conducted today, in a fashion substantially similar to the manner in which such activities are conducted today or as otherwise mutually agreed upon by the parties, which agreement shall not be unreasonably withheld or delayed) constitute a material breach of this Agreement; or

(b) Neoforma's failure to comply with Section 2.1 [MEDICAL PRODUCTS] , 2.2 [MEDICAL PRODUCTS] , 2.3 [MEDICAL PRODUCTS] , 2.5 [MEDICAL PRODUCTS] , 2.6 [MEDICAL PRODUCTS] , 2.7 [MEDICAL PRODUCTS] or 2.8 [MEDICAL PRODUCTS] constitutes a material breach of this Agreement.

11.5 Effect of Termination. Upon termination of this Agreement, all rights and licenses granted hereunder shall terminate and each Party shall immediately return to the other all confidential information in its possession.","1.46 TRANSACTION FEE shall mean any payments, including, without limitation, fees and commissions, but collected by a Party from a third party in consideration for goods or services, excluding any Advertising for the benefit of a third party, provided or promoted at one or more Sites operated or controlled by such Party.

1.47 URL shall mean a universal resource locator used for purposes of identifying a page located on the Internet.

1.48 USED AND EXCESS MEDICAL PRODUCTS shall mean (a) previously used Medical Products being resold by or on behalf of the prior end-user purchaser and (b) previously sold but unused Medical Products being resold by or on behalf of the prior end-user purchaser.

1.49 VERTICALNET AUCTION shall mean, in VerticalNet's discretion, the Site located at www.labx.com (or a successor Site thereto) or the ""Auction"" portion of the Site located at www.hospitalnetwork.com.""

1.50 VERTICALNET BUYER'S GUIDE shall mean the ""Buyer's Guide"" portion of the VerticalNet Medical Online Communities (or a successor Site thereto).

1.51 VERTICALNET COMPETITOR shall mean any Site primarily directed to the sale or auction of Laboratory Products.

1.52 VERTICALNET CONTENT shall have the meaning ascribed thereto in Section 6.1 [VERTICALNET CONTENT].

1.53 VERTICALNET DELIVERABLE shall mean any good, service or other item to be delivered or made available by VerticalNet.

1.54 VERTICALNET LABORATORY PRODUCTS LISTING shall mean a VerticalNet Product Listing relating to a Laboratory Product that is not already covered by a Neoforma Medical Product Listing on a VerticalNet Site.

1.55 VERTICALNET LINK shall mean a Link that contains a VerticalNet Mark and will take users of other Sites to a page of a VerticalNet Site.

1.56 VERTICALNET MARK shall mean any trademark, service mark, trade name, domain name, design or logo of VerticalNet.

1.57 VERTICALNET MEDICAL ONLINE COMMUNITIES shall mean the Sites located at www.edental.com, www.hospitalnetwork.com, www.medicaldesignonline.com, and www.nurses.com (or any successor Sites to any of the foregoing).

1.58 VERTICALNET MEDICAL PRODUCTS LISTING shall mean a VerticalNet Product Listing relating to a Medical Product that is not already listed on Neoforma Plan and Neoforma Shop.

1.59 VERTICALNET PRODUCT LISTING shall mean a Product Listing of VerticalNet for Medical Products or Laboratory Products, including any VerticalNet Product Listings made available hereunder by VerticalNet to Neoforma.

1.60 VERTICALNET PRODUCT SHOWCASE shall mean the ""Product Showcase"" portion of the VerticalNet Medical Online Communities.

1.61 VERTICALNET SITE shall mean any Site owned and operated by VerticalNet, including, but not limited to, the VerticalNet Medical Online Communities, the Co-Branded Sites and the Site located at www.verticalnet.com (or a successor Site to any of the foregoing).

2. MEDICAL PRODUCTS .

2.1 Within 30 days after the Effective Date, VerticalNet shall provide a copy of all VerticalNet Medical Product Listings for Used and Excess Medical Products existing as of the Effective Date to Neoforma for use on Neoforma Plan, Neoforma Shop and Neoforma Auction on an exclusive basis (even as to VerticalNet), to the extent VerticalNet has the right to do so.

2.2 Within 30 days after the Effective Date, VerticalNet shall provide a copy of all VerticalNet Medical Product Listings for New Medical Products existing as of the Effective Date to Neoforma for use on Neoforma Plan, Neoforma Shop and Neoforma Auction on an exclusive basis (even as to VerticalNet), to the extent VerticalNet has the right to do so. VerticalNet shall use commercially reasonable efforts to acquire consent from its customers to provide all VerticalNet Medical Product Listings for New Medical Products existing as of the Effective Date to Neoforma.

2.3 From time to time during the Term, VerticalNet shall provide a copy of all VerticalNet Medical Product Listings received by VerticalNet after the Effective Date to Neoforma as such Product Listings are made available to VerticalNet for use on Neoforma Plan, Neoforma Shop and Neoforma Auction on an exclusive basis (even as to VerticalNet), to the extent VerticalNet has the right to do so. VerticalNet shall use commercially reasonable efforts to acquire consent from its customers to provide all VerticalNet Medical Product Listings for New Medical Products received by VerticalNet after the Effective Date to Neoforma.

2.4 Notwithstanding the foregoing, VerticalNet's activities in connection with its ""Storefronts"" and ""E-Commerce Centers"" (as conducted today, in a fashion substantially similar to the manner in which such activities are conducted today or as otherwise mutually agreed upon by the parties, which agreement shall not be unreasonably withheld or delayed) shall not be considered to be a breach of Section 2.1 [MEDICAL PRODUCTS] , 2.2 [MEDICAL PRODUCTS] or 2.3 [MEDICAL PRODUCTS] .

2.5 VerticalNet hereby grants Neoforma an exclusive license, even as to Source: NEOFORMA INC, S-1/A, 12/2/1999 VerticalNet, to use, modify, enhance, reproduce, display, perform and transmit the VerticalNet Medical Product Listings, subject to and in accordance with the terms, conditions and provisions of this Agreement, to the extent that VerticalNet has the right to do so.

2.6 Neoforma shall list each VerticalNet Product Listing on Neoforma Plan or Neoforma Shop or Neoforma Auction. The look-and-feel of the VerticalNet Product Listings as displayed on Neoforma Plan, Neoforma Shop and Neoforma Auction shall be substantially consistent with the look-and-feel of the other Medical Products Listings displayed on such Sites, unless otherwise agreed upon by the Parties.

2.7 VerticalNet shall add a Neoforma Link to each VerticalNet Buyer's Guide labeled ""Neoforma Search"" (or as otherwise mutually agreed upon by the Parties), substantially consistent with the prototype attached hereto as EXHIBIT B, which Links shall be as prominent as the other Links on such Sites. If a user of a VerticalNet Buyer's Guide clicks on such button, such user shall be linked to a Site containing a VerticalNet frame surrounding the appropriate search results on Neoforma Shop. As soon as is commercially reasonable, and in any event, no later that the first anniversary of the Effective Date, such search results shall only contain 6 7 Product Listings for New Medical Products. Notwithstanding the foregoing, if, at any time, Neoforma lists Used and Excess Medical Products on Neoforma Shop, VerticalNet may remove or relocate the Neoforma Link described in this Section 2.7 [MEDICAL PRODUCTS] , in VerticalNet's reasonable discretion.

2.8 Neoforma hereby grants VerticalNet the right to frame all pages of the Neoforma Site that contain Product Listings for New Medical Products and to display such Product Listings within a frame on the VerticalNet Site, subject to and in accordance with the terms, conditions and provisions of this Agreement.

3. PROPRIETARY INFORMATION .

3.1 Each Party agrees to hold confidential and not disclose to any third party (except as permitted by Section 3.2 [CONFIDENTIALITY] ) all information that is designated as ""Confidential"" or that a reasonable person would understand to be confidential, including without limitation the terms of this Agreement.

3.2 Each Party may disclose Confidential Information to its employees, agents and representatives who have a need-to-know such information for the purpose of performing their duties under this Agreement, provided that each such employee, agent or representative is bound by a confidentiality agreement at least as restrictive as this Section 3 [CONFIDENTIALITY] .

3.3 Each Party agrees not to use Confidential Information for any purpose other than in connection with its performance under this Agreement.

3.4 The obligations of confidentiality set forth in this Section 3 [CONFIDENTIALITY] shall survive the termination or expiration of this Agreement for a period of two (2) years from the date of such termination or expiration.

3.5 Each Party agrees to return all Confidential Information to the other Party upon request, and to destroy any copies thereof that are in its possession or control.

4. NON-DISCLOSURE .

4.1 Each Party agrees not to disclose to any third party (except as permitted by Section 4.2 [CONFIDENTIALITY] ) any information that is designated as ""Confidential"" or that a reasonable person would understand to be confidential, including without limitation the terms of this Agreement.

4.2 Each Party may disclose Confidential Information to its employees, agents and representatives who have a need-to-know such information for the purpose of performing their duties under this Agreement, provided that each such employee, agent or representative is bound by a confidentiality agreement at least as restrictive as this Section 4 [CONFIDENTIALITY] .

5. PROPRIETARY INFORMATION .

5.1 Each Party agrees to hold confidential and not disclose to any third party (except as permitted by Section 5.2 [CONFIDENTIALITY] ) all information that is designated as ""Confidential"" or that a reasonable person would understand to be confidential, including without limitation the terms of this Agreement.

5.2 Each Party may disclose Confidential Information to its employees, agents and representatives who have a need-to-know such information for the purpose of performing their duties under this Agreement, provided that each such employee, agent or representative is bound by a confidentiality agreement at least as restrictive as this Section 5 [CONFIDENTIALITY] .

6. NON-DISCLOSURE .

6.1 Each Party agrees not to disclose to any third party (except as permitted by Section 6.2 [CONFIDENTIALITY] ) any information that is designated as ""Confidential"" or that a reasonable person would understand to be confidential, including without limitation the terms of this Agreement.

6.2 Each Party may disclose Confidential Information to its employees, agents and representatives who have a need-to-know such information for the purpose of performing their duties under this Agreement, provided that each such employee, agent or representative is bound by a confidentiality agreement at least as restrictive as this Section 6 [CONFIDENTIALITY] .

7. CONFIDENTIALITY .

7.1 Each Party agrees to hold confidential and not disclose to any third party (except as permitted by Section 7.2 [CONFIDENTIALITY] ) all information that is designated as ""Confidential"" or that a reasonable person would understand to be confidential, including without limitation the terms of this Agreement.

7.2 Each Party may disclose Confidential Information to its employees, agents and representatives who have a need-to-know such information for the purpose of performing their duties under this Agreement, provided that each such employee, agent or representative is bound by a confidentiality agreement at least as restrictive as this Section 7 [CONFIDENTIALITY] .

8. NON-DISCLOSURE .

8.1 Each Party agrees not to disclose to any third party (except as permitted by Section 8.2 [CONFIDENTIALITY] ) any information that is designated as ""Confidential"" or that a reasonable person would understand to be confidential, including without limitation the terms of this Agreement.

8.2 Each Party may disclose Confidential Information to its employees, agents and representatives who have a need-to-know such information for the purpose of performing their duties under this Agreement, provided that each such employee, agent or representative is bound by a confidentiality agreement at least as restrictive as this Section 8 [CONFIDENTIALITY] .

9. CONFIDENTIALITY .

9.1 Each Party agrees to hold confidential and not disclose to any third party (except as permitted by Section 9.2 [CONFIDENTIALITY] ) all information that is designated as ""Confidential"" or that a reasonable person would understand to be confidential, including without limitation the terms of this Agreement.

9.2 Each Party may disclose Confidential Information to its employees, agents and representatives who have a need-to-know such information for the purpose of performing their duties under this Agreement, provided that each such employee, agent or representative is bound by a confidentiality agreement at least as restrictive as this Section 9 [CONFIDENTIALITY] .

10. NON-DISCLOSURE .

10.1 Each Party agrees not to disclose to any third party (except as permitted by Section 10.2 [CONFIDENTIALITY] ) any information that is designated as ""Confidential"" or that a reasonable person would understand to be confidential, including without limitation the terms of this Agreement.

10.2 Each Party may disclose Confidential Information to its employees, agents and representatives who have a need-to-know such information for the purpose of performing their duties under this Agreement, provided that each such employee, agent or representative is bound by a confidentiality agreement at least as restrictive as this Section 10 [CONFIDENTIALITY] .

11. CONFIDENTIALITY .

11.1 Each Party agrees to hold confidential and not disclose to any third party (except as permitted by Section 11.2 [CONFIDENTIALITY] ) all information that is designated as ""Confidential"" or that a reasonable person would understand to be confidential, including without limitation the terms of this Agreement.

11.2 Each Party may disclose Confidential Information to its employees, agents and representatives who have a need-to-know such information for the purpose of performing their duties under this Agreement, provided that each such employee, agent or representative is bound by a confidentiality agreement at least as restrictive as this Section 11 [CONFIDENTIALITY] .

12. NON-DISCLOSURE .

12.1 Each Party agrees not to disclose to any third party (except as permitted by Section 12.2 [CONFIDENTIALITY] ) any information that is designated as ""Confidential"" or that a reasonable person would understand to be confidential, including without limitation the terms of this Agreement.

12.2 Each Party may disclose Confidential Information to its employees, agents and representatives who have a need-to-know such information for the purpose of performing their duties under this Agreement, provided that each such employee, agent or representative is bound by a confidentiality agreement at least as restrictive as this Section 12 [CONFIDENTIALITY] .

13. CONFIDENTIALITY .

13.1 Each Party agrees to hold confidential and not disclose to any third party (except as permitted by Section 13.2 [CONFIDENTIALITY] ) all information that is designated as ""Confidential"" or that a reasonable person would understand to be confidential, including without limitation the terms of this Agreement.

13.2 Each Party may disclose Confidential Information to its employees, agents and representatives who have a need-to-know such information for the purpose of performing their duties under this Agreement, provided that each such employee, agent or representative is bound by a confidentiality agreement at least as restrictive as this Section 13 [CONFIDENTIALITY] .

14. NON-DISCLOSURE .

14.1 Each","9. LIMITATION OF LIABILITY AND INDEMNIFICATION .

9.1 EXCEPT AS EXPRESSLY PROVIDED IN THIS AGREEMENT, NEITHER PARTY SHALL BE LIABLE TO THE OTHER FOR ANY INDIRECT, SPECIAL, INCIDENTAL, CONSEQUENTIAL OR PUNITIVE DAMAGES ARISING OUT OF OR RELATED TO THIS AGREEMENT, INCLUDING WITHOUT LIMITATION, LOST PROFITS, BUSINESS INTERRUPTION, LOSS OF USE OR DATA, OR COSTS OF PROCUREMENT OF SUBSTITUTE GOODS OR SERVICES.

9.2 EXCEPT AS EXPRESSLY PROVIDED IN THIS AGREEMENT, THE TOTAL LIABILITY OF EACH PARTY TO THE OTHER FOR ANY AND ALL CLAIMS ARISING OUT OF OR RELATED TO THIS AGREEMENT SHALL NOT EXCEED THE AMOUNT PAID BY SUCH PARTY TO THE OTHER UNDER THIS AGREEMENT DURING THE 12 MONTH PERIOD PRECEDING THE DATE ON WHICH THE CLAIM AROSE.

9.3 NEITHER PARTY SHALL BE LIABLE TO THE OTHER FOR ANY DAMAGES ARISING FROM THE USE OF OR INABILITY TO USE THE SERVICES PROVIDED HEREUNDER, INCLUDING WITHOUT LIMITATION, INTERRUPTIONS, DELAYS, VIRUSES, DEFECTS, AND ANY OTHER TECHNICAL PROBLEMS.

9.4 EACH PARTY AGREES TO HOLD HARMLESS AND INDEMNIFY THE OTHER PARTY, ITS OFFICERS, DIRECTORS, EMPLOYEES, AGENTS AND AFFILIATES FROM AND AGAINST ANY CLAIMS, DAMAGES, LOSSES, LIABILITIES, COSTS AND EXPENSES (INCLUDING REASONABLE ATTORNEYS' FEES) ARISING OUT OF OR RELATED TO:

9.4.1 THE USE OF THE SERVICES PROVIDED HEREUNDER;

9.4.2 ANY BREACH BY SUCH PARTY OF ITS OBLIGATIONS UNDER THIS AGREEMENT;

9.4.3 ANY NEGLIGENCE, GROSS NEGLIGENCE OR WILLFUL MISCONDUCT BY SUCH PARTY IN CONNECTION WITH THE PERFORMANCE OF ITS OBLIGATIONS UNDER THIS AGREEMENT.

9.5 EACH PARTY SHALL DEFEND AND INDEMNIFY THE OTHER PARTY AGAINST ALL CLAIMS, DEMANDS, ACTIONS, SUITS, PROCEEDINGS, CONTROVERSIES, DISPUTES, AND LIABILITIES ARISING OUT OF OR RELATED TO:

9.5.1 ANY BREACH BY SUCH PARTY OF ITS OBLIGATIONS UNDER THIS AGREEMENT;

9.5.2 ANY NEGLIGENCE, GROSS NEGLIGENCE OR WILLFUL MISCONDUCT BY SUCH PARTY IN CONNECTION WITH THE PERFORMANCE OF ITS OBLIGATIONS UNDER THIS AGREEMENT.

9.6 EACH PARTY SHALL COOPERATE FULLY WITH THE OTHER PARTY IN THE DEFENSE AND SETTLEMENT OF ANY CLAIMS, DEMANDS, ACTIONS, SUITS, PROCEEDINGS, CONTROVERSIES, DISPUTES, AND LIABILITIES ARISING OUT OF OR RELATED TO:

9.6.1 ANY BREACH BY SUCH PARTY OF ITS OBLIGATIONS UNDER THIS AGREEMENT;

9.6.2 ANY NEGLIGENCE, GROSS NEGLIGENCE OR WILLFUL MISCONDUCT BY SUCH PARTY IN CONNECTION WITH THE PERFORMANCE OF ITS OBLIGATIONS UNDER THIS AGREEMENT.

9.7 EACH PARTY SHALL NOT BE LIABLE FOR ANY CLAIMS, DAMAGES, LOSSES, LIABILITIES, COSTS AND EXPENSES (INCLUDING REASONABLE ATTORNEYS' FEES) ARISING OUT OF OR RELATED TO:

9.7.1 THE USE OF THIRD-PARTY SOFTWARE, HARDWARE, EQUIPMENT, OR SERVICES;

9.7.2 ANY BREACH BY A THIRD PARTY OF ITS OBLIGATIONS UNDER THIS AGREEMENT.

9.8 EACH PARTY SHALL NOT BE LIABLE FOR ANY CLAIMS, DAMAGES, LOSSES, LIABILITIES, COSTS AND EXPENSES (INCLUDING REASONABLE ATTORNEYS' FEES) ARISING OUT OF OR RELATED TO:

9.8.1 THE USE OF THE INTERNET OR OTHER GLOBAL COMMUNICATION NETWORKS;

9.8.2 ANY INTERRUPTIONS, DELAYS, VIRUSES, DEFECTS, OR OTHER TECHNICAL PROBLEMS.

9.9 EACH PARTY SHALL NOT BE LIABLE FOR ANY CLAIMS, DAMAGES, LOSSES, LIABILITIES, COSTS AND EXPENSES (INCLUDING REASONABLE ATTORNEYS' FEES) ARISING OUT OF OR RELATED TO:

9.9.1 THE USE OF THIRD-PARTY PRODUCTS OR SERVICES;

9.9.2 ANY BREACH BY A THIRD PARTY OF ITS OBLIGATIONS UNDER THIS AGREEMENT.

9.10 EACH PARTY SHALL NOT BE LIABLE FOR ANY CLAIMS, DAMAGES, LOSSES, LIABILITIES, COSTS AND EXPENSES (INCLUDING REASONABLE ATTORNEYS' FEES) ARISING OUT OF OR RELATED TO:

9.10.1 THE USE OF THIRD-PARTY PRODUCTS OR SERVICES;

9.10.2 ANY BREACH BY A THIRD PARTY OF ITS OBLIGATIONS UNDER THIS AGREEMENT.

9.11 EACH PARTY SHALL NOT BE LIABLE FOR ANY CLAIMS, DAMAGES, LOSSES, LIABILITIES, COSTS AND EXPENSES (INCLUDING REASONABLE ATTORNEYS' FEES) ARISING OUT OF OR RELATED TO:

9.11.1 THE USE OF THIRD-PARTY PRODUCTS OR SERVICES;

9.11.2 ANY BREACH BY A THIRD PARTY OF ITS OBLIGATIONS UNDER THIS AGREEMENT.

9.12 EACH PARTY SHALL NOT BE LIABLE FOR ANY CLAIMS, DAMAGES, LOSSES, LIABILITIES, COSTS AND EXPENSES (INCLUDING REASONABLE ATTORNEYS' FEES) ARISING OUT OF OR RELATED TO:

9.12.1 THE USE OF THIRD-PARTY PRODUCTS OR SERVICES;

9.12.2 ANY BREACH BY A THIRD PARTY OF ITS OBLIGATIONS UNDER THIS AGREEMENT.

9.13 EACH PARTY SHALL NOT BE LIABLE FOR ANY CLAIMS, DAMAGES, LOSSES, LIABILITIES, COSTS AND EXPENSES (INCLUDING REASONABLE ATTORNEYS' FEES) ARISING OUT OF OR RELATED TO:

9.13.1 THE USE OF THIRD-PARTY PRODUCTS OR SERVICES;

9.13.2 ANY BREACH BY A THIRD PARTY OF ITS OBLIGATIONS UNDER THIS AGREEMENT.

9.14 EACH PARTY SHALL NOT BE LIABLE FOR ANY CLAIMS, DAMAGES, LOSSES, LIABILITIES, COSTS AND EXPENSES (INCLUDING REASONABLE ATTORNEYS' FEES) ARISING OUT OF OR RELATED TO:

9.14.1 THE USE OF THIRD-PARTY PRODUCTS OR SERVICES;

9.14.2 ANY BREACH BY A THIRD PARTY OF ITS OBLIGATIONS UNDER THIS AGREEMENT.

9.15 EACH PARTY SHALL NOT BE LIABLE FOR ANY CLAIMS, DAMAGES, LOSSES, LIABILITIES, COSTS AND EXPENSES (INCLUDING REASONABLE ATTORNEYS' FEES) ARISING OUT OF OR RELATED TO:

9.15.1 THE USE OF THIRD-PARTY PRODUCTS OR SERVICES;

9.15.2 ANY BREACH BY A THIRD PARTY OF ITS OBLIGATIONS UNDER THIS AGREEMENT.

9.16 EACH PARTY SHALL NOT BE LIABLE FOR ANY CLAIMS, DAMAGES, LOSSES, LIABILITIES, COSTS AND EXPENSES (INCLUDING REASONABLE ATTORNEYS' FEES) ARISING OUT OF OR RELATED TO:

9.16.1 THE USE OF THIRD-PARTY PRODUCTS OR SERVICES;

9.16.2 ANY BREACH BY A THIRD PARTY OF ITS OBLIGATIONS UNDER THIS AGREEMENT.

9.17 EACH PARTY SHALL NOT BE LIABLE FOR ANY CLAIMS, DAMAGES, LOSSES, LIABILITIES, COSTS AND EXPENSES (INCLUDING REASONABLE ATTORNEYS' FEES) ARISING OUT OF OR RELATED TO:

9.17.1 THE USE OF THIRD-PARTY PRODUCTS OR SERVICES;

9.17.2 ANY BREACH BY A THIRD PARTY OF ITS OBLIGATIONS UNDER THIS AGREEMENT.

9.18 EACH PARTY SHALL NOT BE LIABLE FOR ANY CLAIMS, DAMAGES, LOSSES, LIABILITIES, COSTS AND EXPENSES (INCLUDING REASONABLE ATTORNEYS' FEES) ARISING OUT OF OR RELATED TO:

9.18.1 THE USE OF THIRD-PARTY PRODUCTS OR SERVICES;

9.18.2 ANY BREACH BY A THIRD PARTY OF ITS OBLIGATIONS UNDER THIS AGREEMENT.

9.19 EACH PARTY SHALL NOT BE LIABLE FOR ANY CLAIMS, DAMAGES, LOSSES, LIABILITIES, COSTS AND EXPENSES (INCLUDING REASONABLE ATTORNEYS' FEES) ARISING OUT OF OR RELATED TO:

9.19.1 THE USE OF THIRD-PARTY PRODUCTS OR SERVICES;

9.19.2 ANY BREACH BY A THIRD PARTY OF ITS OBLIGATIONS UNDER THIS AGREEMENT.

9.20 EACH PARTY SHALL NOT BE LIABLE FOR ANY CLAIMS, DAMAGES, LOSSES, LIABILITIES, COSTS AND EXPENSES (INCLUDING REASONABLE ATTORNEYS' FEES) ARISING OUT OF OR RELATED TO:

9.20.1 THE USE OF THIRD-PARTY PRODUCTS OR SERVICES;

9.20.2 ANY BREACH BY A THIRD PARTY OF ITS OBLIGATIONS UNDER THIS AGREEMENT.

9.21 EACH PARTY SHALL NOT BE LIABLE FOR ANY CLAIMS, DAMAGES, LOSSES, LIABILITIES, COSTS AND EXPENSES (INCLUDING REASONABLE ATTORNEYS' FEES) ARISING OUT OF OR RELATED TO:

9.21.1 THE USE OF THIRD-PARTY PRODUCTS OR SERVICES;

9.21.2 ANY BREACH BY A THIRD PARTY OF ITS OBLIGATIONS UNDER THIS AGREEMENT.

9.22 EACH PARTY SHALL NOT BE LIABLE FOR ANY CLAIMS, DAMAGES, LOSSES, LIABILITIES, COSTS AND EXPENSES (INCLUDING REASONABLE ATTORNEYS' FEES) ARISING OUT OF OR RELATED TO:

9.22.1 THE USE OF THIRD-PARTY PRODUCTS OR SERVICES;

9.22.2 ANY BREACH BY A THIRD PARTY OF ITS OBLIGATIONS UNDER THIS AGREEMENT.

9.23 EACH PARTY SHALL NOT BE LIABLE FOR ANY CLAIMS, DAMAGES, LOSSES, LIABILITIES, COSTS AND EXPENSES (INCLUDING REASONABLE ATTORNEYS' FEES) ARISING OUT OF OR RELATED TO:

9.23.1 THE USE OF THIRD-PARTY PRODUCTS OR SERVICES;

9.23.2 ANY BREACH BY A THIRD PARTY OF ITS OBLIGATIONS UNDER THIS AGREEMENT.

9.24 EACH PARTY SHALL NOT BE LIABLE FOR ANY CLAIMS, DAMAGES, LOSSES, LIABILITIES, COSTS AND EXPENSES (INCLUDING REASONABLE ATTORNEYS' FEES) ARISING OUT OF OR RELATED TO:

9.24.1 THE USE OF THIRD-PARTY PRODUCTS OR SERVICES;

9.24.2 ANY BREACH BY A THIRD PARTY OF ITS OBLIGATIONS UNDER THIS AGREEMENT.

9.25 EACH PARTY SHALL NOT BE LIABLE FOR ANY CLAIMS, DAMAGES, LOSSES, LIABILITIES, COSTS AND EXPENSES (INCLUDING REASONABLE ATTORNEYS' FEES) ARISING OUT OF OR RELATED TO:

9.25.1 THE USE OF THIRD-PARTY PRODUCTS OR SERVICES;

9.25.2 ANY BREACH BY A THIRD PARTY OF ITS OBLIGATIONS UNDER THIS AGREEMENT.

9.26 EACH PARTY SHALL NOT BE LIABLE FOR ANY CLAIMS, DAMAGES, LOSSES, LIABILITIES, COSTS AND EXPENSES (INCLUDING REASONABLE ATTORNEYS' FEES) ARISING OUT OF OR RELATED TO:

9.26.1 THE USE OF THIRD-PARTY PRODUCTS OR SERVICES;

9.26.2 ANY BREACH BY A THIRD PARTY OF ITS OBLIGATIONS UNDER THIS AGREEMENT.

9.27 EACH PARTY SHALL NOT BE LIABLE FOR ANY CLAIMS, DAMAGES, LOSSES, LIABILITIES, COSTS AND EXPENSES (INCLUDING REASONABLE ATTORNEYS' FEES) ARISING OUT OF OR RELATED TO:

9.27.1 THE USE OF THIRD-PARTY PRODUCTS OR SERVICES;

9.27.2 ANY BREACH BY A THIRD PARTY OF ITS OBLIGATIONS UNDER THIS AGREEMENT.

9.28 EACH PARTY SHALL NOT BE LIABLE FOR ANY CLAIMS, DAMAGES, LOSSES, LIABILITIES, COSTS AND EXPENSES (INCLUDING REASONABLE ATTORNEYS' FEES) ARISING OUT OF OR RELATED TO:

9.28.1 THE USE OF THIRD-PARTY PRODUCTS OR SERVICES;

9.28.2 ANY BREACH BY A THIRD PARTY OF ITS OBLIGATIONS UNDER THIS AGREEMENT.

9.29 EACH PARTY SHALL NOT BE LIABLE FOR ANY CLAIMS, DAMAGES, LOSSES, LIABILITIES, COSTS AND EXPENSES (INCLUDING REASONABLE ATTORNEYS' FEES) ARISING OUT OF OR RELATED TO:

9.29.1 THE USE OF THIRD-PARTY PRODUCTS OR SERVICES;

9.29.2 ANY BREACH BY A THIRD PARTY OF ITS OBLIGATIONS UNDER THIS AGREEMENT.

9.30 EACH PARTY SHALL NOT BE LIABLE FOR ANY CLAIMS, DAMAGES, LOSSES, LIABILITIES, COSTS AND EXPENSES (INCLUDING REASONABLE ATTORNEYS' FEES) ARISING OUT OF OR RELATED TO:

9.30.1 THE USE OF THIRD-PARTY PRODUCTS OR SERVICES;

9.30.2 ANY BREACH BY A THIRD PARTY OF ITS OBLIGATIONS UNDER THIS AGREEMENT.

9.31 EACH PARTY SHALL NOT BE LIABLE FOR ANY CLAIMS, DAMAGES, LOSSES, LIABILITIES, COSTS AND EXPENSES (INCLUDING REASONABLE ATTORNEYS' FEES) ARISING OUT OF OR RELATED TO:

9.31.1 THE USE OF THIRD-PARTY PRODUCTS OR SERVICES;

9.31.2 ANY BREACH BY A THIRD PARTY OF ITS OBLIGATIONS UNDER THIS AGREEMENT.

9.32 EACH PARTY SHALL NOT BE LIABLE FOR ANY CLAIMS, DAMAGES, LOSSES, LIABILITIES, COSTS AND EXPENSES (INCLUDING REASONABLE ATTORNEYS' FEES) ARISING OUT OF OR RELATED TO:

9.32.1 THE USE OF THIRD-PARTY PRODUCTS OR SERVICES;

9.32.2 ANY BREACH BY A THIRD PARTY OF ITS OBLIGATIONS UNDER THIS AGREEMENT.

9.33 EACH PARTY SHALL NOT BE LIABLE FOR ANY CLAIMS, DAMAGES, LOSSES, LIABILITIES, COSTS AND EXPENSES (INCLUDING REASONABLE ATTORNEYS' FEES) ARISING OUT OF OR RELATED TO:

9.33.1 THE USE OF THIRD-PARTY PRODUCTS OR SERVICES;

9.33.2 ANY BREACH BY A THIRD PARTY OF ITS OBLIGATIONS UNDER THIS AGREEMENT.

9.34 EACH PARTY SHALL NOT BE LIABLE FOR ANY CLAIMS, DAMAGES, LOSSES, LIABILITIES, COSTS AND EXPENSES (INCLUDING REASONABLE ATTORNEYS' FEES) ARISING OUT OF OR RELATED TO:

9.34.1 THE USE OF THIRD-PARTY PRODUCTS OR SERVICES;

9.34."
NlsPharmaceuticsLtd_20200228_F-1_EX-10.14_12029046_EX-10.14_Development Agreement.pdf,"The purpose of this agreement is to grant Eurofarma an exclusive license to manufacture and sell NLS's patented Mazindol CR in Latin America. The parties involved are NLS and Eurofarma. Key obligations include Eurofarma's payment of $2,500,000 upfront, milestone payments totaling $6,000,000, and quarterly royalty payments ranging from 7% to 10% of Net Sales. Additionally, Eurofarma must submit quarterly reports on sales and provide technical assistance for the Technology Transfer phase. NLS is obligated to transfer Know-how to enable Eurofarma's manufacturing capabilities and provide necessary technical assistance. The agreement has a term, but termination conditions are not specified in the provided text.","19. TERMINATION 

19.1. Termination for Cause 
The Agreement may be terminated by either Party upon written notice to the other in case of a material breach of any provision hereof which is not cured within thirty (30) days after receipt of such notice, or if the other Party shall have committed an act of bankruptcy or made an assignment for the benefit of creditors. 

19.2. Termination for Convenience 
The Agreement may be terminated by either Party upon written notice to the other in case of a material breach of any provision hereof which is not cured within thirty (30) days after receipt of such notice, or if the other Party shall have committed an act of bankruptcy or made an assignment for the benefit of creditors. 

19.3. Termination by Dissolution 
If either Party undergoes dissolution, liquidation, merger, consolidation, reorganization, sale of assets or change in control, then this Agreement may be terminated upon written notice to the other Party.

19.4. Effect of Termination 
Upon termination of this Agreement for any reason, all rights and obligations hereunder shall cease and terminate, except that the provisions of Articles 3, 7, 8, 9, 10, 11, 12, 13, 14, 15, 16, 17, 18, 19.4, 20, 21, 22, 23, and 24 shall survive termination.

ARTICLE 20 

20.1. Survival of Obligations 
The obligations of the Parties under Articles 3, 7, 8, 9, 10, 11, 12, 13, 14, 15, 16, 17, 18, and 19 shall survive termination.

ARTICLE 21 

21.1. Return of Confidential Information 
Upon termination of this Agreement for any reason, the Parties agree to return all confidential information in their possession or control to the other Party within thirty (30) days after receipt of such notice.

ARTICLE 22 

22.1. Termination Fees 
In case of termination by either Party due to a material breach of any provision hereof which is not cured within thirty (30) days after receipt of such notice, then the terminating Party shall be entitled to receive from the other Party all costs and expenses incurred in connection with the termination.

ARTICLE 23 

23.1. Termination Expenses 
In case of termination by either Party due to a material breach of any provision hereof which is not cured within thirty (30) days after receipt of such notice, then the terminating Party shall be entitled to receive from the other Party all costs and expenses incurred in connection with the termination.

ARTICLE 24 

24.1. Termination Notice 
Upon termination of this Agreement for any reason, each Party agrees to provide written notice to the other Party within thirty (30) days after receipt of such notice.

19.5. Effect of Expiration or Cancellation 
If this Agreement expires or is cancelled by operation of law, then all rights and obligations hereunder shall cease and terminate, except that the provisions of Articles 3, 7, 8, 9, 10, 11, 12, 13, 14, 15, 16, 17, 18, 19.4, 20, 21, 22, 23, and 24 shall survive expiration or cancellation.

ARTICLE 25 

25.1. Termination of Technology Transfer Agreement 
Upon termination of this Agreement for any reason, the Technology Transfer Agreement shall also terminate.

19.6. Termination of License 
Upon termination of this Agreement for any reason, the License granted by NLS to Eurofarma under Article 2.1(iii) hereabove shall terminate.

ARTICLE 26 

26.1. Survival of Obligations 
The obligations of the Parties under Articles 3, 7, 8, 9, 10, 11, 12, 13, 14, 15, 16, 17, 18, and 19 shall survive termination.

ARTICLE 27 

27.1. Termination Fees 
In case of termination by either Party due to a material breach of any provision hereof which is not cured within thirty (30) days after receipt of such notice, then the terminating Party shall be entitled to receive from the other Party all costs and expenses incurred in connection with the termination.

ARTICLE 28 

28.1. Termination Expenses 
In case of termination by either Party due to a material breach of any provision hereof which is not cured within thirty (30) days after receipt of such notice, then the terminating Party shall be entitled to receive from the other Party all costs and expenses incurred in connection with the termination.

ARTICLE 29 

29.1. Termination Notice 
Upon termination of this Agreement for any reason, each Party agrees to provide written notice to the other Party within thirty (30) days after receipt of such notice.

19.7. Effect of End or Cancelation 
If this Agreement ends or is cancelled by operation of law, then all rights and obligations hereunder shall cease and terminate, except that the provisions of Articles 3, 7, 8, 9, 10, 11, 12, 13, 14, 15, 16, 17, 18, 19.4, 20, 21, 22, 23, and 24 shall survive end or cancelation.

ARTICLE 30 

30.1. Termination of Technology Transfer Agreement 
Upon termination of this Agreement for any reason, the Technology Transfer Agreement shall also terminate.

19.8. Termination of License 
Upon termination of this Agreement for any reason, the License granted by NLS to Eurofarma under Article 2.1(iii) hereabove shall terminate.

ARTICLE 31 

31.1. Survival of Obligations 
The obligations of the Parties under Articles 3, 7, 8, 9, 10, 11, 12, 13, 14, 15, 16, 17, 18, and 19 shall survive termination.

ARTICLE 32 

32.1. Termination Fees 
In case of termination by either Party due to a material breach of any provision hereof which is not cured within thirty (30) days after receipt of such notice, then the terminating Party shall be entitled to receive from the other Party all costs and expenses incurred in connection with the termination.

ARTICLE 33 

33.1. Termination Expenses 
In case of termination by either Party due to a material breach of any provision hereof which is not cured within thirty (30) days after receipt of such notice, then the terminating Party shall be entitled to receive from the other Party all costs and expenses incurred in connection with the termination.

ARTICLE 34 

34.1. Termination Notice 
Upon termination of this Agreement for any reason, each Party agrees to provide written notice to the other Party within thirty (30) days after receipt of such notice.

19.9. Effect of Dissolution 
If either Party undergoes dissolution, liquidation, merger, consolidation, reorganization, sale of assets or change in control, then this Agreement may be terminated upon written notice to the other Party.

ARTICLE 35 

35.1. Termination Fees 
In case of termination by either Party due to a material breach of any provision hereof which is not cured within thirty (30) days after receipt of such notice, then the terminating Party shall be entitled to receive from the other Party all costs and expenses incurred in connection with the termination.

ARTICLE 36 

36.1. Termination Expenses 
In case of termination by either Party due to a material breach of any provision hereof which is not cured within thirty (30) days after receipt of such notice, then the terminating Party shall be entitled to receive from the other Party all costs and expenses incurred in connection with the termination.

ARTICLE 37 

37.1. Termination Notice 
Upon termination of this Agreement for any reason, each Party agrees to provide written notice to the other Party within thirty (30) days after receipt of such notice.

19.10. Effect of Expiration or Cancellation 
If this Agreement expires or is cancelled by operation of law, then all rights and obligations hereunder shall cease and terminate, except that the provisions of Articles 3, 7, 8, 9, 10, 11, 12, 13, 14, 15, 16, 17, 18, 19.4, 20, 21, 22, 23, and 24 shall survive expiration or cancellation.

ARTICLE 38 

38.1. Termination of Technology Transfer Agreement 
Upon termination of this Agreement for any reason, the Technology Transfer Agreement shall also terminate.

19.11. Termination of License 
Upon termination of this Agreement for any reason, the License granted by NLS to Eurofarma under Article 2.1(iii) hereabove shall terminate.

ARTICLE 39 

39.1. Survival of Obligations 
The obligations of the Parties under Articles 3, 7, 8, 9, 10, 11, 12, 13, 14, 15, 16, 17, 18, and 19 shall survive termination.

ARTICLE 40 

40.1. Termination Fees 
In case of termination by either Party due to a material breach of any provision hereof which is not cured within thirty (30) days after receipt of such notice, then the terminating Party shall be entitled to receive from the other Party all costs and expenses incurred in connection with the termination.

ARTICLE 41 

41.1. Termination Expenses 
In case of termination by either Party due to a material breach of any provision hereof which is not cured within thirty (30) days after receipt of such notice, then the terminating Party shall be entitled to receive from the other Party all costs and expenses incurred in connection with the termination.

ARTICLE 42 

42.1. Termination Notice 
Upon termination of this Agreement for any reason, each Party agrees to provide written notice to the other Party within thirty (30) days after receipt of such notice.

19.12. Effect of End or Cancelation 
If this Agreement ends or is cancelled by operation of law, then all rights and obligations hereunder shall cease and terminate, except that the provisions of Articles 3, 7, 8, 9, 10, 11, 12, 13, 14, 15, 16, 17, 18, 19.4, 20, 21, 22, 23, and 24 shall survive end or cancelation.

ARTICLE 43 

43.1. Termination of Technology Transfer Agreement 
Upon termination of this Agreement for any reason, the Technology Transfer Agreement shall also terminate.

19.13. Termination of License 
Upon termination of this Agreement for any reason, the License granted by NLS to Eurofarma under Article 2.1(iii) hereabove shall terminate.

ARTICLE 44 

44.1. Survival of Obligations 
The obligations of the Parties under Articles 3, 7, 8, 9, 10, 11, 12, 13, 14, 15, 16, 17, 18, and 19 shall survive termination.

ARTICLE 45 

45.1. Termination Fees 
In case of termination by either Party due to a material breach of any provision hereof which is not cured within thirty (30) days after receipt of such notice, then the terminating Party shall be entitled to receive from the other Party all costs and expenses incurred in connection with the termination.

ARTICLE 46 

46.1. Termination Expenses 
In case of termination by either Party due to a material breach of any provision hereof which is not cured within thirty (30) days after receipt of such notice, then the terminating Party shall be entitled to receive from the other Party all costs and expenses incurred in connection with the termination.

ARTICLE 47 

47.1. Termination Notice 
Upon termination of this Agreement for any reason, each Party agrees to provide written notice to the other Party within thirty (30) days after receipt of such notice.

19.14. Effect of Expiration or Cancellation 
If this Agreement expires or is cancelled by operation of law, then all rights and obligations hereunder shall cease and terminate, except that the provisions of Articles 3, 7, 8, 9, 10, 11, 12, 13, 14, 15, 16, 17, 18, 19.4, 20, 21, 22, 23, and 24 shall survive expiration or cancellation.

ARTICLE 48 

48.1. Termination of Technology Transfer Agreement 
Upon termination of this Agreement for any reason, the Technology Transfer Agreement shall also terminate.

19.15. Termination of License 
Upon termination of this Agreement for any reason, the License granted by NLS to Eurofarma under Article 2.1(iii) hereabove shall terminate.

ARTICLE 49 

49.1. Survival of Obligations 
The obligations of the Parties under Articles 3, 7, 8, 9, 10, 11, 12, 13, 14, 15, 16, 17, 18, and 19 shall survive termination.

ARTICLE 50 

50.1. Termination Fees 
In case of termination by either Party due to a material breach of any provision hereof which is not cured within thirty (30) days after receipt of such notice, then the terminating Party shall be entitled to receive from the other Party all costs and expenses incurred in connection with the termination.

ARTICLE 51 

51.1. Termination Expenses 
In case of termination by either Party due to a material breach of any provision hereof which is not cured within thirty (30) days after receipt of such notice, then the terminating Party shall be entitled to receive from the other Party all costs and expenses incurred in connection with the termination.

ARTICLE 52 

52.1. Termination Notice 
Upon termination of this Agreement for any reason, each Party agrees to provide written notice to the other Party within thirty (30) days after receipt of such notice.

19.16. Effect of Dissolution 
If either Party undergoes dissolution, liquidation, merger, consolidation, reorganization, sale of assets or change in control, then this Agreement may be terminated upon written notice to the other Party.

ARTICLE 53 

53.1. Termination Fees","18. CONFIDENTIALITY CLAUSE

CONFIDENTIAL INFORMATION

The Parties agree that all information disclosed by one Party to the other in connection with this Agreement shall be kept confidential and not disclosed to any third party without the prior written consent of the disclosing Party, except as required by law or as necessary for the performance of this Agreement.

18.1. Confidential Information

For purposes of this Article 18, ""Confidential Information"" means all information disclosed by one Party to the other in connection with this Agreement, including but not limited to:

(a) business and financial information;
(b) trade secrets and proprietary information;
(c) technical data and know-how;
(d) marketing and sales strategies;
(e) customer lists and contact information.

18.2. Obligations of Confidentiality

Each Party shall use its best efforts to maintain the confidentiality of all Confidential Information disclosed by the other Party, and shall not disclose such information to any third party without the prior written consent of the disclosing Party.

18.3. Exceptions to Confidentiality

The obligations of confidentiality set forth in this Article 18 shall not apply to any information that:

(a) is or becomes publicly available through no fault of the receiving Party;
(b) is already known by the receiving Party at the time of disclosure, as evidenced by written records;
(c) is lawfully disclosed to the receiving Party by a third party who has the right to make such disclosure; or
(d) is required to be disclosed by law.

18.4. Non-Disclosure

Each Party agrees to keep confidential all Confidential Information and not disclose it to any third party, except as permitted under this Article 18.

18.5. Proprietary Information

The Parties agree that the Confidential Information shall remain the proprietary information of the disclosing Party, and that the receiving Party shall not use such information for any purpose other than as permitted under this Agreement.

18.6. Non-Disclosure Agreements

Each Party agrees to execute a non-disclosure agreement in favor of the other Party, in substantially the form attached hereto as Exhibit A, prior to disclosure of Confidential Information.

18.7. Remedies

In the event of any breach or threatened breach by either Party of its obligations under this Article 18, the non-breaching Party may seek injunctive relief and/or damages.

18.8. Survival

The obligations of confidentiality set forth in this Article 18 shall survive the termination or expiration of this Agreement for a period of five (5) years from the date of such termination or expiration.

18.9. Governing Law

This Article 18 shall be governed by and construed in accordance with the laws of [STATE/COUNTRY].

18.10. Dispute Resolution

Any disputes arising out of or related to this Article 18 shall be resolved through arbitration in accordance with the rules of the [ARBITRATION ASSOCIATION].","17.1. Losses 

The Licensor shall indemnify and hold harmless the Licensee against any third party claims, demands, actions, suits, proceedings, judgments, damages, losses, costs, expenses, fines, penalties, interest, fees (including attorneys' fees) or other liabilities arising out of or in connection with:

(a) the use by the Licensee of the Licensed Product and/or Developed Intellectual Property; 

(b) any breach by the Licensor of its obligations under this Agreement;

(c) any misrepresentation made by the Licensor to the Licensee.

17.2. Indemnification Procedure

In case of a claim, demand or action as described in Article 17.1 above, the Licensee shall promptly notify the Licensor and provide the Licensor with all information and assistance reasonably necessary for the defense of such claim, demand or action. The Licensor shall have the right to defend, settle or compromise any such claim, demand or action at its own expense.

17.3. Limitation of Liability

The liability of the Licensor under this Agreement shall be limited to direct damages only and in no event shall the aggregate liability of the Licensor exceed an amount equal to the total amounts paid by the Licensee to the Licensor pursuant to Article 3.1 (Upfront Payment) and Article 3.2 (Milestone payments).

17.4. Disclaimer

The Licensed Product and Developed Intellectual Property are provided ""as is"" without any warranty of any kind, express or implied, including but not limited to warranties of merchantability, fitness for a particular purpose, non-infringement, title, quiet enjoyment, system integration, accuracy or completeness of responses, results, workmanlike effort, reliability or free from defects or errors."
PaperexchangeComInc_20000322_S-1A_EX-10.4_5202103_EX-10.4_Co-Branding Agreement.pdf,"This agreement outlines the partnership between VerticalNet, Inc and PaperExchange Com Inc. The purpose of this agreement is to establish a co-branded career center and equipment listings on both parties' websites. Key obligations include VerticalNet's responsibility for designing, developing, and implementing the Co-Branded Sites at its sole cost and expense, while PaperExchange shall provide relevant content consisting of job listings and equipment listings for inclusion in the Co-Branded Career Center and Equipment Listings. Both parties are responsible for marketing the Co-Branded Sites on their respective websites and at industry trade shows. Financial terms include a 50% split between VerticalNet and PaperExchange, with no specific dollar amounts mentioned. The agreement is effective as of the Effective Date and may be terminated upon written notice by either party.","8. TERMINATION 

8.1. This Agreement may be terminated by either party upon written notice to the other if the other party shall commit a material breach of any term or condition of this Agreement and such breach is not cured within thirty days after receipt of written notice thereof.

8.2. Upon termination, all rights granted hereunder shall immediately cease and terminate, except that (a) VerticalNet's license to use the PaperExchange Content shall survive for a period of one year following termination, and (b) PaperExchange's obligation to pay royalties on sales of the Professional e-Bookstore shall survive for a period of two years following termination.

8.3. Upon expiration or termination of this Agreement, each party shall return to the other all copies of the other party's confidential information in its possession or control, and neither party shall use any such confidential information for any purpose whatsoever.

8.4. The provisions of Sections 2.3 [PAPEREXCHANGE CONTENT], 3.2 [VERTICALNET CONTENT] and 5 [CONFIDENTIAL INFORMATION] shall survive the expiration or termination of this Agreement.

8.5. Upon termination, VerticalNet shall immediately cease to use the PaperExchange Content and shall remove all copies of such content from its Sites.

8.6. In the event that either party hereto shall be in default under any provision of this Agreement and such default is not cured within thirty days after receipt of written notice thereof, the other party may terminate this Agreement upon written notice to the defaulting party.

8.7. Upon termination or expiration of this Agreement for any reason, all rights granted hereunder shall immediately cease and terminate, except as otherwise provided in this Section 8 [TERMINATION].

8.8. The parties agree that upon termination or expiration of this Agreement, neither party shall be liable to the other for any damages arising out of such termination or expiration.

8.9. Upon termination or expiration of this Agreement, each party shall return to the other all copies of the other party's confidential information in its possession or control, and neither party shall use any such confidential information for any purpose whatsoever.

8.10. The parties agree that upon termination or expiration of this Agreement, the provisions of Sections 2.3 [PAPEREXCHANGE CONTENT], 3.2 [VERTICALNET CONTENT] and 5 [CONFIDENTIAL INFORMATION] shall survive the expiration or termination of this Agreement.

9. WARRANTIES",Not found,"9. LIMITATION OF LIABILITY AND INDEMNIFICATION

9.1. EXCLUSION OF WARRANTIES. THE PARTIES EXPRESSLY DISCLAIM ALL WARRANTIES OF ANY KIND, WHETHER EXPRESS OR IMPLIED, INCLUDING BUT NOT LIMITED TO THE IMPLIED WARRANTIES OF MERCHANTABILITY, FITNESS FOR A PARTICULAR PURPOSE AND NONINFRINGEMENT.

9.2. LIMITATION OF LIABILITY. IN NO EVENT SHALL EITHER PARTY BE LIABLE TO THE OTHER PARTY OR TO ANY THIRD PARTY FOR ANY INDIRECT, SPECIAL, INCIDENTAL OR CONSEQUENTIAL DAMAGES (INCLUDING WITHOUT LIMITATION LOST PROFITS, BUSINESS INTERRUPTION, LOSS OF BUSINESS INFORMATION) ARISING OUT OF THIS AGREEMENT, EVEN IF SUCH PARTY HAS BEEN ADVISED OF THE POSSIBILITY OF SUCH DAMAGE.

9.3. INDEMNIFICATION. EACH PARTY SHALL INDEMNIFY AND HOLD HARMLESS THE OTHER PARTY AND ITS OFFICERS, DIRECTORS, EMPLOYEES AND AGENTS FROM ANY CLAIMS, DAMAGES OR EXPENSES ARISING OUT OF (I) BREACH BY SUCH PARTY OF THIS AGREEMENT, (II) NEGLIGENCE OR GROSS NEGLIGENCE OF SUCH PARTY, OR (III) VIOLATION BY SUCH PARTY OF ANY APPLICABLE LAWS OR REGULATIONS.

9.4. LIMITATION ON LIABILITY. IN NO EVENT SHALL EITHER PARTY'S TOTAL LIABILITY TO THE OTHER PARTY FOR ALL DAMAGES, LOSSES AND CAUSES OF ACTION ARISING OUT OF THIS AGREEMENT EXCEED THE AMOUNT PAID BY PAPEREXCHANGE TO VERTICALNET UNDER THIS AGREEMENT DURING THE TWELVE (12) MONTH PERIOD PRECEDING THE DATE ON WHICH THE CLAIM AROSE."
PcquoteComInc_19990721_S-1A_EX-10.11_6377149_EX-10.11_Co-Branding Agreement1.pdf,"PCQ and ABW enter into an agreement for the provision of HYPERFEED and SOFTWARE services. PCQ is responsible for transmitting data to ABW, which will then make it available to its clients. The parties acknowledge that the information provided by PCQ is obtained from various exchanges and other sources, and PCQ agrees not to be liable for any errors or inaccuracies in the data. ABW understands that the HYPERFEED and SOFTWARE are proprietary and confidential, and agrees to hold them in the same manner as its own trade secrets. The parties also agree to indemnify each other against claims arising from their respective actions. PCQ is not responsible for delays or failures resulting from Internet Service Provider delivery problems or failure. Liability under this agreement is limited to general money damages in an amount not to exceed 12% of the total charges paid by ABW during the most recent 12 months.","I. TERMINATION CLAUSE

2. Section 12: Severability and Survival

A. Whenever possible, each provision of this Agreement shall be interpreted in such manner as to be effective and valid under applicable law, but if any provision of this Agreement shall be prohibited by or invalid under applicable law, such provision shall be ineffective to the extent of such prohibition or invalidity, without invalidating the remainder of such provision or the remaining provisions of this Agreement.

B. The provisions dealing with indemnification and confidentiality and any other section of this Agreement, unless specifically stated otherwise, which may reasonably be interpreted or construed as surviving the completion, expiration, termination or cancellation of this Agreement, shall survive the completion, expiration, termination or cancellation of this Agreement.

3. Section 13: Miscellaneous Provisions

A. The parties to this Agreement are independent contractors with requisite corporate power and authority to enter into this Agreement and carry out the transactions contemplated hereby. Neither party is a representative of the other party. Neither party shall have any right, power or authority to enter into any agreement for or on behalf of, or incur any obligation or liability of, or to otherwise bind, the other party.

B. Any notice, approval, request, authorization, direction or other communication under this Agreement shall be given in writing and shall be deemed to have been delivered and given for all purposes, (i) on the delivery date if delivered personally to the party to whom the same is directed, or (ii) three business days after the mailing date, whether or not actually received, if sent by registered U.S. mail postage and charges prepaid, to the address of the party to whom the same is directed as set forth in the introductory paragraph of this Agreement.

4. Section 6: Liability Under This Agreement

C. LIABILITY UNDER THIS AGREEMENT FROM ANY AND ALL CAUSES, INCLUDING, BUT NOT LIMITED TO, PROGRAM MALFUNCTION OR OPERATIONAL NEGLIGENCE, SHALL BE LIMITED TO GENERAL MONEY DAMAGES IN AN AMOUNT NOT TO EXCEED THE TOTAL CHARGES PAID BY ABW FOR THE SERVICES DURING THE MOST RECENT TWELVE (12) MONTHS OF THE AGREEMENT.

5. Section 9: Indemnification

A. ABW hereby agrees to defend, indemnify and hold harmless PCQ, its employees, agents, successors and assigns, harmless, including reasonable attorney's fees, from and against any of the following:

1. Any and all claims, liabilities, and obligations claimed by any third party or parties against PCQ and arising directly out of ABW's use of the Service.

2. Any and all claims, liabilities, or obligations resulting from ABW's misrepresentations, negligence, willful misconduct, breach of warranty or non-performance of any of the covenants or obligations under this Agreement or from any misrepresentations or omissions made by ABW to PCQ, including specifically, but not limited to, any authority required of ABW pursuant to Section 6 hereof.

B. Such indemnification by ABW shall only be effective if the claim, liability or obligation claimed by the third party is in no way related to PCQ's negligence, willful misconduct or failure to perform any of its obligations under this Agreement.

C. PCQ hereby agrees to defend, indemnify and hold ABW harmless, including reasonable attorney's fees, from and against any claim that the SOFTWARE or HYPERFEED infringes on the patent, copyright or other proprietary rights of another, including any and all claims, liabilities, or obligations resulting from PCQ's negligence, willful misconduct, misrepresentations, breach of warranty or non-performance of any of the covenants or obligations under this Agreement.

D. Such indemnification by PCQ shall only be effective if:

1. The claim, liability or obligation claimed by the third party is in no way related to ABW's negligence, willful misconduct or failure to perform any of its obligations under this Agreement.

2. ABW notifies PCQ promptly in writing of any claim or threatened claim against ABW and thereafter cooperates with PCQ so that PCQ will not be prejudiced in the defense, settlement or other handling thereof and ABW permits PCQ, at PCQ's option and expense, to control the defense, settlement or other handling of such claim.

6. Section 10: Assignment

This Agreement or any rights or obligations granted hereunder may not be assigned by ABW without the prior written consent of PCQ.

7. Section 11: Applicable Law and Venue

This Agreement shall be interpreted, construed and enforced in all respects in accordance with the laws of the State of Illinois , except with regards to its rules regarding choice of law.

8. Section 12: Severability and Survival

A. Whenever possible, each provision of this Agreement shall be interpreted in such manner as to be effective and valid under applicable law, but if any provision of this Agreement shall be prohibited by or invalid under applicable law, such provision shall be ineffective to the extent of such prohibition or invalidity, without invalidating the remainder of such provision or the remaining provisions of this Agreement.

B. The provisions dealing with indemnification and confidentiality and any other section of this Agreement, unless specifically stated otherwise, which may reasonably be interpreted or construed as surviving the completion, expiration, termination or cancellation of this Agreement, shall survive the completion, expiration, termination or cancellation of this Agreement.

9. Section 13: Miscellaneous Provisions

A. The parties to this Agreement are independent contractors with requisite corporate power and authority to enter into this Agreement and carry out the transactions contemplated hereby. Neither party is a representative of the other party. Neither party shall have any right, power or authority to enter into any agreement for or on behalf of, or incur any obligation or liability of, or to otherwise bind, the other party.

B. Any notice, approval, request, authorization, direction or other communication under this Agreement shall be given in writing and shall be deemed to have been delivered and given for all purposes, (i) on the delivery date if delivered personally to the party to whom the same is directed, or (ii) three business days after the mailing date, whether or not actually received, if sent by registered U.S. mail postage and charges prepaid, to the address of the party to whom the same is directed as set forth in the introductory paragraph of this Agreement.

10. Section 2: Term

A. This Agreement shall commence on the Effective Date and continue for a period of one (1) year from such date, unless terminated earlier in accordance with the provisions hereof.

B. Upon expiration of the initial term, this Agreement shall automatically renew for successive periods of one (1) year each, unless either party gives written notice to the other at least thirty (30) days prior to the end of the then current term that it desires not to renew this Agreement.

C. This Agreement may be terminated by either party upon written notice to the other in accordance with Section 13 hereof if the other party fails to perform any of its obligations under this Agreement, or if the other party breaches any provision of this Agreement and such breach is not cured within thirty (30) days after receipt of written notice thereof.

D. Upon termination of this Agreement for any reason, all rights granted hereunder shall cease and terminate, and each party shall return to the other all documents, materials and other property belonging to the other party.

11. Section 6: Liability Under This Agreement

B. PCQ shall not be responsible for, nor be in default under this Agreement due to delays or failure of performance resulting from Internet Service Provider delivery problems or failure, or any communication or delivery problems associated with the Internet in general.

C. LIABILITY UNDER THIS AGREEMENT FROM ANY AND ALL CAUSES, INCLUDING, BUT NOT LIMITED TO, PROGRAM MALFUNCTION OR OPERATIONAL NEGLIGENCE, SHALL BE LIMITED TO GENERAL MONEY DAMAGES IN AN AMOUNT NOT TO EXCEED THE TOTAL CHARGES PAID BY ABW FOR THE SERVICES DURING THE MOST RECENT TWELVE (12) MONTHS OF THE AGREEMENT.

12. Section 9: Indemnification

A. ABW hereby agrees to defend, indemnify and hold harmless PCQ, its employees, agents, successors and assigns, harmless, including reasonable attorney's fees, from and against any of the following:

1. Any and all claims, liabilities, and obligations claimed by any third party or parties against PCQ and arising directly out of ABW's use of the Service.

2. Any and all claims, liabilities, or obligations resulting from ABW's misrepresentations, negligence, willful misconduct, breach of warranty or non-performance of any of the covenants or obligations under this Agreement or from any misrepresentations or omissions made by ABW to PCQ, including specifically, but not limited to, any authority required of ABW pursuant to Section 6 hereof.

B. Such indemnification by ABW shall only be effective if the claim, liability or obligation claimed by the third party is in no way related to PCQ's negligence, willful misconduct or failure to perform any of its obligations under this Agreement.

C. PCQ hereby agrees to defend, indemnify and hold ABW harmless, including reasonable attorney's fees, from and against any claim that the SOFTWARE or HYPERFEED infringes on the patent, copyright or other proprietary rights of another, including any and all claims, liabilities, or obligations resulting from PCQ's negligence, willful misconduct, misrepresentations, breach of warranty or non-performance of any of the covenants or obligations under this Agreement.

D. Such indemnification by PCQ shall only be effective if:

1. The claim, liability or obligation claimed by the third party is in no way related to ABW's negligence, willful misconduct or failure to perform any of its obligations under this Agreement.

2. ABW notifies PCQ promptly in writing of any claim or threatened claim against ABW and thereafter cooperates with PCQ so that PCQ will not be prejudiced in the defense, settlement or other handling thereof and ABW permits PCQ, at PCQ's option and expense, to control the defense, settlement or other handling of such claim.

13. Section 2: Term

C. This Agreement may be terminated by either party upon written notice to the other in accordance with Section 13 hereof if the other party fails to perform any of its obligations under this Agreement, or if the other party breaches any provision of this Agreement and such breach is not cured within thirty (30) days after receipt of written notice thereof.

14. Section 6: Liability Under This Agreement

C. LIABILITY UNDER THIS AGREEMENT FROM ANY AND ALL CAUSES, INCLUDING, BUT NOT LIMITED TO, PROGRAM MALFUNCTION OR OPERATIONAL NEGLIGENCE, SHALL BE LIMITED TO GENERAL MONEY DAMAGES IN AN AMOUNT NOT TO EXCEED THE TOTAL CHARGES PAID BY ABW FOR THE SERVICES DURING THE MOST RECENT TWELVE (12) MONTHS OF THE AGREEMENT.

15. Section 9: Indemnification

A. ABW hereby agrees to defend, indemnify and hold harmless PCQ, its employees, agents, successors and assigns, harmless, including reasonable attorney's fees, from and against any of the following:

1. Any and all claims, liabilities, and obligations claimed by any third party or parties against PCQ and arising directly out of ABW's use of the Service.

2. Any and all claims, liabilities, or obligations resulting from ABW's misrepresentations, negligence, willful misconduct, breach of warranty or non-performance of any of the covenants or obligations under this Agreement or from any misrepresentations or omissions made by ABW to PCQ, including specifically, but not limited to, any authority required of ABW pursuant to Section 6 hereof.

B. Such indemnification by ABW shall only be effective if the claim, liability or obligation claimed by the third party is in no way related to PCQ's negligence, willful misconduct or failure to perform any of its obligations under this Agreement.

C. PCQ hereby agrees to defend, indemnify and hold ABW harmless, including reasonable attorney's fees, from and against any claim that the SOFTWARE or HYPERFEED infringes on the patent, copyright or other proprietary rights of another, including any and all claims, liabilities, or obligations resulting from PCQ's negligence, willful misconduct, misrepresentations, breach of warranty or non-performance of any of the covenants or obligations under this Agreement.

D. Such indemnification by PCQ shall only be effective if:

1. The claim, liability or obligation claimed by the third party is in no way related to ABW's negligence, willful misconduct or failure to perform any of its obligations under this Agreement.

2. ABW notifies PCQ promptly in writing of any claim or threatened claim against ABW and thereafter cooperates with PCQ so that PCQ will not be prejudiced in the defense, settlement or other handling thereof and ABW permits PCQ, at PCQ's option and expense, to control the defense, settlement or other handling of such claim.

16. Section 10: Assignment

This Agreement or any rights or obligations granted hereunder may not be assigned by ABW without the prior written consent of PCQ.

17. Section 11: Applicable Law and Venue

This Agreement shall be interpreted, construed and enforced in all respects in accordance with the laws of the State of Illinois , except with regards to its rules regarding choice of law.

18. Section 12: Severability and Survival

A. Whenever possible, each provision of this Agreement shall be interpreted in such manner as to be effective and valid under applicable law, but if any provision of this Agreement shall be prohibited by or invalid under applicable law, such provision shall be ineffective to the extent of such prohibition or invalidity, without invalidating the remainder of such provision or the remaining provisions of this Agreement.

B. The provisions dealing with indemnification and confidentiality and any other section of this Agreement, unless specifically stated otherwise, which may reasonably be interpreted or construed as surviving the completion, expiration, termination or cancellation of this Agreement, shall survive the completion, expiration, termination or cancellation of this Agreement.

19. Section 13: Miscellaneous Provisions

A. The parties to this Agreement are independent contractors with requisite corporate power and authority to enter into this Agreement and carry out the transactions contemplated hereby. Neither party is a representative of the other party. Neither party shall have any right, power or authority to enter into any agreement for or on behalf of, or incur any obligation or liability of, or to otherwise bind, the other party.

B. Any notice, approval, request, authorization, direction or other communication under this Agreement shall be given in writing and shall be deemed to have been delivered and given for all purposes, (i) on the delivery date if delivered personally to the party to whom the same is directed, or (ii) three business days after the mailing date, whether or not actually received, if sent","8. Confidentiality of Proprietary Information 

A. ABW understands and acknowledges the proprietary nature of the HYPERFEED and SOFTWARE provided by PCQ and that said HYPERFEED and SOFTWARE have been developed as a trade secret of PCQ and at its expense. ABW agrees to hold said information in the same manner as ABW deals with its own proprietary information and trade secrets. Furthermore, ABW agrees not to attempt any reverse engineering of the HYPERFEED to decode the signals used by PCQ in transmitting the information.

B. PCQ understands the proprietary nature of any information belonging to ABW, and recognizes the harm that can be occasioned to user by disclosure of information relative to ABW's activities, PCQ agrees to hold such information in the same manner as PCQ deals with its own proprietary information and trade secrets.

C. PCQ acknowledges the confidential nature of ABW's use of the SOFTWARE and HYPERFEED during the initial term of this agreement. Due to the unannounced platform on which ABW shall make available its electronic service to its client during this initial term, PCQ shall in no way disclose to other parties the substance nor acknowledge the existence of this agreement. Any advertising or disclosure of the relationship between the parties, use of either's marks, names or reference by the other shall be approved by both parties prior to release.","6. C. LIABILITY UNDER THIS AGREEMENT FROM ANY AND ALL CAUSES, INCLUDING, BUT NOT LIMITED TO, PROGRAM MALFUNCTION OR OPERATIONAL NEGLIGENCE, SHALL BE LIMITED TO GENERAL MONEY DAMAGES IN AN AMOUNT NOT TO EXCEED THE TOTAL CHARGES PAID BY ABW FOR THE SERVICES DURING THE MOST RECENT TWELVE (12) MONTHS OF THE AGREEMENT. SUCH LIMITATION SHALL BE THE EXTENT OF PCQ OR ABW'S LIABILITY REGARDLESS OF THE FORM IN WHICH ANY LEGAL OR EQUITABLE ACTION MAY BE BROUGHT AGAINST PCQ OR ABW, AND THE FOREGOING SHALL CONSTITUTE PCQ'S OR ABW'S SOLE REMEDY. IN NO EVENT WILL EITHER PARTY BE RESPONSIBLE FOR LOST PROFITS OR SPECIAL INDIRECT, INCIDENTAL OR CONSEQUENTIAL DAMAGES WHICH ABW OR PCQ INCUR OR EXPERIENCE ON ACCOUNT OF ENTERING INTO OR RELYING ON THIS AGREEMENT, EVEN IF PCQ OR ABW HAS BEEN ADVISED OF THE POSSIBILITY OF SUCH DAMAGES.

9. Indemnification
A. ABW hereby agrees to defend, indemnify and hold harmless PCQ, its employees, agents, successors and assigns, harmless, including reasonable attorney's fees, from and against any of the following: 
1. Any and all claims, liabilities, and obligations claimed by any third party or parties against PCQ and arising directly out of ABW's use of the Service.
2. Any and all claims, liabilities, or obligations resulting from ABW's misrepresentations, negligence, willful misconduct, breach of warranty or non-performance of any of the covenants or obligations under this Agreement or from any misrepresentations or omissions made by ABW to PCQ, including specifically, but not limited to, any authority required of ABW pursuant to Section 6 hereof.

C. PCQ hereby agrees to defend, indemnify and hold ABW harmless, including reasonable attorney's fees, from and against any claim that the SOFTWARE or HYPERFEED infringes on the patent, copyright or other proprietary rights of another, including any and all claims, liabilities, or obligations resulting from PCQ's negligence, willful misconduct, misrepresentations, breach of warranty or non-performance of any of the covenants or obligations under this Agreement.

10. Assignment
This Agreement or any rights or obligations granted hereunder may not be assigned by ABW without the prior written consent of PCQ.

12. Severability and Survival
B. The provisions dealing with indemnification and confidentiality and any other section of this Agreement, unless specifically stated otherwise, which may reasonably be interpreted or construed as surviving the completion, expiration, termination or cancellation of this Agreement, shall survive the completion, expiration, termination or cancellation of this Agreement.

13. Miscellaneous Provisions
A. The parties to this Agreement are independent contractors with requisite corporate power and authority to enter into this Agreement and carry out the transactions contemplated hereby. Neither party is a representative of the other party. Neither party shall have any right, power or authority to enter into any agreement for or on behalf of, or incur any obligation or liability of, or to otherwise bind, the other party.

7. Exclusion of Warranties
It is expressly understood and agreed to by the parties hereto that EXCEPT AS SPECIFICALLY PROVIDED HEREIN, ALL WARRANTIES, EXPRESSED OR IMPLIED, INCLUDING ANY IMPLIED WARRANTIES OF MERCHANTABILITY AND FITNESS FOR A PARTICULAR PURPOSE, ARE HEREBY EXCLUDED."
PcquoteComInc_19990721_S-1A_EX-10.11_6377149_EX-10.11_Co-Branding Agreement2.pdf,"This amendment to the Co-Branding Agreement between PC Quote, Inc. and A.B. Watley, Inc. is effective December 9, 1996. The agreement applies to both parties and their subsidiaries and related companies. The primary purpose of this amendment is to modify Section 2, Part B of the original agreement. However, no specific details regarding the modification are provided in the contract text. PC Quote, Inc. and A.B. Watley, Inc. are obligated to comply with the terms of the amended agreement. No financial terms or amounts are specified in the contract. The term of this amendment is not explicitly stated, but it appears to be effective as of December 9, 1996. Termination conditions are also not outlined in the provided text. The parties involved are PC Quote, Inc., represented by Steven Malin, and A.B. Watley, Inc., represented by Howard Meltzer.",Not found,Not found,Not found
PcquoteComInc_19990721_S-1A_EX-10.11_6377149_EX-10.11_Co-Branding Agreement3.pdf,"This Second Amendment to Co-Branding Agreement is made between PC QUOTE, INC. and A.B. Watley, Inc., effective February 23, 1998. The agreement modifies the provisions of the original Co-Branding Agreement dated October 11, 1996, as amended on December 10, 1996. Specifically, Section 2.A. and B. of the original agreement is deleted in its entirety and replaced with new language. In the event of a conflict between this amendment and the original agreement, the provisions of this Second Amendment shall prevail. The parties intend to be bound by their mutual promises and agreements as outlined in this amendment. Except as modified, the original agreement and its terms are ratified and confirmed for all purposes. This amendment may be executed in several counterparts, each deemed an original but collectively constituting the same instrument.",Not found,Not found,Not found
PelicanDeliversInc_20200211_S-1_EX-10.3_11975895_EX-10.3_Development Agreement1.pdf,"Pelican Delivers Inc. and Seattle Software Developers, Inc. have entered into an agreement for the development of a delivery platform. The purpose of the agreement is to create a comprehensive system for dispensaries, drivers, and customers, including user management, payment processing, and order tracking. Pelican Delivers will provide the requirements and specifications for the project, while Seattle Software Developers will design, develop, and test the software. The financial terms include a total contract value of $279,000, with a 20% milestone payment of $55,800 due upon completion of each phase. The agreement also outlines key obligations, including the development of a driver companion app, integration with dispensaries' POS systems, and implementation of state-specific rules for marijuana sales.","TERMINATION CLAUSE

9. TERMINATION

This Agreement may be terminated by either party upon written notice to the other in the event of a material breach of any term or condition hereof which is not cured within thirty (30) days after receipt of such notice.

Upon termination, all rights and obligations of the parties under this Agreement shall cease and terminate, except that the provisions of Sections 3, 4, 5, 6, 7, 8, 9, 10, 11, 12, 13, 14, 15, 16, 17, 18, 19, 20, 21, and 22 shall survive termination.

Upon expiration or termination of this Agreement, Client shall immediately cease using the Software and all related materials provided by Developer.",Not found,"9. LIMITATION OF LIABILITY AND INDEMNIFICATION

Developer shall not be liable for any indirect, special, incidental, consequential or punitive damages arising out of or related to this Agreement, whether based on contract, tort or other theories of liability, even if Developer has been advised of the possibility of such damages.

Developer shall indemnify and hold harmless Client, its officers, directors, employees, agents and affiliates from any claims, demands, losses, liabilities, damages, judgments, costs and expenses arising out of or related to this Agreement, including but not limited to:

(a) any breach by Developer of any term or condition of this Agreement;

(b) any claim that the software developed under this Agreement infringes on the rights of any third party; and

(c) any claim for damages arising from the use of the software.

Client shall indemnify and hold harmless Developer, its officers, directors, employees, agents and affiliates from any claims, demands, losses, liabilities, damages, judgments, costs and expenses arising out of or related to this Agreement, including but not limited to:

(a) any claim that Client's use of the software infringes on the rights of any third party; and

(b) any claim for damages arising from Client's use of the software.

Developer shall have no liability for any warranty, express or implied, with respect to the software developed under this Agreement."
PelicanDeliversInc_20200211_S-1_EX-10.3_11975895_EX-10.3_Development Agreement2.pdf,"This contract is between Dot Com LLC and Client for the development of software services. The purpose of the agreement is to outline the terms and conditions under which Dot Com will provide its services to the Client. Key obligations include Dot Com's responsibility to deliver the software on time, meet the requirements specified in the Statement of Work (SOW), and maintain confidentiality of the Client's information. In return, the Client must pay fees as outlined in the Fee Payment Schedule, which includes a bonus for early completion. The contract also addresses intellectual property rights, with Dot Com assigning all copyright and ownership to the Client upon payment in full. Termination of the agreement can occur upon material breach or by either party with written notice.","3.2 TERMINATION

This Agreement may be terminated by either Party upon written notice to the other Party in accordance with Section 4.10 of this Agreement.

DEFAULT AND BREACH

8.1 DEFAULT
If Client fails to pay any Fees or Expenses when due, Developer shall have the right to terminate this Agreement immediately upon written notice to Client.

8.2 BREACH
In the event that either Party breaches any term or condition of this Agreement and such breach is not cured within thirty (30) days after receipt of written notice from the non-breaching Party, the non-breaching Party may terminate this Agreement.

TERMINATION

9.1 TERMINATION FOR BREACH
Upon expiration or termination of this Agreement for any reason, Client shall immediately pay to Developer all Fees and Expenses due and owing under this Agreement.

9.2 TERMINATION FOR DEFAULT
In the event that Client defaults in the payment of any Fee or Expense when due, Developer may terminate this Agreement without notice.

9.3 TERMINATION FOR INSOLVENCY

EFFECT OF TERMINATION

10.1 EFFECT OF TERMINATION
Upon termination of this Agreement for any reason, all rights and obligations of the Parties under this Agreement shall cease and terminate, except as otherwise provided in this Agreement.

10.2 RETURN OF PROPERTY
Upon termination of this Agreement, Client shall return to Developer all property and materials furnished by Developer to Client under this Agreement.

SURVIVAL

11.1 SURVIVAL
The provisions of Sections 6.4 (Confidentiality and Non-Disclosure), 7.2 (Warranties), and 9.1 (Termination for Breach) shall survive the termination or expiration of this Agreement.

GOVERNING LAW

12.1 GOVERNING LAW
This Agreement shall be governed by and construed in accordance with the laws of the State of Washington, without giving effect to any principles of conflicts of law.

12.2 JURISDICTION AND VENUE
Any disputes arising out of or related to this Agreement shall be resolved through binding arbitration in accordance with the rules of the American Arbitration Association.

DISPUTE RESOLUTION

13.1 DISPUTE RESOLUTION
In the event of a dispute between the Parties, they shall attempt to resolve such dispute through good faith negotiations and mediation before resorting to litigation or arbitration.

GOVERNING LAW AND JURISDICTION

14.1 GOVERNING LAW
This Agreement shall be governed by and construed in accordance with the laws of the State of Washington, without giving effect to any principles of conflicts of law.

14.2 JURISDICTION AND VENUE
Any disputes arising out of or related to this Agreement shall be resolved through binding arbitration in accordance with the rules of the American Arbitration Association.

ENTIRE AGREEMENT

15.1 ENTIRE AGREEMENT
This Agreement constitutes the entire agreement between the Parties and supersedes all prior negotiations, understandings, and agreements between the Parties.

15.2 AMENDMENTS
This Agreement may not be amended or modified except in writing signed by both Parties.

GOVERNING LAW AND JURISDICTION

16.1 GOVERNING LAW
This Agreement shall be governed by and construed in accordance with the laws of the State of Washington, without giving effect to any principles of conflicts of law.

16.2 JURISDICTION AND VENUE
Any disputes arising out of or related to this Agreement shall be resolved through binding arbitration in accordance with the rules of the American Arbitration Association.

DISPUTE RESOLUTION

17.1 DISPUTE RESOLUTION
In the event of a dispute between the Parties, they shall attempt to resolve such dispute through good faith negotiations and mediation before resorting to litigation or arbitration.

GOVERNING LAW AND JURISDICTION

18.1 GOVERNING LAW
This Agreement shall be governed by and construed in accordance with the laws of the State of Washington, without giving effect to any principles of conflicts of law.

18.2 JURISDICTION AND VENUE
Any disputes arising out of or related to this Agreement shall be resolved through binding arbitration in accordance with the rules of the American Arbitration Association.

ENTIRE AGREEMENT

19.1 ENTIRE AGREEMENT
This Agreement constitutes the entire agreement between the Parties and supersedes all prior negotiations, understandings, and agreements between the Parties.

19.2 AMENDMENTS
This Agreement may not be amended or modified except in writing signed by both Parties.

GOVERNING LAW AND JURISDICTION

20.1 GOVERNING LAW
This Agreement shall be governed by and construed in accordance with the laws of the State of Washington, without giving effect to any principles of conflicts of law.

20.2 JURISDICTION AND VENUE
Any disputes arising out of or related to this Agreement shall be resolved through binding arbitration in accordance with the rules of the American Arbitration Association.

DISPUTE RESOLUTION

21.1 DISPUTE RESOLUTION
In the event of a dispute between the Parties, they shall attempt to resolve such dispute through good faith negotiations and mediation before resorting to litigation or arbitration.

GOVERNING LAW AND JURISDICTION

22.1 GOVERNING LAW
This Agreement shall be governed by and construed in accordance with the laws of the State of Washington, without giving effect to any principles of conflicts of law.

22.2 JURISDICTION AND VENUE
Any disputes arising out of or related to this Agreement shall be resolved through binding arbitration in accordance with the rules of the American Arbitration Association.

ENTIRE AGREEMENT

23.1 ENTIRE AGREEMENT
This Agreement constitutes the entire agreement between the Parties and supersedes all prior negotiations, understandings, and agreements between the Parties.

23.2 AMENDMENTS
This Agreement may not be amended or modified except in writing signed by both Parties.

GOVERNING LAW AND JURISDICTION

24.1 GOVERNING LAW
This Agreement shall be governed by and construed in accordance with the laws of the State of Washington, without giving effect to any principles of conflicts of law.

24.2 JURISDICTION AND VENUE
Any disputes arising out of or related to this Agreement shall be resolved through binding arbitration in accordance with the rules of the American Arbitration Association.

DISPUTE RESOLUTION

25.1 DISPUTE RESOLUTION
In the event of a dispute between the Parties, they shall attempt to resolve such dispute through good faith negotiations and mediation before resorting to litigation or arbitration.

GOVERNING LAW AND JURISDICTION

26.1 GOVERNING LAW
This Agreement shall be governed by and construed in accordance with the laws of the State of Washington, without giving effect to any principles of conflicts of law.

26.2 JURISDICTION AND VENUE
Any disputes arising out of or related to this Agreement shall be resolved through binding arbitration in accordance with the rules of the American Arbitration Association.

ENTIRE AGREEMENT

27.1 ENTIRE AGREEMENT
This Agreement constitutes the entire agreement between the Parties and supersedes all prior negotiations, understandings, and agreements between the Parties.

27.2 AMENDMENTS
This Agreement may not be amended or modified except in writing signed by both Parties.

GOVERNING LAW AND JURISDICTION

28.1 GOVERNING LAW
This Agreement shall be governed by and construed in accordance with the laws of the State of Washington, without giving effect to any principles of conflicts of law.

28.2 JURISDICTION AND VENUE
Any disputes arising out of or related to this Agreement shall be resolved through binding arbitration in accordance with the rules of the American Arbitration Association.

DISPUTE RESOLUTION

29.1 DISPUTE RESOLUTION
In the event of a dispute between the Parties, they shall attempt to resolve such dispute through good faith negotiations and mediation before resorting to litigation or arbitration.

GOVERNING LAW AND JURISDICTION

30.1 GOVERNING LAW
This Agreement shall be governed by and construed in accordance with the laws of the State of Washington, without giving effect to any principles of conflicts of law.

30.2 JURISDICTION AND VENUE
Any disputes arising out of or related to this Agreement shall be resolved through binding arbitration in accordance with the rules of the American Arbitration Association.

ENTIRE AGREEMENT

31.1 ENTIRE AGREEMENT
This Agreement constitutes the entire agreement between the Parties and supersedes all prior negotiations, understandings, and agreements between the Parties.

31.2 AMENDMENTS
This Agreement may not be amended or modified except in writing signed by both Parties.

GOVERNING LAW AND JURISDICTION

32.1 GOVERNING LAW
This Agreement shall be governed by and construed in accordance with the laws of the State of Washington, without giving effect to any principles of conflicts of law.

32.2 JURISDICTION AND VENUE
Any disputes arising out of or related to this Agreement shall be resolved through binding arbitration in accordance with the rules of the American Arbitration Association.

DISPUTE RESOLUTION

33.1 DISPUTE RESOLUTION
In the event of a dispute between the Parties, they shall attempt to resolve such dispute through good faith negotiations and mediation before resorting to litigation or arbitration.

GOVERNING LAW AND JURISDICTION

34.1 GOVERNING LAW
This Agreement shall be governed by and construed in accordance with the laws of the State of Washington, without giving effect to any principles of conflicts of law.

34.2 JURISDICTION AND VENUE
Any disputes arising out of or related to this Agreement shall be resolved through binding arbitration in accordance with the rules of the American Arbitration Association.

ENTIRE AGREEMENT

35.1 ENTIRE AGREEMENT
This Agreement constitutes the entire agreement between the Parties and supersedes all prior negotiations, understandings, and agreements between the Parties.

35.2 AMENDMENTS
This Agreement may not be amended or modified except in writing signed by both Parties.

GOVERNING LAW AND JURISDICTION

36.1 GOVERNING LAW
This Agreement shall be governed by and construed in accordance with the laws of the State of Washington, without giving effect to any principles of conflicts of law.

36.2 JURISDICTION AND VENUE
Any disputes arising out of or related to this Agreement shall be resolved through binding arbitration in accordance with the rules of the American Arbitration Association.

DISPUTE RESOLUTION

37.1 DISPUTE RESOLUTION
In the event of a dispute between the Parties, they shall attempt to resolve such dispute through good faith negotiations and mediation before resorting to litigation or arbitration.

GOVERNING LAW AND JURISDICTION

38.1 GOVERNING LAW
This Agreement shall be governed by and construed in accordance with the laws of the State of Washington, without giving effect to any principles of conflicts of law.

38.2 JURISDICTION AND VENUE
Any disputes arising out of or related to this Agreement shall be resolved through binding arbitration in accordance with the rules of the American Arbitration Association.

ENTIRE AGREEMENT

39.1 ENTIRE AGREEMENT
This Agreement constitutes the entire agreement between the Parties and supersedes all prior negotiations, understandings, and agreements between the Parties.

39.2 AMENDMENTS
This Agreement may not be amended or modified except in writing signed by both Parties.

GOVERNING LAW AND JURISDICTION

40.1 GOVERNING LAW
This Agreement shall be governed by and construed in accordance with the laws of the State of Washington, without giving effect to any principles of conflicts of law.

40.2 JURISDICTION AND VENUE
Any disputes arising out of or related to this Agreement shall be resolved through binding arbitration in accordance with the rules of the American Arbitration Association.

DISPUTE RESOLUTION

41.1 DISPUTE RESOLUTION
In the event of a dispute between the Parties, they shall attempt to resolve such dispute through good faith negotiations and mediation before resorting to litigation or arbitration.

GOVERNING LAW AND JURISDICTION

42.1 GOVERNING LAW
This Agreement shall be governed by and construed in accordance with the laws of the State of Washington, without giving effect to any principles of conflicts of law.

42.2 JURISDICTION AND VENUE
Any disputes arising out of or related to this Agreement shall be resolved through binding arbitration in accordance with the rules of the American Arbitration Association.

ENTIRE AGREEMENT

43.1 ENTIRE AGREEMENT
This Agreement constitutes the entire agreement between the Parties and supersedes all prior negotiations, understandings, and agreements between the Parties.

43.2 AMENDMENTS
This Agreement may not be amended or modified except in writing signed by both Parties.

GOVERNING LAW AND JURISDICTION

44.1 GOVERNING LAW
This Agreement shall be governed by and construed in accordance with the laws of the State of Washington, without giving effect to any principles of conflicts of law.

44.2 JURISDICTION AND VENUE
Any disputes arising out of or related to this Agreement shall be resolved through binding arbitration in accordance with the rules of the American Arbitration Association.

DISPUTE RESOLUTION

45.1 DISPUTE RESOLUTION
In the event of a dispute between the Parties, they shall attempt to resolve such dispute through good faith negotiations and mediation before resorting to litigation or arbitration.

GOVERNING LAW AND JURISDICTION

46.1 GOVERNING LAW
This Agreement shall be governed by and construed in accordance with the laws of the State of Washington, without giving effect to any principles of conflicts of law.

46.2 JURISDICTION AND VENUE
Any disputes arising out of or related to this Agreement shall be resolved through binding arbitration in accordance with the rules of the American Arbitration Association.

ENTIRE AGREEMENT

47.1 ENTIRE AGREEMENT
This Agreement constitutes the entire agreement between the","6.4 CONFIDENTIALITY AND NON-DISCLOSURE 
6.4.1 Confidential Information. Each Party acknowledges and agrees that it will receive confidential information and trade secrets from the other Party in otherwise carrying out the actions contemplated by this Agreement (collectively, Confidential Information). Confidential Information does not include information at: (a) is available to the public or that becomes available to the public through no act or failure to act by the receiving Party (Receiving Party)  (b) is known to the Receiving Party prior to the date of disclosure by the disclosing Party (Disclosing Party), unless the Receiving Party agreed to keep such information in confidence at the time of receipt of the information  (c) is properly obtained hereafter from a source that is not under an obligation of confidentiality with respect to such information  or (d) is developed independently by the Receiving Party without reference to or use of the Disclosing Party's Confidential Information. 
6.4.2 Non-Disclosure. Neither Party shall use or disclose Confidential Information of the other Party to any third party, without the written consent of the Disclosing Party of such Confidential Information. Receiving Party agrees to undertake reasonable measures to maintain and preserve the Confidential Information of the Disclosing Party in confidence, which measures shall be no less than the measures taken by the Receiving Party to protect its own confidential information and in no event shall be less than reasonable care. Upon expiration or termination of this Agreement, Receiving Party will immediately destroy or erase all copies of documents or materials containing any Confidential Information provided by Disclosing Party and, upon the Disclosing Party's request, promptly confirm destruction of same by signing and returning to the Disclosing Party a certificate of destruction reasonably satisfactory to the Disclosing Party. 
6.4.3 Derivatives. All Confidential Information, and any Derivatives thereof whether created by Client or Developer, remain the property of the Disclosing Party and no license or other rights to any Confidential Information or Derivatives is granted or implied hereby. For purposes of this Agreement, Derivatives shall mean: (a) for copyrightable or copyrighted material, any translation, abridgment, revision or other form in which an existing work may be recast, transformed or adapted  (b) for patentable or patented material, any improvement thereon  and (c) for material which is protected by trade secret, any new material derived from such existing trade secret material, including new material which may be protected under applicable","9. LIMITATION OF LIABILITY AND INDEMNIFICATION

9.1 EXCLUSION OF WARRANTIES. THE WORKS ARE PROVIDED ON AN ""AS IS"" BASIS WITHOUT ANY WARRANTY WHATSOEVER, EXPRESS OR IMPLIED, INCLUDING BUT NOT LIMITED TO MERCHANTABILITY, FITNESS FOR A PARTICULAR PURPOSE, NONINFRINGEMENT, OR ARISING FROM COURSE OF DEALING OR USAGE IN TRADE.

9.2 LIMITATION OF LIABILITY. IN NO EVENT SHALL DEVELOPER BE LIABLE FOR ANY INDIRECT, SPECIAL, INCIDENTAL, PUNITIVE, OR CONSEQUENTIAL DAMAGES (INCLUDING WITHOUT LIMITATION LOST PROFITS, BUSINESS INTERRUPTION, LOSS OF INFORMATION OR DATA, AND THE LIKE) ARISING OUT OF THIS AGREEMENT, EVEN IF ADVISED OF THE POSSIBILITY THEREOF.

9.3 INDEMNIFICATION. DEVELOPER SHALL INDEMNIFY, DEFEND, AND HOLD HARMLESS CLIENT FROM ANY CLAIMS, DEMANDS, DAMAGES, LOSSES, COSTS, EXPENSES (INCLUDING ATTORNEYS' FEES), AND LIABILITIES ARISING OUT OF OR RELATED TO THE WORKS, INCLUDING BUT NOT LIMITED TO ANY BREACH OF THIS AGREEMENT.

9.4 LIMITATION OF LIABILITY - DEVELOPER TECHNOLOGY. IN NO EVENT SHALL DEVELOPER BE LIABLE FOR ANY DAMAGES ARISING FROM THE USE OF DEVELOPER TECHNOLOGY, EXCEPT AS EXPRESSLY PROVIDED IN SECTION 6.2 OF THIS AGREEMENT.

9.5 LIMITATION OF LIABILITY - CLIENT'S CONTENT. CLIENT SHALL INDEMNIFY, DEFEND, AND HOLD HARMLESS DEVELOPER FROM ANY CLAIMS, DEMANDS, DAMAGES, LOSSES, COSTS, EXPENSES (INCLUDING ATTORNEYS' FEES), AND LIABILITIES ARISING OUT OF OR RELATED TO THE USE OF CLIENT'S CONTENT.

9.6 LIMITATION OF LIABILITY - TERMINATION. IN NO EVENT SHALL EITHER PARTY BE LIABLE FOR ANY CLAIMS, DEMANDS, DAMAGES, LOSSES, COSTS, EXPENSES (INCLUDING ATTORNEYS' FEES), AND LIABILITIES ARISING OUT OF OR RELATED TO THE TERMINATION OF THIS AGREEMENT.

9.7 LIMITATION OF LIABILITY - GOVERNING LAW. THIS SECTION 9 SHALL SURVIVE ANY TERMINATION OR EXPIRATION OF THIS AGREEMENT AND SHALL BE GOVERNED BY AND CONSTRUED IN ACCORDANCE WITH THE LAWS OF THE STATE OF [STATE]."
PhasebioPharmaceuticalsInc_20200330_10-K_EX-10.21_12086810_EX-10.21_Development Agreement.pdf,"PhaseBio Pharmaceuticals Inc has entered into an agreement with another party to conduct clinical trials for a new product. The purpose of the agreement is to develop and commercialize the product in various countries. PhaseBio will be responsible for conducting the clinical trials, while the other party will provide financial support. The key obligations of each party include conducting the clinical trials in accordance with regulatory requirements and providing updates on trial progress. Financial terms are not explicitly stated, but it is mentioned that a percentage of 50% is involved. Important conditions include termination clauses, which allow either party to terminate the agreement under certain circumstances.",Not found,"1.1.45  Confidential Information   of a Party means all information and materials provided and/or disclosed (including in written form, electronic form or otherwise) by, or on behalf of, such Party or its Affiliates, agents or representatives to the other Party, its Affiliates, agents or representatives in connection with this Agreement, including, technical, scientific, regulatory and other information, results, knowledge, techniques, data, analyses, inventions, invention disclosures, plans, processes, methods, know-how, ideas, concepts, test data (including pharmacological, toxicological and clinical test data), analytical and quality control data, formulae, specifications, marketing, pricing, distribution, cost, sales, and manufacturing data and descriptions. In addition, the terms and conditions of this Agreement shall be deemed to be Confidential Information of both SFJ and PB. For further clarity, the terms of the AZ License shall be considered the Confidential Information of PB, and SFJ acknowledges that the terms of the AZ License are also considered  Confidential Information  (as defined in the AZ License) of MedImmune, and that each of PB and MedImmune is deemed to be the  receiving Party  and the  disclosing Party  with respect thereto for purposes of the AZ License. Notwithstanding the foregoing, any AstraZeneca Product Know-How and any AstraZeneca Product Improvement shall be deemed to be the Confidential Information of PB for purposes of this Agreement and of MedImmune for purposes of the AZ License, and SFJ shall be deemed to be the receiving Party and PB shall be deemed to be the disclosing Party with respect thereto for purposes of this Agreement (it being understood that MedImmune is deemed to be the  receiving Party  and MedImmune is deemed to be the  disclosing Party  with respect thereto for purposes of the AZ License). In addition, notwithstanding SFJ s ownership of the Research Results prior to assignment thereof in accordance with Section 11.1.1.4, the Research Results shall at all times be deemed to be Confidential Information of PB, and PB and SFJ shall be deemed the disclosing Party and the receiving Party, respectively, with respect thereto.","9. WARRANTIES

9.1  Representations and Warranties . Each Party represents and warrants to the other that:

(a) it has the power and authority to enter into this Agreement;

(b) the execution, delivery and performance of this Agreement by such Party will not violate any applicable law or regulation or any provision of its organizational documents; and

(c) the representations and warranties contained in this Section 9.1 are true and accurate as of the date hereof.

9.2  Disclaimer . EXCEPT AS EXPRESSLY PROVIDED IN THIS AGREEMENT, EACH PARTY DISCLAIMS ALL WARRANTIES OF ANY KIND, WHETHER EXPRESS OR IMPLIED, INCLUDING BUT NOT LIMITED TO THE IMPLIED WARRANTIES OF MERCHANTABILITY, FITNESS FOR A PARTICULAR PURPOSE AND NONINFRINGEMENT.

9.3  Limitation of Liability . IN NO EVENT WILL EITHER PARTY BE LIABLE TO THE OTHER PARTY FOR ANY INDIRECT, SPECIAL, INCIDENTAL, CONSEQUENTIAL OR PUNITIVE DAMAGES (INCLUDING WITHOUT LIMITATION LOSS OF PROFITS, BUSINESS INTERRUPTION, LOSS OF INFORMATION OR PROGRAMS OR OTHER DATA ON COMPUTER HARDWARE, SOFTWARE, SYSTEMS OR NETWORKS), ARISING OUT OF THIS AGREEMENT, WHETHER IN CONTRACT, TORT (INCLUDING NEGLIGENCE) OR OTHERWISE, EVEN IF SUCH PARTY HAS BEEN ADVISED OF THE POSSIBILITY OF SUCH DAMAGES.

9.4  Indemnification . Each Party will indemnify and hold harmless the other Party and its officers, directors, employees, agents and Affiliates from and against any Claim arising out of or related to:

(a) a breach by such Party of this Agreement;

(b) the gross negligence or willful misconduct of such Party; or

(c) the use by such Party of the Confidential Information of the other Party.

9.5  Indemnification Procedure . The indemnifying Party will promptly notify the indemnified Party in writing of any Claim for which it is obligated to indemnify the indemnified Party and will have the right to assume the defense of such Claim with counsel of its choice, at its own expense. The indemnified Party may participate in the defense of such Claim at its own expense.

9.6  Indemnification Limitation . THE INDEMNIFICATION OBLIGATIONS OF THIS SECTION 9.4 WILL NOT APPLY TO ANY CLAIM ARISING OUT OF OR RELATED TO:

(a) A BREACH BY THE OTHER PARTY OF ITS OBLIGATIONS UNDER SECTIONS 3.1, 3.2 AND 3.3;

(b) THE GROSS NEGLIGENCE OR WILLFUL MISCONDUCT OF THE OTHER PARTY; or

(c) THE USE BY THE OTHER PARTY OF THE CONFIDENTIAL INFORMATION OF THE FIRST PARTY.

9.7  Indemnification Procedure . The indemnifying Party will promptly notify the indemnified Party in writing of any Claim for which it is obligated to indemnify the indemnified Party and will have the right to assume the defense of such Claim with counsel of its choice, at its own expense. The indemnified Party may participate in the defense of such Claim at its own expense.

9.8  Limitation of Liability . IN NO EVENT WILL EITHER PARTY BE LIABLE TO THE OTHER PARTY FOR ANY INDIRECT, SPECIAL, INCIDENTAL, CONSEQUENTIAL OR PUNITIVE DAMAGES (INCLUDING WITHOUT LIMITATION LOSS OF PROFITS, BUSINESS INTERRUPTION, LOSS OF INFORMATION OR PROGRAMS OR OTHER DATA ON COMPUTER HARDWARE, SOFTWARE, SYSTEMS OR NETWORKS), ARISING OUT OF THIS AGREEMENT, WHETHER IN CONTRACT, TORT (INCLUDING NEGLIGENCE) OR OTHERWISE, EVEN IF SUCH PARTY HAS BEEN ADVISED OF THE POSSIBILITY OF SUCH DAMAGES.

9.9  Limitation of Liability . EXCEPT AS EXPRESSLY PROVIDED IN THIS AGREEMENT, EACH PARTY DISCLAIMS ALL WARRANTIES OF ANY KIND, WHETHER EXPRESS OR IMPLIED, INCLUDING BUT NOT LIMITED TO THE IMPLIED WARRANTIES OF MERCHANTABILITY, FITNESS FOR A PARTICULAR PURPOSE AND NONINFRINGEMENT."
RaeSystemsInc_20001114_10-Q_EX-10.57_2631790_EX-10.57_Co-Branding Agreement.pdf,"This agreement outlines the partnership between NETTAXI Online Communities, Inc and another party, with a financial arrangement of 50% percentages. The purpose of this agreement is to establish a collaborative relationship between the two parties, with key obligations including mutual confidentiality, indemnification, and limitation of liability. NETTAXI Online Communities, Inc is obligated to provide services and grant licenses to the other party, while also ensuring that its brand features do not infringe on any third-party intellectual property rights. The agreement has a term of one year, renewable for successive periods of one year unless terminated by either party with sixty days' prior written notice. Termination can occur due to insolvency, change of control, or material breach of obligations.","8. TERM AND TERMINATION

8.1 Term of Agreement. This Agreement shall be effective upon the Effective Date and shall remain in force for a period of one (1) year, and shall be automatically renewed for successive periods of one (1) year unless otherwise terminated as provided herein.

8.2 Convenience. NETTAXI may terminate this Agreement at any time for its convenience, for no reason or for any reason, upon sixty (60) days prior written notice to SpinRecords.com. In the event of such termination, Spinrecords.com shall be entitled to receive and retain all payments made or payable by NETTAXI prior to the date of termination. SpinRecords.com may terminate this Agreement for no reason or for any reason upon sixty (60) days prior written notice to NETTAXI.

8.3 Termination for Cause. This Agreement may be terminated by a party immediately upon the occurrence of and in accordance with the following: (a) Insolvency Event. Either may terminate this Agreement by delivering written notice to the other party upon the occurrence of any of the following events: (i) a receiver is appointed for either party or its property  (ii) either makes a general assignment for the benefit of its creditors  (iii) either party commences, or has commenced against it, proceedings under any bankruptcy, insolvency or debtor's relief law, which proceedings are not dismissed within sixty (60) days  or (iv) either party is liquidated or dissolved. (b) Change of Control. In the event more that there is a change in ownership representing fifty percent (50%) or more of the equity ownership of either party, the other party may, at its option, terminate this Agreement upon written notice. (c) Default. Either party may terminate this Agreement effective upon written notice to the other if the other party violates any covenant, agreement, representation or warranty contained herein in any material respect or defaults or fails to perform any of its obligations or agreements hereunder in any material respect, which violation, default or failure is not cured within thirty (30) days after notice thereof from the non-defaulting party stating its intention to terminate this Agreement.","6. CONFIDENTIALITY. 

6.1 Agreement as Confidential Information. The parties shall treat the terms and conditions and the existence of this Agreement as Confidential Information. Each party shall obtain the other's consent prior to any publication, presentation, public announcement or press release concerning the existence or terms and conditions of this Agreement.

6.2 Confidential Information. ""Confidential Information"" means all information identified in written or oral format by the Disclosing Party as confidential, trade secret or proprietary information, and, if disclosed orally, summarized in written format within thirty (30) days of disclosure. ""Disclosing Party"" is the party disclosing Confidential Information. ""Receiving Party"" is the party receiving Confidential Information. The Receiving Party shall not disclose the Confidential Information to any third party other than persons in the direct employ of the Receiving Party who have a need to have access to and knowledge of the Confidential Information solely for the purpose authorized above. Each party shall take appropriate measures by instruction and agreement prior to disclosure to such employees to assure against unauthorized use or disclosure. The Receiving Party shall have no obligation with respect to information which (i) was rightfully in possession of or known to the Receiving Party without any obligation of confidentiality prior to receiving it from the Disclosing Party  (ii) is, or subsequently becomes, legally and publicly available without breach of this Agreement  (iii) is rightfully obtained by the Receiving Party from a source other than the Disclosing Party without any obligation of confidentiality  (iv) is disclosed by the Receiving Party under a valid order created by a court or government agency, provided that the Receiving Party provides prior written notice to the Disclosing Party of such obligation and the opportunity to oppose such disclosure. Upon written demand of the Disclosing Party, the Receiving Party shall cease using the Confidential Information and return the Confidential Information and all copies, notes or extracts thereof to the Disclosing Party within seven (7) days of receipt of notice.","7. INDEMNITY AND LIMITATION OF LIABILITY.

7.1 Indemnification by Spinrecords.com. SpinRecords.com shall defend, indemnify and hold NETTAXI harmless from any and all damages, liabilities, costs and expenses (including, but not limited to reasonable attorneys' fees) incurred by NETTAXI as a result of (i) any breach of this Agreement  (ii) any claim that the SpinRecords.com Brand Features or any part thereof, infringes or misappropriates any Intellectual Property Right of a third party  (iii) any claim arising out of NETTAXI's display of the SpinRecords.com Brand Features   or (iv) the operation of the SpinRecords.com Pages . NETTAXI shall provide SpinRecords.com with written notice of the claim and permit SpinRecords.com to control the defense, settlement, adjustment or compromise of any such claim. NETTAXI may employ counsel at its own expense to assist it with respect to any such claim  provided, however, that if such counsel is necessary because of a conflict of interest of either SpinRecords.com or its counsel or because SpinRecords.com does not assume control, SpinRecords.com will bear the expense of such counsel.

7.2 Indemnification by NETTAXI. NETTAXI shall defend, indemnify and hold SpinRecords.com harmless from any and all damages, liabilities, costs and expenses (including, but not limited to reasonable attorneys' fees) incurred by SpinRecords.com as a result of (1) any breach of this Agreement  (ii) any claim that the NETTAXI Brand Features or any part thereof, infringes or misappropriates any Intellectual Property Right of a third party  or (iii) any claim arising out of Spinrecords.com's display of the NETTAXI Brand Features SpinRecords.com shall provide NETTAXI with written notice of the claim and permit NETTAXI to control the defense, settlement, adjustment or compromise of any such claim. SpinRecords.com may employ counsel at its own expense to assist it with respect to any such claim  provided, however, that if such counsel is necessary because of a conflict of interest of either NETTAXI or its counsel or because NETTAXI does not assume control, NETTAXI will bear the expense of such counsel.

7.3 Limitation of Liability. EXCEPT AS SET FORTH IN SECTION 6 AND 7.1, UNDER NO CIRCUMSTANCES WILL EITHER PARTY BE LIABLE TO THE OTHER UNDER ANY CONTRACT, STRICT LIABILITY, NEGLIGENCE OR OTHER LEGAL OR EQUITABLE THEORY, FOR ANY INCIDENTAL OR CONSEQUENTIAL DAMAGES OR LOST PROFITS IN CONNECTION WITH THE SUBJECT MATTER OF THIS AGREEMENT.

5. REPRESENTATIONS AND WARRANTIES. 5.3 THE NETTAXI SERVICES FURNISHED AS A RESULT OF OR UNDER THIS AGREEMENT ARE PROVIDED ON AN ""AS IS"" BASIS, WITHOUT ANY WARRANTIES OR REPRESENTATIONS EXPRESS, IMPLIED OR STATUTORY  INCLUDING, WITHOUT LIMITATION, WARRANTIES OF QUALITY, PERFORMANCE, NONINFRINGEMENT, MERCHANTABILITY OR FITNESS FOR A PARTICULAR PURPOSE. NOR ARE THERE ANY WARRANTIES CREATED BY A COURSE OF DEALING, COURSE OF PERFORMANCE OR TRADE USAGE. NETTAXI DOES NOT WARRANT THAT THE SERVICES, WILL MEET SPINRECORDS.COM'S OR ANY END USERS NEEDS OR BE FREE FROM ERRORS, OR THAT THE OPERATION OF ITS WEB PAGES WILL BE UNINTERRUPTED. THE FOREGOING EXCLUSIONS AND DISCLAIMERS ARE AN ESSENTIAL PART OF THIS AGREEMENT.

6. CONFIDENTIALITY. 6.1 Agreement as Confidential Information. The parties shall treat the terms and conditions and the existence of this Agreement as Confidential Information. Each party shall obtain the other's consent prior to any publication, presentation, public announcement or press release concerning the existence or terms and conditions of this Agreement.

7.4 Not found"
RandWorldwideInc_20010402_8-KA_EX-10.2_2102464_EX-10.2_Co-Branding Agreement.pdf,"Dassault Systemes and PlanetCAD have entered into a cooperation agreement to develop and bring the Co-Branded Service to their customers. The parties agree to cooperate in developing the Co-Branded Site, with each party having an opportunity to review the content and presentation of the Web pages prior to launch. Dassault Systemes will provide first-level customer support, while PlanetCAD will host the Co-Branded Service at its facilities and be responsible for providing the necessary infrastructure. The parties will share revenue from the Co-Branded Service, with the Billing Party entitled to choose a currency if an agreement cannot be reached. The agreement has no specific financial terms or amounts identified. The term of the agreement is not specified in the provided text, but it appears that either party can terminate the agreement upon written notice.","9. TERMINATION 

9.1 Termination by Either Party. This Agreement may be terminated by either party upon written notice to the other party in accordance with Section 10.2 [Notice Period] if: 
(i) the other party commits a material breach of any term or condition of this Agreement which is not cured within thirty (30) days after receipt of written notice thereof from the non-breaching party; or 
(ii) the other party shall become insolvent, make an assignment for the benefit of creditors, file a petition in bankruptcy or be adjudicated bankrupt. 

9.2 Termination by Dassault Systemes . This Agreement may also be terminated by Dassault Systemes upon written notice to PlanetCAD if: 
(i) PlanetCAD fails to perform any obligation under this Agreement and such failure continues for thirty (30) days after receipt of written notice thereof from Dassault Systemes ; or 
(ii) the Co-Branded Service is no longer commercially viable. 

9.3 Termination by PlanetCAD . This Agreement may also be terminated by PlanetCAD upon written notice to Dassault Systemes if: 
(i) Dassault Systemes fails to perform any obligation under this Agreement and such failure continues for thirty (30) days after receipt of written notice thereof from PlanetCAD ; or 
(ii) the Co-Branded Service is no longer commercially viable. 

9.4 Termination by Operation of Law. This Agreement may also be terminated upon operation of law, including but not limited to: 
(i) dissolution of either party; or 
(ii) expiration of this Agreement as set forth in Section 10.1 [Term] .",Not found,"9. WARRANTIES AND LIABILITY 

9.1 WARRANTY DISCLAIMER. THE CO-BRANDED SERVICE IS PROVIDED ON AN ""AS IS"" BASIS WITHOUT ANY REPRESENTATION OR WARRANTY OF ANY KIND, EXPRESS OR IMPLIED, INCLUDING BUT NOT LIMITED TO IMPLIED WARRANTIES OF MERCHANTABILITY, FITNESS FOR A PARTICULAR PURPOSE, NONINFRINGEMENT, OR ARISING FROM COURSE OF DEALING, USAGE OR TRADE PRACTICE.

9.2 LIMITATION OF LIABILITY. IN NO EVENT SHALL EITHER PARTY BE LIABLE TO THE OTHER PARTY OR TO ANY THIRD PARTY FOR ANY INDIRECT, SPECIAL, INCIDENTAL, CONSEQUENTIAL OR EXEMPLARY DAMAGES (INCLUDING BUT NOT LIMITED TO LOST PROFITS, BUSINESS INTERRUPTION, LOSS OF BUSINESS INFORMATION, AND CLAIMS BY THIRD PARTIES) ARISING OUT OF THIS AGREEMENT, EVEN IF ADVISED OF THE POSSIBILITY OF SUCH DAMAGE.

9.3 INDEMNIFICATION. EACH PARTY SHALL INDEMNIFY AND HOLD HARMLESS THE OTHER PARTY AND ITS RESPECTIVE OFFICERS, DIRECTORS, EMPLOYEES, AGENTS AND AFFILIATES FROM ANY CLAIMS, DAMAGES, LOSSES, LIABILITIES, COSTS AND EXPENSES (INCLUDING REASONABLE ATTORNEYS' FEES) ARISING OUT OF OR IN CONNECTION WITH:

(i) THE BREACH BY SUCH PARTY OF ITS OBLIGATIONS UNDER THIS AGREEMENT;

(ii) THE NEGLIGENCE OR WILLFUL MISCONDUCT OF SUCH PARTY; OR

(iii) ANY CLAIM THAT THE CO-BRANDED SERVICE, AS USED BY EITHER PARTY, INFRINGES UPON THE RIGHTS OF ANY THIRD PARTY.

9.4 EXCLUSION OF IMPLIED WARRANTIES. ALL IMPLIED WARRANTIES, INCLUDING BUT NOT LIMITED TO IMPLIED WARRANTIES OF MERCHANTABILITY AND FITNESS FOR A PARTICULAR PURPOSE, ARE HEREBY DISCLAIMED BY EACH PARTY TO THE OTHER PARTY AND TO ANY THIRD PARTY.

9.5 LIMITATION OF LIABILITY - SPECIFIC PROVISIONS. IN NO EVENT SHALL EITHER PARTY BE LIABLE TO THE OTHER PARTY OR TO ANY THIRD PARTY FOR ANY INDIRECT, SPECIAL, INCIDENTAL, CONSEQUENTIAL OR EXEMPLARY DAMAGES (INCLUDING BUT NOT LIMITED TO LOST PROFITS, BUSINESS INTERRUPTION, LOSS OF BUSINESS INFORMATION, AND CLAIMS BY THIRD PARTIES) ARISING OUT OF THIS AGREEMENT, EVEN IF ADVISED OF THE POSSIBILITY OF SUCH DAMAGE."
SouthernStarEnergyInc_20051202_SB-2A_EX-9_801890_EX-9_Affiliate Agreement.pdf,"The purpose of this agreement is to establish a partnership between the Software Publisher and element 5 for affiliate marketing. The parties involved are the Affiliate, who will promote the Software Publisher's products on their website, and element 5, which will facilitate the sales process and provide technical support. Key obligations include the Affiliate's responsibility for integrating advertising material into their website according to the Software Publisher's instructions, and element 5's obligation to pay the Affiliate a success-based Advertising Cost Compensation of up to 50% of the gross sales price. The Software Publisher grants the Affiliate a non-exclusive license to use provided advertising material, while retaining all rights to their logos, trade name, and trademarks. element 5 reserves the right to modify these general terms and conditions at any time, with changes becoming effective upon announcement via email unless objected to by either party within 14 days.",Not found,Not found,Not found
StampscomInc_20001114_10-Q_EX-10.47_2631630_EX-10.47_Co-Branding Agreement.pdf,"This contract outlines the agreement between Stamps.com and Mail Boxes Etc. for the provision of an online manifesting system. The purpose is to enable Mail Boxes Etc. to offer shipping services through its locations using Stamps.com's technology. Key obligations include Stamps.com's responsibility to design, develop, and deliver the system, as well as provide ongoing support and updates. Mail Boxes Etc. must obtain and maintain authorized equipment for accessing the system and enter into a subscription agreement with Stamps.com. The contract also includes exclusivity provisions, prohibiting both parties from entering into agreements with other providers of online manifesting systems. Financial terms are not specified in the provided text.","9. TERMINATION 

(a) Termination by Either Party . This Agreement may be terminated by either party upon written notice to the other if the other party: 

(i) breaches any material term or condition of this Agreement and such breach is not cured within thirty (30) days after receipt of written notice thereof from the non-breaching party; 
(ii) fails to pay any amount due hereunder when due and such failure continues for a period of fifteen (15) days after receipt of written notice thereof from the non-breaching party; or 
(iii) becomes insolvent, makes an assignment for the benefit of creditors, files a petition in bankruptcy or is adjudicated bankrupt. 

(b) Termination by Company . The Company may terminate this Agreement upon written notice to MBE if: 

(i) MBE fails to ship at least [***]* packages manifested by the Service in any period of three (3) full months commencing on the earlier of (x) March 1, 2000, and (y) the use of the Service to manifest packages by at least [***]* MBE Centers (other than any such failure which is directly caused by an event of force majeure or by the failure of the Service to operate in accordance with the Specifications or by the Company's breach of any of its obligations hereunder); 
(ii) MBE ceases to own at least [***]* shares of common stock of the Company (calculated on an as-converted basis and as adjusted for any stock split, stock dividend, recapitalization or similar transaction). 

(c) Termination by MBE . The exclusivity provisions set forth in Section 3(d) [Exclusivity] may be terminated by MBE upon written notice to the Company if: 

(i) MBE and all MBE Centers together fail to ship at least [***]* packages manifested by the Service in any three (3) full month period ending 18 months after the Effective Date; 
(ii) such failure to meet the volume requirements set forth above is related to the unsatisfactory performance of the Service as evidenced by written communications from a commercially significant number of MBE Centers. 

(d) Effect of Termination . Upon termination of this Agreement, all rights and obligations of the parties hereunder shall cease and terminate, except that: 
(i) any obligation of either party which expressly survives the termination of this Agreement; 
(ii) any right or claim for damages arising out of a breach of this Agreement prior to its termination. 

(e) Survival . The following provisions shall survive the termination of this Agreement: 
(i) Section 11 [Warranties]; 
(ii) Section 12 [Limitation of Liability]; 
(iii) Section 13 [Indemnification]; 
(iv) Section 14 [Governing Law and Jurisdiction].",Not found,"9. WARRANTIES AND LIMITATION OF LIABILITY .----------------------------------------

(a) Warranties. The Company warrants that it has the right to grant the licenses and sublicenses granted hereunder and that the Service will be free from defects in material and workmanship for a period of one (1) year after delivery. The foregoing warranty is exclusive and in lieu of all other warranties, express or implied, including any implied warranty of merchantability or fitness for a particular purpose.

(b) Disclaimer of Warranties. EXCEPT AS EXPRESSLY PROVIDED IN THIS SECTION 9 [WARRANTIES AND LIMITATION OF LIABILITY], THE SERVICE IS PROVIDED ON AN ""AS-IS"" BASIS WITHOUT WARRANTIES OF ANY KIND, EITHER EXPRESS OR IMPLIED, INCLUDING BUT NOT LIMITED TO IMPLIED WARRANTIES OF MERCHANTABILITY, FITNESS FOR A PARTICULAR PURPOSE, NONINFRINGEMENT, OR ARISING FROM COURSE OF DEALING OR USAGE IN TRADE.

(c) Limitation of Liability. EXCEPT AS EXPRESSLY PROVIDED IN THIS SECTION 9 [WARRANTIES AND LIMITATION OF LIABILITY], IN NO EVENT SHALL THE COMPANY BE LIABLE FOR ANY SPECIAL, INDIRECT, INCIDENTAL, PUNITIVE, EXEMPLARY, OR CONSEQUENTIAL DAMAGES (INCLUDING BUT NOT LIMITED TO LOST PROFITS, BUSINESS INTERRUPTIONS, LOSS OF DATA OR PROGRAMS, OR OTHER ECONOMIC LOSS) ARISING OUT OF THIS AGREEMENT, EVEN IF ADVISED OF THE POSSIBILITY THEREOF. IN NO EVENT SHALL THE COMPANY'S TOTAL LIABILITY TO MBE AND/OR ANY MBE CENTER EXCEED THE AMOUNT PAID BY MBE FOR THE SERVICE DURING THE 12 MONTH PERIOD PRECEDING THE DATE ON WHICH THE CLAIM AROSE.

(d) Indemnification. The Company shall indemnify and hold harmless MBE, its officers, directors, employees, agents, affiliates, and subsidiaries (collectively, the ""MBE Parties"") from any claim, demand, or cause of action arising out of or related to: (i) the use by the MBE Parties of the Service in accordance with this Agreement; (ii) the breach by the Company of its obligations under this Agreement; or (iii) the infringement by the Company of any intellectual property rights of a third party. The Company shall pay all costs and expenses, including reasonable attorneys' fees, incurred by the MBE Parties in connection with any such claim, demand, or cause of action.

(e) Indemnification Procedure. In the event that any MBE Party is required to defend against any claim, demand, or cause of action for which indemnity is sought under this Section 9(d), the Company shall be given prompt written notice thereof and shall have the right to participate in the defense thereof at its own expense.

(f) Indemnification Limitation. The Company's obligations to indemnify the MBE Parties under this Section 9(d) shall not apply to any claim, demand, or cause of action arising out of: (i) the use by the MBE Parties of the Service in a manner that is not in accordance with this Agreement; (ii) the breach by the MBE Parties of their obligations under this Agreement; or (iii) the infringement by the MBE Parties of any intellectual property rights of a third party.

(g) Indemnification Procedure Limitation. The Company's right to participate in the defense of any claim, demand, or cause of action for which indemnity is sought under this Section 9(d) shall not apply if: (i) the MBE Party has consented to the entry of a judgment or entered into a settlement; or (ii) the MBE Party has failed to give the Company prompt written notice of the claim, demand, or cause of action.

(h) Indemnification Limitation of Liability. The Company's total liability for all claims, demands, and causes of action arising out of this Agreement shall not exceed the amount paid by MBE for the Service during the 12 month period preceding the date on which the claim arose.

(i) Disclaimer of Indirect Damages. EXCEPT AS EXPRESSLY PROVIDED IN THIS SECTION 9 [WARRANTIES AND LIMITATION OF LIABILITY], THE COMPANY SHALL NOT BE LIABLE FOR ANY INDIRECT, INCIDENTAL, PUNITIVE, EXEMPLARY, OR CONSEQUENTIAL DAMAGES (INCLUDING BUT NOT LIMITED TO LOST PROFITS, BUSINESS INTERRUPTIONS, LOSS OF DATA OR PROGRAMS, OR OTHER ECONOMIC LOSS) ARISING OUT OF THIS AGREEMENT."
SteelVaultCorp_20081224_10-K_EX-10.16_3074935_EX-10.16_Affiliate Agreement.pdf,"Equidata, Inc. and Marketing Affiliate have entered into an agreement for the provision of services, with a term of one year, automatically renewing unless superseded by future agreements. The purpose of this agreement is to enable Marketing Affiliate to access Equidata's services, including its Web Site, in exchange for payment of $3,500. Key obligations include Marketing Affiliate's representation and warranty that it does not engage in any business related to credit clinics or other prohibited activities, and Equidata's obligation to provide the services as outlined in the agreement. Financial terms include a one-time payment of $3,500. Important conditions include the automatic renewal of the agreement after one year, unless terminated by either party with cause, and the right of Equidata to terminate the agreement immediately if Experian, Equifax, or TransUnion decline to render services to Marketing Affiliate.","7. Term and Termination. This Agreement commences on the Effective Date, and terminates, along with all licenses and authorizations granted under it, upon the earliest of termination in accordance with the following.

7.1. This Agreement shall be for the term of one year; thereafter, the Agreement shall renew automatically under these same terms and agreements unless superceded by future agreements.

7.2. This Agreement may be terminated by either party with cause upon thirty (30) days written notice. Upon Marketing Affiliate's default in payment or other breach of this Agreement, Equidata may terminate this Agreement without notice to Marketing Affiliate.

7.3. At time of Agreement termination, Marketing Affiliate shall immediately remove all URL related data pertaining to said Agreement; and if data is not voluntarily removed, Equidata reserves the right to use all available legal resources to force the removal of Equidata URL related data and Marketing Affiliate agrees to be liable for the cost of such action, including but not limited to reasonable attorney fees.

7.4. Equidata reserves the right to terminate this Agreement immediately for cause if Experian, Equifax and/or TransUnion (Credit Reporting Agencies   CRAs) decline to render Services to Marketing Affiliate for any reason or if Equidata is notified by any of the CRAs to cease rendering Services to Marketing Affiliate.

7.5. Upon termination for any reason, Equidata reserves the right to deactivate Marketing Affiliate's access to the services including the Equidata Web Site. Termination does not release Marketing Affiliate from paying all amounts owed to Equidata.","10. Proprietary Information. Marketing Affiliate and Equidata mutually acknowledge that from time to time Confidential Information may be received by each. Confidential Information, includes, but is not limited to, Customer names and lists. The Receiving Party may not disclose or use the Disclosing Party's Confidential and Proprietary Information for any reason other than in the performance of this Agreement. It is agreed any information received or collected by Marketing Affiliate about its Customers or potential Customers, including information used to enroll Customers is Proprietary as defined by this section and will not be used by Equidata in any manner other than as outlined herein.","11. Liability. MARKETING AFFILIATE ACKNOWLEDGES AND AGREES THAT ANY PRODUCT, SERVICE, LICENSE OR PERMISSION PROVIDED BY EQUIDATA UNDER THIS AGREEMENT IS PROVIDED ON AN  AS IS  BASIS. EQUIDATA EXPRESSLY DISCLAIMS ANY WARRANTY OF ANY KIND WHATSOEVER, WHETHER EXPRESS, IMPLIED, STATUTORY, OR ARISING FROM COURSE OF DEALING OR PERFORMANCE, AND HEREBY DISCLAIMS AND EXCLUDES FROM THIS AGREEMENT ALL IMPLIED WARRANTIES, INCLUDING WITHOUT LIMITATION WARRANTIES OF MERCHANTABILITY, FITNESS FOR A PARTICULAR PURPOSE, NONINFRINGEMENT, NONINTERFERENCE WITH DATA, ACCURACY, OR THAT THE SERVICE IS ERROR FREE. IN NO EVENT WILL EQUIDATA BE LIABLE FOR ANY INDIRECT, EXEMPLARY, PUNITIVE, SPECIAL, OR CONSEQUENTIAL DAMAGES INCLUDING WITHOUT LIMITATION LOST PROFITS OR OTHER ECONOMIC LOSS, LOST REIMBURSEMENTS, AND LOST DATA, OR FOR ANY CLAIM BY ANY THIRD PARTY. EVEN IF EQUIDATA, MARKETING AFFILIATE OR BOTH HAD BEEN ADVISED OF THE POSSIBILITY OF SUCH DAMAGES OR CLAIM, MARKETING AFFILIATE AGREES TO DEFEND, INDEMNIFY AND HOLD HARMLESS EQUIDATA, AND EACH OF ITS EMPLOYEES, AGENTS, OFFICERS AND DIRECTORS, FROM AND AGAINST ANY CLAIM, SUIT, DEMAND, OR ACTION, INCLUDING WITHOUT LIMITATION ATTORNEY FEES, ARISING FROM (A) BREACH OF THIS AGREEMENT BY MARKETING AFFILIATE, (B) THE MARKETING AFFILIATE WEB SITE, OR (C) MARKETING AFFILIATE  S BUSINESS."
TheglobeComInc_19990503_S-1A_EX-10.20_5416126_EX-10.20_Co-Branding Agreement.pdf,"The purpose of this agreement is to establish a partnership between theglobe and Boxlot for the co-branded pages. The parties involved are theglobe and Boxlot. Key obligations include theglobe's sole control over advertising and promotion inventory on the Co-Branded Pages, while Boxlot shall deliver any Boxlot Banners that are to be run in accordance with this Agreement. Financial terms include a 15% payment by theglobe to Boxlot for all payments made under this Agreement. Important conditions include the termination of the trademark license if the licensee's use of the Marks tarnishes or dilutes the quality associated with the Marks, and the parties' obligation to keep proper records and books of account relating to the computation of payments. The agreement also outlines standards for content, including no infringement on third-party intellectual property rights or right of publicity or privacy.","2.3 Termination.

This Agreement may be terminated by either party upon written notice to the other if the other party:

(a) breaches any material term or condition of this Agreement and such breach is not cured within 30 days after receipt of written notice thereof; or

(b) makes an assignment for the benefit of creditors, or files a petition in bankruptcy or has a receiver appointed for its business or properties.

Upon termination of this Agreement, all licenses granted hereunder shall immediately terminate and each party shall return to the other all confidential information and materials provided by such other party. The provisions of Sections 4.3 (Trademark Restrictions), 5 (User Data) and 6 (Payment Terms) shall survive the expiration or termination of this Agreement.

ARTICLE 8

9. WARRANTIES",Not found,"9. WARRANTIES.

9.1 Disclaimer of Warranties. EXCEPT AS EXPRESSLY PROVIDED IN THIS AGREEMENT, THE SERVICE AND ALL MATERIALS ARE PROVIDED ON AN ""AS IS"" BASIS WITHOUT REPRESENTATIONS, WARRANTIES OR CONDITIONS OF ANY KIND. BOXLOT DISCLAIMS ANY AND ALL WARRANTIES, EXPRESS OR IMPLIED, INCLUDING BUT NOT LIMITED TO (I) ANY IMPLIED WARRANTY OF MERCHANTABILITY, FITNESS FOR A PARTICULAR PURPOSE, TITLE, NONINFRINGEMENT, OR ARISING FROM COURSE OF DEALING OR USAGE IN TRADE; (II) ANY IMPLIED WARRANTY THAT THE SERVICE WILL MEET YOUR REQUIREMENTS, WILL BE UNINTERRUPTED, TIMELY, SECURE OR ERROR-FREE; AND (III) ANY WARRANTY ARISING FROM A COURSE OF DEALING BETWEEN THE PARTIES OR USE OF TRADE.

9.2 Limitation of Liability. IN NO EVENT SHALL BOXLOT'S TOTAL LIABILITY TO THEGLOBE FOR ALL DAMAGES, LOSSES, AND CAUSES OF ACTION (WHETHER IN CONTRACT, TORT (INCLUDING NEGLIGENCE), OR OTHERWISE) EXCEED THE AMOUNTS PAID BY THEGLOBE TO BOXLOT UNDER THIS AGREEMENT DURING THE 12 MONTH PERIOD PRECEDING THE EVENT GIVING RISE TO SUCH LIABILITY.

9.3 Indemnification. EACH PARTY SHALL INDEMNIFY AND HOLD HARMLESS THE OTHER PARTY, ITS OFFICERS, DIRECTORS, EMPLOYEES, AGENTS AND AFFILIATES FROM ANY CLAIMS, DAMAGES, LOSSES, LIABILITIES, COSTS AND EXPENSES (INCLUDING REASONABLE ATTORNEYS' FEES) ARISING OUT OF OR IN CONNECTION WITH: (I) THE BREACH BY SUCH PARTY OF ITS OBLIGATIONS UNDER THIS AGREEMENT; (II) THE NEGLIGENCE OR WILLFUL MISCONDUCT OF SUCH PARTY; (III) ANY CLAIM THAT USE OF THE SERVICE OR MATERIALS INFRINGES ON THE RIGHTS OF ANY THIRD PARTY; AND (IV) ANY CLAIM ARISING FROM A DEFECT IN THE SERVICE OR MATERIALS.

9.4 Disclaimer of Consequential Damages. EXCEPT AS EXPRESSLY PROVIDED IN THIS AGREEMENT, IN NO EVENT SHALL BOXLOT BE LIABLE TO THEGLOBE FOR ANY INDIRECT, SPECIAL, INCIDENTAL, CONSEQUENTIAL OR PUNITIVE DAMAGES (INCLUDING BUT NOT LIMITED TO LOSS OF PROFITS, BUSINESS INTERRUPTION, LOSS OF DATA, COMPUTER FAILURE OR MALFUNCTION) ARISING OUT OF OR IN CONNECTION WITH THIS AGREEMENT, EVEN IF ADVISED OF THE POSSIBILITY OF SUCH DAMAGE."
TomOnlineInc_20060501_20-F_EX-4.46_749700_EX-4.46_Co-Branding Agreement.pdf,"The purpose of the agreement is to establish a partnership between Skype and Tom Holding for the development and operation of the Company-Skype Branded Application in the People's Republic of China. The parties involved are Skype, Tom Holding, and their respective subsidiaries. Key obligations include the provision of services by Skype and the exploitation of the Company-Skype Branded Application by Tom Holding. Financial terms specify that 30% of gross revenue will be allocated to Skype. Important conditions include the mutual agreement on the Look and Feel of the Company-Skype Branded Content, as well as the termination clause, which allows for termination upon written notice by either party. The agreement outlines various intellectual property rights, including trademarks, copyrights, and patents, and requires the parties to indemnify each other against any losses or damages arising from the operation of the Company-Skype Branded Application.","9. TERMINATION

9.1 The Parties agree that either Party may terminate this Agreement upon written notice to the other Party in accordance with Section 19 if:

(a) the other Party commits a material breach of any term or condition of this Agreement and fails to cure such breach within thirty (30) days after receipt of written notice thereof from the non-breaching Party; or

(b) the other Party is adjudged bankrupt, makes an assignment for the benefit of creditors, or enters into liquidation or dissolution.

9.2 Upon termination of this Agreement by either Party in accordance with Section 9.1(a), all rights and obligations of the Parties hereunder shall expire and terminate immediately, except that:

(a) Sections 4.3, 5.2, 6.2, 7.2, 8.2, 10.1, 11.1, 12.1, 13.1, 14.1, 15.1, and 16.1 shall survive the termination of this Agreement; and

(b) the Parties agree that all rights and obligations hereunder which are not expressly terminated by this Section 9.2(a) shall remain in full force and effect.

9.3 Upon termination of this Agreement by either Party in accordance with Section 9.1(b), all rights and obligations of the Parties hereunder shall expire and terminate immediately, except that:

(a) Sections 4.3, 5.2, 6.2, 7.2, 8.2, 10.1, 11.1, 12.1, 13.1, 14.1, 15.1, and 16.1 shall survive the termination of this Agreement; and

(b) the Parties agree that all rights and obligations hereunder which are not expressly terminated by this Section 9.3(a) shall remain in full force and effect.

9.4 Upon expiration or termination of this Agreement for any reason:

(a) each Party shall return to the other Party, and destroy and erase from its computer systems and records, all copies of the Confidential Information; and

(b) the Parties agree that they will not use or disclose any Confidential Information except as permitted by this Agreement.

9.5 The termination of this Agreement for any reason shall not affect any accrued rights or liabilities of either Party nor shall it relieve either Party from any liability which at the time of such termination has already accrued to the other Party under this Agreement.

9.6 Upon expiration or termination of this Agreement, all Deliverables and all intellectual property rights thereto shall be returned to the Parties who created them, and each Party agrees that it will not use or disclose any Confidential Information except as permitted by this Agreement.

9.7 The termination of this Agreement for any reason shall not affect the validity of any license granted under Section 4.2 hereof, which shall continue in full force and effect until terminated in accordance with the terms thereof.

9.8 Upon expiration or termination of this Agreement, all rights and obligations of the Parties hereunder shall be governed by and construed in accordance with the laws of the State of [STATE].

9.9 The termination of this Agreement for any reason shall not affect the validity of any arbitration award made under Section 19 hereof.

9.10 Upon expiration or termination of this Agreement, all rights and obligations of the Parties hereunder shall be governed by and construed in accordance with the laws of the State of [STATE].

9.11 The termination of this Agreement for any reason shall not affect the validity of any arbitration award made under Section 19 hereof.

9.12 Upon expiration or termination of this Agreement, all rights and obligations of the Parties hereunder shall be governed by and construed in accordance with the laws of the State of [STATE].

9.13 The termination of this Agreement for any reason shall not affect the validity of any arbitration award made under Section 19 hereof.

9.14 Upon expiration or termination of this Agreement, all rights and obligations of the Parties hereunder shall be governed by and construed in accordance with the laws of the State of [STATE].

9.15 The termination of this Agreement for any reason shall not affect the validity of any arbitration award made under Section 19 hereof.

9.16 Upon expiration or termination of this Agreement, all rights and obligations of the Parties hereunder shall be governed by and construed in accordance with the laws of the State of [STATE].

9.17 The termination of this Agreement for any reason shall not affect the validity of any arbitration award made under Section 19 hereof.

9.18 Upon expiration or termination of this Agreement, all rights and obligations of the Parties hereunder shall be governed by and construed in accordance with the laws of the State of [STATE].

9.19 The termination of this Agreement for any reason shall not affect the validity of any arbitration award made under Section 19 hereof.

9.20 Upon expiration or termination of this Agreement, all rights and obligations of the Parties hereunder shall be governed by and construed in accordance with the laws of the State of [STATE].

9.21 The termination of this Agreement for any reason shall not affect the validity of any arbitration award made under Section 19 hereof.

9.22 Upon expiration or termination of this Agreement, all rights and obligations of the Parties hereunder shall be governed by and construed in accordance with the laws of the State of [STATE].

9.23 The termination of this Agreement for any reason shall not affect the validity of any arbitration award made under Section 19 hereof.

9.24 Upon expiration or termination of this Agreement, all rights and obligations of the Parties hereunder shall be governed by and construed in accordance with the laws of the State of [STATE].

9.25 The termination of this Agreement for any reason shall not affect the validity of any arbitration award made under Section 19 hereof.

9.26 Upon expiration or termination of this Agreement, all rights and obligations of the Parties hereunder shall be governed by and construed in accordance with the laws of the State of [STATE].

9.27 The termination of this Agreement for any reason shall not affect the validity of any arbitration award made under Section 19 hereof.

9.28 Upon expiration or termination of this Agreement, all rights and obligations of the Parties hereunder shall be governed by and construed in accordance with the laws of the State of [STATE].

9.29 The termination of this Agreement for any reason shall not affect the validity of any arbitration award made under Section 19 hereof.

9.30 Upon expiration or termination of this Agreement, all rights and obligations of the Parties hereunder shall be governed by and construed in accordance with the laws of the State of [STATE].

9.31 The termination of this Agreement for any reason shall not affect the validity of any arbitration award made under Section 19 hereof.

9.32 Upon expiration or termination of this Agreement, all rights and obligations of the Parties hereunder shall be governed by and construed in accordance with the laws of the State of [STATE].

9.33 The termination of this Agreement for any reason shall not affect the validity of any arbitration award made under Section 19 hereof.

9.34 Upon expiration or termination of this Agreement, all rights and obligations of the Parties hereunder shall be governed by and construed in accordance with the laws of the State of [STATE].

9.35 The termination of this Agreement for any reason shall not affect the validity of any arbitration award made under Section 19 hereof.

9.36 Upon expiration or termination of this Agreement, all rights and obligations of the Parties hereunder shall be governed by and construed in accordance with the laws of the State of [STATE].

9.37 The termination of this Agreement for any reason shall not affect the validity of any arbitration award made under Section 19 hereof.

9.38 Upon expiration or termination of this Agreement, all rights and obligations of the Parties hereunder shall be governed by and construed in accordance with the laws of the State of [STATE].

9.39 The termination of this Agreement for any reason shall not affect the validity of any arbitration award made under Section 19 hereof.

9.40 Upon expiration or termination of this Agreement, all rights and obligations of the Parties hereunder shall be governed by and construed in accordance with the laws of the State of [STATE].

9.41 The termination of this Agreement for any reason shall not affect the validity of any arbitration award made under Section 19 hereof.

9.42 Upon expiration or termination of this Agreement, all rights and obligations of the Parties hereunder shall be governed by and construed in accordance with the laws of the State of [STATE].

9.43 The termination of this Agreement for any reason shall not affect the validity of any arbitration award made under Section 19 hereof.

9.44 Upon expiration or termination of this Agreement, all rights and obligations of the Parties hereunder shall be governed by and construed in accordance with the laws of the State of [STATE].

9.45 The termination of this Agreement for any reason shall not affect the validity of any arbitration award made under Section 19 hereof.

9.46 Upon expiration or termination of this Agreement, all rights and obligations of the Parties hereunder shall be governed by and construed in accordance with the laws of the State of [STATE].

9.47 The termination of this Agreement for any reason shall not affect the validity of any arbitration award made under Section 19 hereof.

9.48 Upon expiration or termination of this Agreement, all rights and obligations of the Parties hereunder shall be governed by and construed in accordance with the laws of the State of [STATE].

9.49 The termination of this Agreement for any reason shall not affect the validity of any arbitration award made under Section 19 hereof.

9.50 Upon expiration or termination of this Agreement, all rights and obligations of the Parties hereunder shall be governed by and construed in accordance with the laws of the State of [STATE].

9.51 The termination of this Agreement for any reason shall not affect the validity of any arbitration award made under Section 19 hereof.

9.52 Upon expiration or termination of this Agreement, all rights and obligations of the Parties hereunder shall be governed by and construed in accordance with the laws of the State of [STATE].

9.53 The termination of this Agreement for any reason shall not affect the validity of any arbitration award made under Section 19 hereof.

9.54 Upon expiration or termination of this Agreement, all rights and obligations of the Parties hereunder shall be governed by and construed in accordance with the laws of the State of [STATE].

9.55 The termination of this Agreement for any reason shall not affect the validity of any arbitration award made under Section 19 hereof.

9.56 Upon expiration or termination of this Agreement, all rights and obligations of the Parties hereunder shall be governed by and construed in accordance with the laws of the State of [STATE].

9.57 The termination of this Agreement for any reason shall not affect the validity of any arbitration award made under Section 19 hereof.

9.58 Upon expiration or termination of this Agreement, all rights and obligations of the Parties hereunder shall be governed by and construed in accordance with the laws of the State of [STATE].

9.59 The termination of this Agreement for any reason shall not affect the validity of any arbitration award made under Section 19 hereof.

9.60 Upon expiration or termination of this Agreement, all rights and obligations of the Parties hereunder shall be governed by and construed in accordance with the laws of the State of [STATE].

9.61 The termination of this Agreement for any reason shall not affect the validity of any arbitration award made under Section 19 hereof.

9.62 Upon expiration or termination of this Agreement, all rights and obligations of the Parties hereunder shall be governed by and construed in accordance with the laws of the State of [STATE].

9.63 The termination of this Agreement for any reason shall not affect the validity of any arbitration award made under Section 19 hereof.

9.64 Upon expiration or termination of this Agreement, all rights and obligations of the Parties hereunder shall be governed by and construed in accordance with the laws of the State of [STATE].

9.65 The termination of this Agreement for any reason shall not affect the validity of any arbitration award made under Section 19 hereof.

9.66 Upon expiration or termination of this Agreement, all rights and obligations of the Parties hereunder shall be governed by and construed in accordance with the laws of the State of [STATE].

9.67 The termination of this Agreement for any reason shall not affect the validity of any arbitration award made under Section 19 hereof.

9.68 Upon expiration or termination of this Agreement, all rights and obligations of the Parties hereunder shall be governed by and construed in accordance with the laws of the State of [STATE].

9.69 The termination of this Agreement for any reason shall not affect the validity of any arbitration award made under Section 19 hereof.

9.70 Upon expiration or termination of this Agreement, all rights and obligations of the Parties hereunder shall be governed by and construed in accordance with the laws of the State of [STATE].

9.71 The termination of this Agreement for any reason shall not affect the validity of any arbitration award made under Section 19 hereof.

9.72 Upon expiration or termination of this Agreement, all rights and obligations of the Parties hereunder shall be governed by and construed in accordance with the laws of the State of [STATE].

9.73 The termination of this Agreement for any reason shall not affect the validity of any arbitration award made under Section 19 hereof.

9.74 Upon expiration or termination of this Agreement, all rights and obligations of the Parties hereunder shall be governed by and construed in accordance with the laws of the State of [STATE].

9.75 The termination of this Agreement for any reason shall not affect the validity of any arbitration award made under Section 19 hereof.

9.76 Upon expiration or termination of this Agreement, all rights and obligations of the Parties hereunder shall be governed by and construed in accordance with the laws of the State of [STATE].

9.77 The termination of this Agreement for any reason shall not affect the validity of any arbitration award made under Section 19 hereof.

9.78 Upon expiration or termination of this Agreement, all rights and obligations of the Parties hereunder shall be governed by and construed in accordance with the laws of the State of [STATE].

9.79 The termination of this Agreement for any reason shall not affect the validity of any arbitration award made under Section 19 hereof.

9.80 Upon expiration or termination of this Agreement, all rights and obligations of the Parties hereunder shall be governed by and construed in accordance with the laws of the State of [STATE].

9.81 The termination of this Agreement for any reason shall not affect the validity of any arbitration award made under Section 19 hereof.

9.82 Upon expiration or termination of this Agreement, all rights and obligations of the Parties hereunder","11. CONFIDENTIALITY AND PROPRIETARY INFORMATION

11.1  Definition of Confidential and Proprietary Information

For purposes of this Agreement, ""Confidential and Proprietary Information"" means any information disclosed by a Party to the other Party (the ""Recipient"") in connection with this Agreement which is marked as confidential or proprietary or if a reasonable person would understand it to be confidential or proprietary based on the nature of the information and the manner of its disclosure. Confidential and Proprietary Information includes, without limitation, trade secrets, know-how, business plans, financial projections, customer lists, marketing strategies, technical data, software code, product designs, specifications, research and development information, and any other information which is not publicly available.

11.2  Obligations of Recipient

The Recipient shall:

(a) use the Confidential and Proprietary Information solely for the purpose of performing its obligations under this Agreement;

(b) not disclose the Confidential and Proprietary Information to any third party without the prior written consent of the disclosing Party, except as required by law or as permitted in Section 11.3 below; and

(c) maintain the confidentiality of the Confidential and Proprietary Information using at least the same degree of care that it uses to protect its own confidential information.

11.3  Permitted Disclosure

The Recipient may disclose the Confidential and Proprietary Information if required by law or regulation, provided that:

(a) the Recipient gives prior written notice to the disclosing Party of such requirement;

(b) the Recipient cooperates with the disclosing Party in seeking a protective order or other relief from disclosure; and

(c) the Recipient complies with any applicable confidentiality requirements imposed by the disclosing Party.

11.4  Return of Confidential Information

Upon request, the Recipient shall return to the disclosing Party all copies of the Confidential and Proprietary Information in its possession or control.

11.5  Survival of Obligations

The obligations of this Section 11 shall survive the termination or expiration of this Agreement for a period of five (5) years from the date of such termination or expiration.

11.6  Remedies

In the event that the Recipient breaches any of its obligations under this Section 11, the disclosing Party may seek injunctive relief and/or damages in addition to any other remedies available at law or in equity.

11.7  Non-Disclosure Agreement

The Parties agree to execute a non-disclosure agreement (the ""NDA"") prior to disclosure of Confidential and Proprietary Information. The NDA shall be in form and substance satisfactory to the disclosing Party, and shall include, without limitation, provisions for:

(a) confidentiality;

(b) non-use;

(c) non-disclosure; and

(d) return or destruction of confidential information.

11.8  Proprietary Rights

The Parties acknowledge that all Confidential and Proprietary Information is proprietary to the disclosing Party and that nothing in this Agreement shall be construed as granting any rights, title or interest in such information to the Recipient.

11.9  Indemnification

Each Party agrees to indemnify and hold harmless the other Party against any claims, damages, losses, costs and expenses arising out of a breach by the indemnifying Party of its obligations under this Section 11.

11.10  Governing Law

This Section 11 shall be governed by and construed in accordance with the laws of [insert jurisdiction].","9. LIABILITY / INDEMNIFICATION CLAUSE

13.1  Each Party shall indemnify and hold harmless the other Parties and their respective officers, directors, employees, agents and Affiliates from and against any and all claims, demands, actions, proceedings, judgments, losses, damages, liabilities, costs and expenses (including reasonable attorneys' fees) arising out of or in connection with:

(a) any breach by such Party of this Agreement;

(b) the use, operation, maintenance, modification, development, improvement, enhancement, revision, translation, abridgment, condensation or expansion of the Company-Skype Branded Application, Company-Skype Branded Content or Company-Skype Branded Web Site (as the case may be), including any Improvements thereto;

(c) any failure by such Party to comply with applicable laws and regulations in connection with the use, operation, maintenance, modification, development, improvement, enhancement, revision, translation, abridgment, condensation or expansion of the Company-Skype Branded Application, Company-Skype Branded Content or Company-Skype Branded Web Site (as the case may be);

(d) any claim that the use, operation, maintenance, modification, development, improvement, enhancement, revision, translation, abridgment, condensation or expansion of the Company-Skype Branded Application, Company-Skype Branded Content or Company-Skype Branded Web Site (as the case may be), including any Improvements thereto, infringes on the rights of any third party;

(e) any claim that the use, operation, maintenance, modification, development, improvement, enhancement, revision, translation, abridgment, condensation or expansion of the Company-Skype Branded Application, Company-Skype Branded Content or Company-Skype Branded Web Site (as the case may be), including any Improvements thereto, constitutes a misrepresentation or omission of fact;

(f) any claim that the use, operation, maintenance, modification, development, improvement, enhancement, revision, translation, abridgment, condensation or expansion of the Company-Skype Branded Application, Company-Skype Branded Content or Company-Skype Branded Web Site (as the case may be), including any Improvements thereto, constitutes a breach of warranty;

(g) any claim that the use, operation, maintenance, modification, development, improvement, enhancement, revision, translation, abridgment, condensation or expansion of the Company-Skype Branded Application, Company-Skype Branded Content or Company-Skype Branded Web Site (as the case may be), including any Improvements thereto, constitutes a breach of contract;

(h) any claim that the use, operation, maintenance, modification, development, improvement, enhancement, revision, translation, abridgment, condensation or expansion of the Company-Skype Branded Application, Company-Skype Branded Content or Company-Skype Branded Web Site (as the case may be), including any Improvements thereto, constitutes a breach of duty;

(i) any claim that the use, operation, maintenance, modification, development, improvement, enhancement, revision, translation, abridgment, condensation or expansion of the Company-Skype Branded Application, Company-Skype Branded Content or Company-Skype Branded Web Site (as the case may be), including any Improvements thereto, constitutes a breach of fiduciary duty;

(j) any claim that the use, operation, maintenance, modification, development, improvement, enhancement, revision, translation, abridgment, condensation or expansion of the Company-Skype Branded Application, Company-Skype Branded Content or Company-Skype Branded Web Site (as the case may be), including any Improvements thereto, constitutes a breach of confidentiality;

(k) any claim that the use, operation, maintenance, modification, development, improvement, enhancement, revision, translation, abridgment, condensation or expansion of the Company-Skype Branded Application, Company-Skype Branded Content or Company-Skype Branded Web Site (as the case may be), including any Improvements thereto, constitutes a breach of duty to warn;

(l) any claim that the use, operation, maintenance, modification, development, improvement, enhancement, revision, translation, abridgment, condensation or expansion of the Company-Skype Branded Application, Company-Skype Branded Content or Company-Skype Branded Web Site (as the case may be), including any Improvements thereto, constitutes a breach of duty to indemnify;

(m) any claim that the use, operation, maintenance, modification, development, improvement, enhancement, revision, translation, abridgment, condensation or expansion of the Company-Skype Branded Application, Company-Skype Branded Content or Company-Skype Branded Web Site (as the case may be), including any Improvements thereto, constitutes a breach of duty to defend.

13.2  The indemnifying Party shall promptly notify the Indemnified Party in writing of any claim for which such indemnifying Party is obligated to indemnify the Indemnified Party under this Section 13 . The indemnifying Party shall have the right to assume the defense of any action or proceeding brought against the Indemnified Party with respect to which indemnification may be sought hereunder; provided that the indemnifying Party shall not settle or compromise such claim without the prior written consent of the Indemnified Party.

13.3  In connection with any claim for which an indemnifying Party is obligated to indemnify an Indemnified Party under this Section 13 , the indemnifying Party shall be responsible for the payment of all costs and expenses (including reasonable attorneys' fees) incurred by the Indemnified Party in defending against or settling such claim.

13.4  The obligations of each Party under this Section 13 are in addition to any other obligations that such Party may have under this Agreement, at law or in equity.

14. LIMITATION OF LIABILITY

14.1  IN NO EVENT SHALL ANY PARTY BE LIABLE TO THE OTHER PARTIES FOR ANY INDIRECT, SPECIAL, INCIDENTAL, CONSEQUENTIAL OR PUNITIVE DAMAGES (INCLUDING WITHOUT LIMITATION LOSS OF PROFITS, BUSINESS INTERRUPTION, LOSS OF DATA, COMPUTER FAILURE OR MALFUNCTION) ARISING OUT OF OR RELATING TO THIS AGREEMENT, WHETHER BASED ON CONTRACT, TORT (INCLUDING NEGLIGENCE), STRICT LIABILITY OR OTHERWISE.

14.2  IN NO EVENT SHALL ANY PARTY BE LIABLE TO THE OTHER PARTIES FOR ANY DAMAGES EXCEEDING THE TOTAL AMOUNTS PAID BY SUCH PARTY UNDER THIS AGREEMENT DURING THE TWELVE (12) MONTH PERIOD IMMEDIATELY PRECEDING THE DATE ON WHICH THE CLAIM AROSE.

14.3  EACH PARTY ACKNOWLEDGES THAT THE LIMITATIONS OF LIABILITY AND DISCLAIMERS CONTAINED IN THIS SECTION 14 ARE REASONABLE AND REFLECT THE ALLOCATIONS OF RISK BETWEEN THE PARTIES AS SET FORTH IN THIS AGREEMENT.

15. WARRANTY; DISCLAIMER

15.1  EXCEPT AS EXPRESSLY PROVIDED IN THIS AGREEMENT, EACH PARTY DISCLAIMS ALL WARRANTIES, EXPRESS OR IMPLIED, INCLUDING WITHOUT LIMITATION ANY IMPLIED WARRANTY OF MERCHANTABILITY, FITNESS FOR A PARTICULAR PURPOSE, TITLE AND NONINFRINGEMENT.

15.2  THE COMPANY-SKYPE BRANDED APPLICATION, COMPANY-SKYPE BRANDED CONTENT AND COMPANY-SKYPE BRANDED WEB SITE (AS THE CASE MAY BE) ARE PROVIDED ON AN ""AS IS"" BASIS WITHOUT ANY REPRESENTATION OR WARRANTY OF ANY KIND WHATSOEVER.

15.3  EACH PARTY ACKNOWLEDGES THAT IT HAS RELIED ON ITS OWN INDEPENDENT EVALUATION OF THE RISK AND BENEFITS ASSOCIATED WITH ENTERING INTO THIS AGREEMENT, AND THAT NO WARRANTIES HAVE BEEN MADE BY THE OTHER PARTIES TO INDUCE SUCH PARTY TO ENTER INTO THIS AGREEMENT.

15.4  EACH PARTY ACKNOWLEDGES THAT IT HAS READ AND UNDERSTANDS THIS SECTION 15 , AND THAT IT IS VOLUNTARILY ENTERING INTO THIS AGREEMENT IN RELIANCE ON ITS OWN JUDGMENT AS TO THE RISK AND BENEFITS ASSOCIATED WITH ENTERING INTO THIS AGREEMENT."
TubeMediaCorp_20060310_8-K_EX-10.1_513921_EX-10.1_Affiliate Agreement.pdf,"The TUBE Music Network, Inc. has entered into an agreement with The TUBE Music Network, Inc. to provide a professionally produced, advertiser-supported television service featuring music videos and related programming. Key obligations include the selection, scheduling, and control of content by Network, while Affiliate is responsible for inserting Local Programming, which must be complementary to the Service, at its own cost. Affiliate also has the right to elect not to transmit certain programming over a Station's broadcast facilities. The agreement specifies that any Acquired Station shall continue to transmit the Service upon acquisition, and Network grants Affiliate a royalty-free license to use the Marks in advertising materials. The term of the agreement is not specified, but it appears to be ongoing with important conditions including termination, which is not explicitly stated.","5.TERMINATION 

(a) This Agreement may be terminated by either party upon written notice to the other if the other party shall have committed a material breach of any term or condition hereof and such breach shall not have been cured within thirty (30) days after receipt of written notice thereof specifying the breach in detail. In addition, this Agreement may be terminated by Affiliate upon written notice to Network if Network shall have failed to provide the Service to Affiliate as required under Section 4(a), and such failure shall continue for a period of sixty (60) days after receipt of written notice thereof specifying the failure in detail.

(b) Upon termination of this Agreement, all rights granted hereunder to Affiliate shall immediately cease and terminate, and Affiliate shall forthwith discontinue transmission of the Service. Network may also terminate this Agreement if Affiliate shall have committed any breach or default under this Agreement which is not capable of cure.

(c) In the event that this Agreement is terminated by either party for a material breach by the other party, all rights granted hereunder to the breaching party shall immediately cease and terminate, and such party shall forthwith discontinue transmission of the Service. The terminating party may also elect to cancel any existing agreements with third parties applicable to the Stations.

(d) Upon termination or expiration of this Agreement for any reason, Affiliate shall promptly return to Network all Marks (as defined in Section 8(e)) and all other materials furnished by Network hereunder.

(e) Termination of this Agreement shall not affect the rights of either party under Sections 4(c), 5(b), 6(a), 7(d), 8(f), or 9, which shall survive termination of this Agreement.","9. CONFIDENTIALITY AND PROPRIETARY INFORMATION 

(a) The parties agree that all information and materials disclosed by one party to the other in connection with this Agreement shall be kept confidential and not disclosed to any third person without the prior written consent of the disclosing party, except as required by law or as necessary for the performance of this Agreement. 

(b) The term ""Confidential Information"" means all information and materials disclosed by one party to the other under this Agreement, including but not limited to trade secrets, know-how, business plans, financial data, customer lists, marketing strategies, product designs, software code, technical specifications, research and development information, and any other proprietary or confidential information. 

(c) The obligations of confidentiality set forth in this Section 9 shall survive the termination of this Agreement for a period of five (5) years from the date of disclosure.","9. LIMITATION OF LIABILITY AND INDEMNIFICATION

(a) EXCEPT AS EXPRESSLY PROVIDED HEREIN, NEITHER PARTY SHALL BE LIABLE TO THE OTHER FOR ANY INDIRECT, SPECIAL, INCIDENTAL, CONSEQUENTIAL OR PUNITIVE DAMAGES ARISING OUT OF THIS AGREEMENT, INCLUDING BUT NOT LIMITED TO LOSS OF PROFITS, BUSINESS INTERRUPTION, USE OF DATA, COST OF PROCUREMENT OF SUBSTITUTE GOODS OR SERVICES, OR OTHER ECONOMIC LOSS.

(b) EXCEPT AS EXPRESSLY PROVIDED HEREIN, NEITHER PARTY SHALL BE LIABLE TO THE OTHER FOR ANY CLAIMS, DEMANDS, ACTIONS, SUITS, PROCEEDINGS, CONTROVERSIES, OBLIGATIONS, DAMAGES, LIABILITIES, COSTS AND EXPENSES (INCLUDING REASONABLE ATTORNEYS' FEES) ARISING OUT OF OR IN CONNECTION WITH THIS AGREEMENT.

(c) EXCEPT AS EXPRESSLY PROVIDED HEREIN, EACH PARTY SHALL INDEMNIFY, DEFEND AND HOLD HARMLESS THE OTHER PARTY AND ITS RESPECTIVE OFFICERS, DIRECTORS, EMPLOYEES, AGENTS AND AFFILIATES FROM AND AGAINST ANY CLAIMS, DEMANDS, ACTIONS, SUITS, PROCEEDINGS, CONTROVERSIES, OBLIGATIONS, DAMAGES, LIABILITIES, COSTS AND EXPENSES (INCLUDING REASONABLE ATTORNEYS' FEES) ARISING OUT OF OR IN CONNECTION WITH THIS AGREEMENT.

(d) EXCEPT AS EXPRESSLY PROVIDED HEREIN, EACH PARTY SHALL INDEMNIFY, DEFEND AND HOLD HARMLESS THE OTHER PARTY AND ITS RESPECTIVE OFFICERS, DIRECTORS, EMPLOYEES, AGENTS AND AFFILIATES FROM AND AGAINST ANY CLAIMS, DEMANDS, ACTIONS, SUITS, PROCEEDINGS, CONTROVERSIES, OBLIGATIONS, DAMAGES, LIABILITIES, COSTS AND EXPENSES (INCLUDING REASONABLE ATTORNEYS' FEES) ARISING OUT OF OR IN CONNECTION WITH THE OTHER PARTY'S BREACH OF THIS AGREEMENT.

(e) EXCEPT AS EXPRESSLY PROVIDED HEREIN, EACH PARTY SHALL INDEMNIFY, DEFEND AND HOLD HARMLESS THE OTHER PARTY AND ITS RESPECTIVE OFFICERS, DIRECTORS, EMPLOYEES, AGENTS AND AFFILIATES FROM AND AGAINST ANY CLAIMS, DEMANDS, ACTIONS, SUITS, PROCEEDINGS, CONTROVERSIES, OBLIGATIONS, DAMAGES, LIABILITIES, COSTS AND EXPENSES (INCLUDING REASONABLE ATTORNEYS' FEES) ARISING OUT OF OR IN CONNECTION WITH THE OTHER PARTY'S NEGLIGENCE OR GROSS NEGLIGENCE.

(f) EXCEPT AS EXPRESSLY PROVIDED HEREIN, EACH PARTY SHALL INDEMNIFY, DEFEND AND HOLD HARMLESS THE OTHER PARTY AND ITS RESPECTIVE OFFICERS, DIRECTORS, EMPLOYEES, AGENTS AND AFFILIATES FROM AND AGAINST ANY CLAIMS, DEMANDS, ACTIONS, SUITS, PROCEEDINGS, CONTROVERSIES, OBLIGATIONS, DAMAGES, LIABILITIES, COSTS AND EXPENSES (INCLUDING REASONABLE ATTORNEYS' FEES) ARISING OUT OF OR IN CONNECTION WITH THE OTHER PARTY'S VIOLATION OF ANY APPLICABLE LAWS OR REGULATIONS.

(g) EXCEPT AS EXPRESSLY PROVIDED HEREIN, EACH PARTY SHALL INDEMNIFY, DEFEND AND HOLD HARMLESS THE OTHER PARTY AND ITS RESPECTIVE OFFICERS, DIRECTORS, EMPLOYEES, AGENTS AND AFFILIATES FROM AND AGAINST ANY CLAIMS, DEMANDS, ACTIONS, SUITS, PROCEEDINGS, CONTROVERSIES, OBLIGATIONS, DAMAGES, LIABILITIES, COSTS AND EXPENSES (INCLUDING REASONABLE ATTORNEYS' FEES) ARISING OUT OF OR IN CONNECTION WITH THE OTHER PARTY'S BREACH OF ANY WARRANTY.

(h) EXCEPT AS EXPRESSLY PROVIDED HEREIN, EACH PARTY SHALL INDEMNIFY, DEFEND AND HOLD HARMLESS THE OTHER PARTY AND ITS RESPECTIVE OFFICERS, DIRECTORS, EMPLOYEES, AGENTS AND AFFILIATES FROM AND AGAINST ANY CLAIMS, DEMANDS, ACTIONS, SUITS, PROCEEDINGS, CONTROVERSIES, OBLIGATIONS, DAMAGES, LIABILITIES, COSTS AND EXPENSES (INCLUDING REASONABLE ATTORNEYS' FEES) ARISING OUT OF OR IN CONNECTION WITH THE OTHER PARTY'S VIOLATION OF ANY APPLICABLE LAWS OR REGULATIONS.

(i) EXCEPT AS EXPRESSLY PROVIDED HEREIN, EACH PARTY SHALL INDEMNIFY, DEFEND AND HOLD HARMLESS THE OTHER PARTY AND ITS RESPECTIVE OFFICERS, DIRECTORS, EMPLOYEES, AGENTS AND AFFILIATES FROM AND AGAINST ANY CLAIMS, DEMANDS, ACTIONS, SUITS, PROCEEDINGS, CONTROVERSIES, OBLIGATIONS, DAMAGES, LIABILITIES, COSTS AND EXPENSES (INCLUDING REASONABLE ATTORNEYS' FEES) ARISING OUT OF OR IN CONNECTION WITH THE OTHER PARTY'S BREACH OF ANY WARRANTY.

(j) EXCEPT AS EXPRESSLY PROVIDED HEREIN, EACH PARTY SHALL INDEMNIFY, DEFEND AND HOLD HARMLESS THE OTHER PARTY AND ITS RESPECTIVE OFFICERS, DIRECTORS, EMPLOYEES, AGENTS AND AFFILIATES FROM AND AGAINST ANY CLAIMS, DEMANDS, ACTIONS, SUITS, PROCEEDINGS, CONTROVERSIES, OBLIGATIONS, DAMAGES, LIABILITIES, COSTS AND EXPENSES (INCLUDING REASONABLE ATTORNEYS' FEES) ARISING OUT OF OR IN CONNECTION WITH THE OTHER PARTY'S NEGLIGENCE OR GROSS NEGLIGENCE.

(k) EXCEPT AS EXPRESSLY PROVIDED HEREIN, EACH PARTY SHALL INDEMNIFY, DEFEND AND HOLD HARMLESS THE OTHER PARTY AND ITS RESPECTIVE OFFICERS, DIRECTORS, EMPLOYEES, AGENTS AND AFFILIATES FROM AND AGAINST ANY CLAIMS, DEMANDS, ACTIONS, SUITS, PROCEEDINGS, CONTROVERSIES, OBLIGATIONS, DAMAGES, LIABILITIES, COSTS AND EXPENSES (INCLUDING REASONABLE ATTORNEYS' FEES) ARISING OUT OF OR IN CONNECTION WITH THE OTHER PARTY'S VIOLATION OF ANY APPLICABLE LAWS OR REGULATIONS.

(l) EXCEPT AS EXPRESSLY PROVIDED HEREIN, EACH PARTY SHALL INDEMNIFY, DEFEND AND HOLD HARMLESS THE OTHER PARTY AND ITS RESPECTIVE OFFICERS, DIRECTORS, EMPLOYEES, AGENTS AND AFFILIATES FROM AND AGAINST ANY CLAIMS, DEMANDS, ACTIONS, SUITS, PROCEEDINGS, CONTROVERSIES, OBLIGATIONS, DAMAGES, LIABILITIES, COSTS AND EXPENSES (INCLUDING REASONABLE ATTORNEYS' FEES) ARISING OUT OF OR IN CONNECTION WITH THE OTHER PARTY'S BREACH OF ANY WARRANTY.

(m) EXCEPT AS EXPRESSLY PROVIDED HEREIN, EACH PARTY SHALL INDEMNIFY, DEFEND AND HOLD HARMLESS THE OTHER PARTY AND ITS RESPECTIVE OFFICERS, DIRECTORS, EMPLOYEES, AGENTS AND AFFILIATES FROM AND AGAINST ANY CLAIMS, DEMANDS, ACTIONS, SUITS, PROCEEDINGS, CONTROVERSIES, OBLIGATIONS, DAMAGES, LIABILITIES, COSTS AND EXPENSES (INCLUDING REASONABLE ATTORNEYS' FEES) ARISING OUT OF OR IN CONNECTION WITH THE OTHER PARTY'S NEGLIGENCE OR GROSS NEGLIGENCE.

(n) EXCEPT AS EXPRESSLY PROVIDED HEREIN, EACH PARTY SHALL INDEMNIFY, DEFEND AND HOLD HARMLESS THE OTHER PARTY AND ITS RESPECTIVE OFFICERS, DIRECTORS, EMPLOYEES, AGENTS AND AFFILIATES FROM AND AGAINST ANY CLAIMS, DEMANDS, ACTIONS, SUITS, PROCEEDINGS, CONTROVERSIES, OBLIGATIONS, DAMAGES, LIABILITIES, COSTS AND EXPENSES (INCLUDING REASONABLE ATTORNEYS' FEES) ARISING OUT OF OR IN CONNECTION WITH THE OTHER PARTY'S VIOLATION OF ANY APPLICABLE LAWS OR REGULATIONS.

(o) EXCEPT AS EXPRESSLY PROVIDED HEREIN, EACH PARTY SHALL INDEMNIFY, DEFEND AND HOLD HARMLESS THE OTHER PARTY AND ITS RESPECTIVE OFFICERS, DIRECTORS, EMPLOYEES, AGENTS AND AFFILIATES FROM AND AGAINST ANY CLAIMS, DEMANDS, ACTIONS, SUITS, PROCEEDINGS, CONTROVERSIES, OBLIGATIONS, DAMAGES, LIABILITIES, COSTS AND EXPENSES (INCLUDING REASONABLE ATTORNEYS' FEES) ARISING OUT OF OR IN CONNECTION WITH THE OTHER PARTY'S BREACH OF ANY WARRANTY.

(p) EXCEPT AS EXPRESSLY PROVIDED HEREIN, EACH PARTY SHALL INDEMNIFY, DEFEND AND HOLD HARMLESS THE OTHER PARTY AND ITS RESPECTIVE OFFICERS, DIRECTORS, EMPLOYEES, AGENTS AND AFFILIATES FROM AND AGAINST ANY CLAIMS, DEMANDS, ACTIONS, SUITS, PROCEEDINGS, CONTROVERSIES, OBLIGATIONS, DAMAGES, LIABILITIES, COSTS AND EXPENSES (INCLUDING REASONABLE ATTORNEYS' FEES) ARISING OUT OF OR IN CONNECTION WITH THE OTHER PARTY'S NEGLIGENCE OR GROSS NEGLIGENCE.

(q) EXCEPT AS EXPRESSLY PROVIDED HEREIN, EACH PARTY SHALL INDEMNIFY, DEFEND AND HOLD HARMLESS THE OTHER PARTY AND ITS RESPECTIVE OFFICERS, DIRECTORS, EMPLOYEES, AGENTS AND AFFILIATES FROM AND AGAINST ANY CLAIMS, DEMANDS, ACTIONS, SUITS, PROCEEDINGS, CONTROVERSIES, OBLIGATIONS, DAMAGES, LIABILITIES, COSTS AND EXPENSES (INCLUDING REASONABLE ATTORNEYS' FEES) ARISING OUT OF OR IN CONNECTION WITH THE OTHER PARTY'S VIOLATION OF ANY APPLICABLE LAWS OR REGULATIONS.

(r) EXCEPT AS EXPRESSLY PROVIDED HEREIN, EACH PARTY SHALL INDEMNIFY, DEFEND AND HOLD HARMLESS THE OTHER PARTY AND ITS RESPECTIVE OFFICERS, DIRECTORS, EMPLOYEES, AGENTS AND AFFILIATES FROM AND AGAINST ANY CLAIMS, DEMANDS, ACTIONS, SUITS, PROCEEDINGS, CONTROVERSIES, OBLIGATIONS, DAMAGES, LIABILITIES, COSTS AND EXPENSES (INCLUDING REASONABLE ATTORNEYS' FEES) ARISING OUT OF OR IN CONNECTION WITH THE OTHER PARTY'S BREACH OF ANY WARRANTY.

(s) EXCEPT AS EXPRESSLY PROVIDED HEREIN, EACH PARTY SHALL INDEMNIFY, DEFEND AND HOLD HARMLESS THE OTHER PARTY AND ITS RESPECTIVE OFFICERS, DIRECTORS, EMPLOYEES, AGENTS AND AFFILIATES FROM AND AGAINST ANY CLAIMS, DEMANDS, ACTIONS, SUITS, PROCEEDINGS, CONTROVERSIES, OBLIGATIONS, DAMAGES, LIABILITIES, COSTS AND EXPENSES (INCLUDING REASONABLE ATTORNEYS' FEES) ARISING OUT OF OR IN CONNECTION WITH THE OTHER PARTY'S NEGLIGENCE OR GROSS NEGLIGENCE.

(t) EXCEPT AS EXPRESSLY PROVIDED HEREIN, EACH PARTY SHALL INDEMNIFY, DEFEND AND HOLD HARMLESS THE OTHER PARTY AND ITS RESPECTIVE OFFICERS, DIRECTORS, EMPLOYEES, AGENTS AND AFFILIATES FROM AND AGAINST ANY CLAIMS, DEMANDS, ACTIONS, SUITS, PROCEEDINGS, CONTROVERSIES, OBLIGATIONS, DAMAGES, LIABILITIES, COSTS AND EXPENSES (INCLUDING REASONABLE ATTORNEYS' FEES) ARISING OUT OF OR IN CONNECTION WITH THE OTHER PARTY'S VIOLATION OF ANY APPLICABLE LAWS OR REGULATIONS.

(u) EXCEPT AS EXPRESSLY PROVIDED HEREIN, EACH PARTY SHALL INDEMNIFY, DEFEND AND HOLD HARMLESS THE OTHER PARTY AND ITS RESPECTIVE OFFICERS, DIRECTORS, EMPLOYEES, AGENTS AND AFFILIATES FROM AND AGAINST ANY CLAIMS, DEMANDS, ACTIONS, SUITS, PROCEEDINGS, CONTROVERSIES, OBLIGATIONS, DAMAGES, LIABILITIES, COSTS AND EXPENSES (INCLUDING REASONABLE ATTORNEYS' FEES) ARISING OUT OF OR IN CONNECTION WITH THE OTHER PARTY'S BREACH OF ANY WARRANTY.

(v) EXCEPT AS EXPRESSLY PROVIDED HEREIN, EACH PARTY SHALL INDEMNIFY, DEFEND AND HOLD HARMLESS THE OTHER PARTY AND ITS RESPECTIVE OFFICERS, DIRECTORS, EMPLOYEES, AGENTS AND AFFILIATES FROM AND AGAINST ANY CLAIMS, DEMANDS, ACTIONS, SUITS, PROCEEDINGS, CONTROVERSIES, OBLIGATIONS, DAMAGES, LIABILITIES, COSTS AND EXPENSES (INCLUDING REASONABLE ATTORNEYS' FEES) ARISING OUT OF OR IN CONNECTION WITH THE OTHER PARTY'S NEGLIGENCE OR GROSS NEGLIGENCE.

(w) EXCEPT AS EXPRESSLY PROVIDED HEREIN, EACH PARTY SHALL INDEMNIFY, DEFEND AND HOLD HARMLESS THE OTHER PARTY AND ITS RESPECTIVE OFFICERS, DIRECTORS, EMPLOYEES, AGENTS AND AFFILIATES FROM AND AGAINST ANY CLAIMS, DEMANDS, ACTIONS, SUITS, PROCEEDINGS, CONTROVERSIES, OBLIGATIONS, DAMAGES, LIABILITIES, COSTS AND EXPENSES (INCLUDING REASONABLE ATTORNEYS' FEES) ARISING OUT OF OR IN CONNECTION WITH THE OTHER PARTY'S VIOLATION OF ANY APPLICABLE LAWS OR REGULATIONS.

(x) EXCEPT AS EXPRESSLY PROVIDED HEREIN, EACH PARTY SHALL INDEMNIFY, DEFEND AND HOLD HARMLESS THE OTHER PARTY AND ITS RESPECTIVE OFFICERS, DIRECTORS, EMPLOYEES, AGENTS AND AFFILIATES FROM AND AGAINST ANY CLAIMS, DEMANDS, ACTIONS, SUITS, PROCEEDINGS, CONTROVERSIES, OBLIGATIONS, DAMAGES, LIABILITIES, COSTS AND EXPENSES (INCLUDING REASONABLE ATTORNEYS' FEES) ARISING OUT OF OR IN CONNECTION WITH THE OTHER PARTY'S BREACH OF ANY WARRANTY.

(y) EXCEPT AS EXPRESSLY PROVIDED HEREIN, EACH PARTY SHALL INDEMNIFY, DEFEND AND HOLD HARMLESS THE OTHER PARTY AND ITS RESPECTIVE OFFICERS, DIRECTORS, EMPLOYEES, AGENTS AND AFFILIATES FROM AND AGAINST ANY CLAIMS, DEMANDS, ACTIONS, SUITS, PROCEEDINGS, CONTROVERSIES, OBLIGATIONS, DAMAGES, LIABILITIES, COSTS AND EXPENSES"
UnionDentalHoldingsInc_20050204_8-KA_EX-10_3345577_EX-10_Affiliate Agreement.pdf,"This agreement outlines the terms and conditions of a business partnership between UNION DENTAL CORP. and George D. Green, as Business Affiliate. The purpose of this agreement is to establish an independent contractor relationship for the performance of services under the contract. Key obligations include the return or destruction of confidential information upon termination, indemnification against losses arising from unauthorized use or disclosure of confidential information, and compliance with all applicable laws and regulations. The parties acknowledge that George D. Green will not be treated as an employee of UNION DENTAL CORP. for federal tax purposes and will be responsible for making all necessary payments and withholdings. Upon termination, each party must return or destroy the other's confidential information in their possession.","5. Term and Termination.

a. Term. This Agreement shall become effective on the Effective Date and shall continue in effect until either Party informs the other Party with thirty (30) day prior written notice of termination of this Agreement.

b. Termination. UDC may immediately terminate this Agreement without notice and any related agreement if it determines that the Business Affiliate has breached a material provision of this Agreement or if the activities contemplated under this Agreement will result in a violation of any federal or state law or if such Services would, in the opinion of UDC and its counsel. Alternatively, UDC may choose to: (i) provide the Business Affiliate with ten (10) days written notice of the existence of an alleged material breach  and (ii) afford the Business Affiliate an opportunity to cure said alleged material breach upon mutually agreeable terms. Failure to cure in the manner set forth in this paragraph is grounds for the immediate termination of the Agreement.

c. Effect of Termination. Upon termination of this Agreement, for any reason, each Party hereto shall return to the other Party, or destroy, all of such Party's Confidential Information in the possession of the other Party. This provision shall apply to Confidential Information that is in the possession of subcontractors or agents of each Party. Each Party shall retain no copies of the Confidential Information of the other Party except as may be required by law.","1. Definitions. A Confidential Information@ shall mean any and all information that a Party may reasonably expect to remain confidential and not shared with the general public at any time or that information that is protected by law.

2. Services. It is anticipated that the Business Affiliate will provide services both for clients of the Business Affiliate and UDC that involve the use and disclosure of Confidential Information (the ""Services""). Except as otherwise specified herein, the Parties may make any and all uses of Confidential Information necessary to perform the Services. Additionally, the Parties may disclose Confidential Information for the purposes authorized by this Agreement only (a) to its employees, subcontractors and agents, in accordance with this Agreement, or (b) as directed by the other Party.

3. Responsibilities of the Parties. With regard to its use and/or disclosure of Confidential Information, each Party hereby agrees to do the following: a. Use and/or disclose the Confidential Information only as permitted or required by this Agreement or as otherwise required by law  1 b. Report to the other Party, in writing, any use and/or disclosure of the Confidential Information that is not permitted or required by this Agreement of which a Party becomes aware within five (5) days of a Party=s discovery of such unauthorized use and/or disclosure  c. Use appropriate safeguards to maintain the security of the Confidential Information and to prevent unauthorized use and/or disclosure of such Confidential Information  d. Require all of its employees, representatives, subcontractors or agents that receive or use or have access to Confidential Information under this Agreement to agree in writing to adhere to the same restrictions and conditions on the use and/or disclosure of Confidential Information that apply herein, including the obligation to return or destroy the Confidential Information as provided under paragraph g of this Section 3. e. Make available, during normal business hours, at a Party=s offices all records, books, agreements, policies and procedures relating to the use and/or disclosure of Confidential Information that is subject to this Agreement, to the other Party within ten (10) days of a Party's written request, for the purpose of enabling a Party to verify the other Party's compliance with the terms of this Agreement  f. Within fifteen (15) days of receiving a written request from a Party, provide to the other Party such information as is requested by a Party to permit the other Party to respond to a request by the subject individual for amendment and accounting purposes of the disclosures of the individual's Confidential Information  g. Return to a Party or destroy, as requested by a Party, within fifteen (15) days of the termination of this Agreement, any Confidential Information provided to such Party and in its possession and retain no copies or back-up tapes  h. Parties agrees to mitigate, to","6. Indemnification. The Parties hereby covenant and agree to indemnify and hold harmless each other, it's agents and representatives from and against any and all losses, costs, expenses, liabilities, claims, demands, judgments and its settlements of every nature that are actually incurred by a Party, including without limitation reasonable attorney's fees for pre-trial, trial, appellate, judgment, post-judgment, execution, and alternative dispute resolution, which arise out of any use or disclosure of Confidential Information not specifically permitted by this Agreement or arise out of the services rendered by Business Affiliate. The provisions of this Paragraph 6 shall survive the termination of this Agreement for whatever reasons whatsoever."
UsioInc_20040428_SB-2_EX-10.11_1723988_EX-10.11_Affiliate Agreement 2.pdf,"Network 1 Financial Corporation and USIO, INC. enter into a contract for an ISO program, where USIO acts as the service provider to customers of Network 1. The purpose of the agreement is to establish the terms and conditions under which USIO will provide services to Network 1's customers. Key obligations include USIO's responsibility to obtain merchant applications, sell or lease equipment and products, and receive compensation for its services. Network 1 agrees to pay USIO a fee based on surplus funding after costs, as outlined in Exhibit A. The agreement has a term of one hundred eighty days, which will automatically renew for successive one-year terms unless terminated by either party with thirty days' written notice. Termination can occur due to default, insolvency, bankruptcy, or other specified causes. Financial terms include an Exit Fee of $250,000 and payments made on or before the 25th of each calendar month.","5.02 TERMINATION. Agreement may be terminated prior to the conclusion of the Term by giving written notice of termination: A. By either party as a result of default by the other party under this Agreement and failure to cure said default within thirty (30) days after notice of said default is given. B. By either party in the event of insolvency, receivership, voluntary or involuntary bankruptcy or an assignment for the benefit of creditors of or by the Affiliate other than in the ordinary course of business. However, Affiliate may pledge or otherwise collateralize assets for the purpose of securing commercial loans or lines of credit in the ordinary course of business provided that such pledge is subordinate to an security interest associated with the Merchant accounts and/or losses from such accounts. C. By Affiliate in the event of any changes in the Affiliate's Fee (other than direct pass through increases related to Visa and MasterCard interchange, fees, assessments and dues, processor communication costs, and other direct increases including terminal hardware). D. By Network 1, for cause. For purpose hereof  ""cause"" shall consist of (i) fraud, intentional misrepresentation or negligence by Affiliate or any Contractor located by Affiliate in compiling or providing any information submitted to or relied on by Network 1 to Network 1, whether or not such fraud or misrepresentation is based on a misstatement, omission, a substantive fact, or data  (ii) intentional violations by the Affiliate or any Contractor(s) located by Affiliate of any of the rules or regulations of VISA USA, International and MasterCard International.","9. CONFIDENTIALITY AND PROPRIETARY INFORMATION 

9.1 CONFIDENTIAL INFORMATION. Affiliate acknowledges that certain information provided by Network 1 to Affiliate is confidential and proprietary in nature (""Confidential Information""). Confidential Information includes, without limitation, all trade secrets, know-how, business methods, processes, techniques, software, documentation, marketing materials, customer lists, pricing information, and other business-related information of Network 1. 

9.2 NON-DISCLOSURE OBLIGATIONS. Affiliate agrees to hold the Confidential Information in strict confidence and not disclose it to any third party without the prior written consent of Network 1. Affiliate shall use the Confidential Information solely for the purpose of performing its obligations under this Agreement. 

9.3 PROTECTIVE MEASURES. Affiliate shall take all necessary precautions to protect the confidentiality of the Confidential Information, including but not limited to, limiting access to such information to those employees who have a need-to-know and ensuring that such employees are aware of and agree to maintain the confidentiality of the Confidential Information. 

9.4 RETURN OF CONFIDENTIAL INFORMATION. Upon termination or expiration of this Agreement for any reason, Affiliate shall promptly return all Confidential Information in its possession to Network 1.","9. WARRANTIES

9.1 WARRANTY DISCLAIMER.
Network 1 makes no warranties, express or implied, with respect to the services provided hereunder, including without limitation any warranty of merchantability or fitness for a particular purpose.

9.2 LIMITATION OF LIABILITY.
In no event shall Network 1 be liable for any indirect, special, incidental or consequential damages (including but not limited to loss of profits, business interruption, loss of data or otherwise) arising out of the use of or inability to use the services provided hereunder, even if Network 1 has been advised of the possibility of such damages.

9.3 INDEMNIFICATION.
Affiliate shall indemnify and hold harmless Network 1, its officers, directors, employees and agents from any and all claims, demands, actions, suits, proceedings, liabilities, losses, costs and expenses (including reasonable attorneys' fees) arising out of or related to:

(i) Affiliate's breach of this Agreement;

(ii) Affiliate's negligence or willful misconduct in performing its obligations under this Agreement;

(iii) Any claim by a third party that the services provided hereunder infringe any patent, copyright, trademark or other proprietary right of such third party; and

(iv) Any claim by a third party arising out of or related to Affiliate's use of the Network 1 name.

9.4 LIMITATION OF LIABILITY.
Network 1's liability for damages under this Agreement shall be limited to direct damages not to exceed the amount of fees paid by Affiliate to Network 1 hereunder in the twelve (12) month period preceding the event giving rise to such claim.

9.5 INDEMNIFICATION PROCEDURE.
In the event that Affiliate is required to indemnify Network 1 under Section 9.3, Affiliate shall promptly notify Network 1 of such requirement and cooperate with Network 1 in the defense of any action or proceeding brought against Network 1."
